:040000006F009003FA
:1000040000000000000000009000002054030020C5
:10001400A9BDF9F5900000200000000000000000D8
:10002400900000209000002000000000000000006C
:10003400900000200000000090000020000000005C
:1000440090000020EA000020920000209000002090
:10005400900000209000002090000020000000008C
:1000640090000020900000209000002090000020CC
:1000740090000020900000209000002090000020BC
:1000840090000020900000209000002090000020AC
:1000940001A0371700408357E70993F70704A9C362
:1000A4008327470C0327470C9386018193F70704A2
:1000B4003336F000058B6317E6029842050723A840
:1000C400E180894591E38D4513050004971000E014
:1000D400E780C01CB717004013070004239FE708FC
:1000E4007300203098427D17D9BFB717004003D75B
:1000F400C709418B1DCF03A7470A83A7470A9386E5
:100104004181418B95833336E000858B6315F6027C
:100114009C42850723AAF180894511E38D45414519
:10012400971000E0E780600FB71700404147239E17
:10013400E708730020309C42FD17E9BFB7F70700BA
:100144000111944B13078008F337078093F787084E
:100154003EC20F100000B71700401308700523803B
:100164000705930580FA2380B7040F10000003C627
:10017400B7041376F60DA385C7042380070412463B
:10018400732606800F1000001376050255CEF33651
:10019400078093F6860836C40F10000023800705F5
:1001A4002380B7040F100000B70614007D89558D15
:1001B40088C7010001000100010023800704A24652
:1001C400F3A606800F1000007337078013778708A3
:1001D4003AC60F100000238007052380B7040F10D0
:1001E40000000F1000003727004093061005A303FA
:1001F400D78023800704B247F3A707800F100000BD
:1002040093078008F3B7078093F787083ECE0F1053
:100214000000B7170040130770052380E704130795
:1002240080FA2380E7040F10000003C7B7041367A4
:100234000708A385E70423800704F247F3A7078090
:100244000F100000056182801376050459C27336CD
:1002540007801376860832C80F1000002380070534
:100264002380B7040F100000370614001306060499
:100274007D89518D88C701000100010001002380A0
:1002840007044246732606800F1000007337078068
:10029400137787083ACA0F100000238007052380CC
:1002A400B7040F100000A54793F6F60F639EF600FF
:1002B400B727004013073005A383E780B717004032
:1002C40023800704D2470DBFB7270040130720053A
:1002D400E5B773370780137787083ACC0F1000000F
:1002E400238007052380B7040F1000009847136785
:1002F400070C98C723800704E247FDBD011181461E
:1003040001468145114506CE7D2A93078008F3B73F
:10031400078093F787083EC60F100000B717004008
:10032400130770052380E704130780FA2380E7048A
:100334000F10000003C76704136717002383E70443
:1003440023800704B247F3A707800F100000F24090
:100354000561828041118146014681451145A522EE
:1003640013078008F337078093F787083EC40F10FC
:100374000000B7170040130670052380C7049306D6
:1003840080FA2380D7040F100000FD552396B7028E
:1003940023800704A245F3A505800F1000007337DE
:1003A4000780137787083AC60F1000002380C7041C
:1003B4002380D7040F10000003C7670413671700D6
:1003C4002383E70423800704B247F3A707800F10B1
:1003D400000001A0BD473305F50201007D1575FD40
:1003E4008280411122C426C206C6AA84014463172E
:1003F4009400B240224492444101828005041305D2
:10040400803E4204C13F4180DDB723030480154789
:100414002303E48001002302A48082808307648094
:10042400E3CE07FE23030480828083076480E3CE47
:1004340007FE03454480828083076480E3CE07FE81
:100444002302A4808280411126C44AC24EC006C63B
:100454001377F50BAD47AA892E8995446306F700F7
:1004640019456537653F8D444E854537FD59FD1463
:1004740063983401B240A244124982494101828006
:10048400135509011375F50F453F2209CDB7011125
:1004940026CC06CEB704080051371545BD37713751
:1004A40069372AC6A53F32459377150089EB136552
:1004B40015001375F50FF240E24405618280FD14C6
:1004C400E9FC0145CDBF397126DC4ADA4ED852D653
:1004D40056D45AD25ED006DE62CE66CCB7E700E0D0
:1004E4007D5783AA070022C603AA470023A0E71862
:1004F40023A2E718B7170040130770052380E70409
:10050400130780FA2380E70483C74704930B75FF1E
:10051400B684E20793FBFB0F8546AA892E8B3289AA
:1005240037240040E187015763FA76016308D50058
:100534008946130700026313D5000157D98F93F737
:10054400F70FB71C00402382FC0411472303E48007
:100554001305F00F5D3D094CD135636D7C11B70572
:100564000700DA9537870700795563F2E504B38706
:100574009500636EF702370B0800A94733EB65015A
:100584006399F90689E48144513D26850DA0DA85F5
:100594000945553D05090345F9FFFD14050B693D62
:1005A40081C49377FB0FFDF7DD3569FD7D55B717E2
:1005B4000040130770052380E704130780FA2380A3
:1005C400E70403C74704418B2382E704F250B7E7EB
:1005D40000E023A0571123A24711E2543244525998
:1005E400C259325AA25A125B825B724CE24C2161AC
:1005F4008280A5476395F90685691309F00FB30650
:100604009900B3742B01B6941349F9FFB37499009C
:10061400856B33796901416B9387F9FFB3F7270140
:1006240099E363FC340193D94900C147E3E637FFFA
:1006340099BF0569C1697D19D9B71305800D638810
:100644006901130500026384790113051008CA8542
:10065400DD3B353D21DD4E99B3843441D9B7DA858C
:100664002D45D533CA94E30099F205097D3BA30FC8
:10067400A9FED5BF9387F9FF93F7F70F6361FC0CCD
:1006840083C71C0413073008631FF70437070800E7
:10069400636BEB04B3079B00B706100063F5D70444
:1006A400334BEB0089476393F9068980D549E38C82
:1006B40004ECDA850945413B11090327C9FF914739
:1006C4002320E48003076480E34E07FE2303348180
:1006D400FD17EDFBFD14110B81C49377FB0FE9FFAC
:1006E4007D3371F5E1B5B717004003C75704B70769
:1006F40008001377070219E3B78707007955E378F1
:10070400FBEA33079B00E3FFE7F855B58547E3822F
:10071400F9F2DA852D45053B9389F4FFE38504E678
:10072400293393F7390091EB8326048003270900CA
:1007340093074900E39AE6E43E89CE84F1BFB547C6
:100744006396F9001305900BC93135BDB147130504
:10075400B00AE38BF9FE99476391F904B7050800E1
:10076400B365BB002D45C53181448D4BA149753915
:1007740063967401832704802320F9008504E39899
:1007840034FF8327048013172B01635507002312BA
:10079400F900D5BB2322F900FDB39D476399F90203
:1007A40081451305B0044531BD44232009002322AB
:1007B4000900FD599D3993F77400CA9703C70700D0
:1007C400FD14398D2380A700E39634FF6DBBA14748
:1007D4006392F9046D398144630D0B008D479304D2
:1007E400C0036308FB009304000563048B019304B6
:1007F40040041375C507E30895D8194539313939CB
:100804000545213126850D3909453D314931E31C22
:1008140005D669BB91476399F90013056006F5365F
:10082400F53E130590090DB7E38F09D4F154A9BB24
:10083800971100209381811917610020130101FC91
:100848001305400097F5FF1F9385457B1706002089
:100858001306C6FD63FAC5008322050023A05500D0
:1008680011059105E3EAC5FE17A500001305C507A4
:1008780097050020938585FB1386018163FAC500DF
:100888008322050023A0550011059105E3EAC5FE62
:1008980013850181938541876377B500232005007F
:1008A8001105E36DB5FEFD42739002BC8D42739055
:1008B8004280930280087390023097F2FF1F938260
:1008C800E27393E2320073905230970200009382F1
:1008D800422973901234730020303D432A87637392
:1008E800C3029377F700BDEFADE5937606FF3D8A27
:1008F800BA960CC34CC30CC74CC74107E36BD7FE71
:1009080011E28280B306C3408A06970200009696D9
:100918006780A6002307B700A306B7002306B70021
:10092800A305B7002305B700A304B7002304B70045
:10093800A303B7002303B700A302B7002302B7003D
:10094800A301B7002301B700A300B7002300B70035
:10095800828093F5F50F93968500D58D93960501C2
:10096800D58D61B7939627009702000096968682E8
:10097800E78086FA9680C1171D8F3E96E374C3F808
:10098800A5B741118D453D6506C622C4EF006073C9
:10099800371400408327C40A0D678545D98F23265D
:1009A800F40A13051004EF00207C854513050003A5
:1009B800EF002071894513050004EF00700D89458B
:1009C8004145EF00D004B7E700E03707040023A053
:1009D800E7103707020023A0E7103D65B75700402E
:1009E8001147A381E700130505A6EF001013814600
:1009F800014681450545EF00D013814601468145F2
:100A08000945EF0010138327840A1167B240D98F74
:100A18002324F40A8327840A2167D98F2324F40A1C
:100A2800224441018280411122C41794000013041A
:100A3800A4544AC00329040026C206C6CA85AA844B
:100A4800EF80F03D6344A004930500002685EF8005
:100A5800704563490500930500002685EF80303C0A
:100A68006347A0028146014681450545EF00700CA9
:100A7800371700408327C70AB24022448566D58FBE
:100A88002326F70A9244024941018280CA84979733
:100A980000009387A74E8C432685EF8070490C4051
:100AA800EF80D00CEF80F0772244B24092440249A4
:100AB8009315050185460146C181054541016F0031
:100AC8005007411122C4179400001304E44A4AC095
:100AD8000329040026C206C6CA85AA84EF803034DA
:100AE8006344A004930500002685EF80B03B63496A
:100AF8000500930500002685EF8070326347A00249
:100B08008146014681450945EF00B002371700408C
:100B18008327C70AB24022448966D58F2326F70A5D
:100B28009244024941018280CA84979700009387C2
:100B3800E7448C432685EF80B03F0C40EF801003DC
:100B4800EF80306E2244B240924402499315050169
:100B580085460146C181094541016F00807D597173
:100B68001305800486D6D6CADAC8DEC6E2C4E6C251
:100B7800EAC0A2D4A6D2CAD0CECED2CC6EDE97F02E
:100B8800FF1FE780605BD126ED3B23A8018023AAE5
:100B98000180A52E179600001306063F81450145E2
:100BA800C529938A0181138B4181930BC02B179C14
:100BB8000000130C2C3D979C0000938CEC3B179D78
:100BC8000000130DED3B03A90A0083240B00935783
:100BD800F94133C927013309F94093D7F441BD8C52
:100BE8009D8CB3892B41338A9B40635530174E85C2
:100BF800EF80906883250C00EF80903383AD0C0064
:100C08002A84EE85EF80B021634AA000832D0D0071
:100C18002285EE85EF801029635305006E84930DBD
:100C28000000635040055285EF80106583250C0055
:100C3800EF80103003A70C00AA8DBA853AC6EF8062
:100C4800101E3247634CA00003270D006E85BA853D
:100C58003AC6EF803025635405003247BA8D635198
:100C680030112285C9336E85A93D9306C02B4A866B
:100C780097950000938545320808EF0080751008A5
:100C88008545014531219306C02B2686979500009E
:100C9800938545310808EF00C07310088945014560
:100CA800C52E6E85EF80D0512AC62285EF8050511F
:100CB800B2462A86979500009385852F0808EF008D
:100CC800407110088D450145E126634430016358A1
:100CD8004001294597F0FF1FE7806070EDB51305C7
:100CE8000000913313050000E93B05241796000026
:100CF8001306062D81450145612E17990000130939
:100D0800E92C979400009384E42C179400001304B2
:100D1800E42C938701819043CA850808EF00606B33
:100D2800100885450145AD26938741819043A685E6
:100D38000808EF00006A100889450145912E2286AF
:100D48008D450145B1261305400697F0FF1FE78042
:100D58000069C1B713040000A28DE34640ED11B746
:100D680013040000FDBD4111A947A307F100834703
:100D7800F10093F7F70F1387F7FF1377F70FA30720
:100D8800E100F5F741018280411122C43714004087
:100D98008327840C06C693E707012324F40C8327D2
:100DA800840C93E707082324F40C753F8327C40CAD
:100DB80093E707012326F40C7D378327C40CB24040
:100DC80093E707082326F40C22444101828041114D
:100DD80022C4371400408327C40C06C693E70701D2
:100DE8002326F40C8327840C93E707082324F40CA8
:100DF8009D3F8327840CB24093E707012324F40C1A
:100E0800224441018DB7797122D426D206D64AD020
:100E18004ECEA1443714004093178501E18763DA69
:100E280007068327840C93E707012324F40C06059F
:100E38001375F50F2AC6053F8327840CFD1493F418
:100E4800F40F93E707082324F40C313F8327C40CDD
:100E5800324593E707082326F40CDDFC8327840C2E
:100E680093E707012324F40CFD3D8327840C93E7C3
:100E780007082324F40CC53D8327C40CB2509254B0
:100E880093E707082326F40C22540259F2494561D6
:100E980082808327C40C93E707012326F40C41BF03
:100EA800411106C622C42A84C53513058007A13F0F
:100EB8000145913F2285813F2244B240410101BF53
:100EC800411106C622C42A84C13513058007253F6F
:100ED800130500040D3F22853D372244B2404101ED
:100EE800FDB5130505FB41111375F50F06C622C4A0
:100EF8002E847D371375F40065371355440022445A
:100F0800B24013650501410161BF411122C44AC0C5
:100F180006C626C21304000B1309400B2285493765
:100F28000145BD3F4145AD3F930400080145FD140F
:100F3800413FEDFC05041374F40FE31124FFB240A4
:100F48002244924402494101828041118D45130592
:100F5800000906C6112C371700408327870C130594
:100F6800E00A93E707092324F70C1D3F1305000245
:100F7800053F014535371305800C1D3701450D37F1
:100F88004145393F13050004213F13051008093F67
:100F98001305F00F31371305100A19371305600AC6
:100FA80001371305800AED3D7D45DD3D1305300D04
:100FB800C53D0145F5351305500DDD351305000F09
:100FC800C5351305900DE93D13052002D13D1305E4
:100FD800A00DF9350945E9351305B00DD1351305CF
:100FE80000027D3D1305D008653D5145553D13056B
:100FF800F00A7D35B240410109BF01111307F6F926
:1010080006CE22CC26CA4AC84EC61377F70FE54645
:10101800AE8763E5E60001161376F60F011613078F
:1010280080071374F60F6376A700850793F7F70F09
:101038000145AA853E8575359307100463F087023C
:1010480019447D1401451374F40F9D3D7DF8F24059
:101058006244D2444249B24905618280154633044C
:10106800C402814497990000938949F81549B30748
:101078009400CE9703C5070085049935E39924FFAA
:101088006244F240D2444249B249014505610DBD6E
:10109800411122C426C24AC006C62A842E89B284B7
:1010A80003C6040019E6B2402244924402494101B1
:1010B80082802285CA85190489371374F40F850440
:1010C800C5B7914763EEB702179700001307870467
:1010D8008A05BA959C41BA978287B717004003A73B
:1010E800470B1345F5FF698F23AAE70A03A7070BE8
:1010F800698F23A8E70A03A7070A798D23A0A70AFF
:101108008280B717004083A6470B1347F5FFF98E77
:1011180023AAD70A83A6070B558D23A8A70A83A657
:10112800070A758F23A0E70A8280B717004003A734
:10113800470B498F23AAE70A03A7070B1345F5FFB7
:1011480045BFB717004083A6470B1347F5FF758FB8
:1011580023AAE70A03A7070A598D4DB7B717004016
:1011680003A7470B498FEDB7914763EEB70217976F
:101178000000130767FB8A05BA959C41BA978287D6
:10118800B717004003A7470D1345F5FF698F23AA3A
:10119800E70C03A7070D698F23A8E70C03A7070C23
:1011A800798D23A0A70C8280B717004083A6470D2E
:1011B8001347F5FFF98E23AAD70C83A6070D558D83
:1011C80023A8A70C83A6070C758F23A0E70C8280A1
:1011D800B717004003A7470D498F23AAE70C03A7B9
:1011E800070D1345F5FF45BFB717004083A6470D08
:1011F8001347F5FF758F23AAE70C03A7070C598D32
:101208004DB7B717004003A7470D498FEDB79317A0
:1012180005010547C1836382E5048DC10947638DD4
:10122800E5040D476380E50637170040231EF708DD
:1012380083560709D58F2318F7088280371700408F
:101248000356470993C6F7FFF18E231AD70883265A
:10125800C70A558D2326A70AC1BF37170040035672
:10126800470993C6F7FFF18E231AD7088326870A02
:10127800558D2324A70A4DBF3717004083564709C9
:10128800DD8EE1B73717004083564709DD8EE9BF89
:101298009357E50093F70730C98FC2070547C18305
:1012A8006382E5048DC10947638DE5040D476380BA
:1012B800E50637170040231FF70883562709D58FFF
:1012C8002319F7088280371700400356670993C629
:1012D800F7FFF18E231BD7088326C70C558D2326CD
:1012E800A70CC1BF371700400356670993C6F7FF1D
:1012F800F18E231BD7088326870C558D2324A70C32
:101308004DBF3717004083566709DD8EE1B73717A1
:10131800004083566709DD8EE9BF37570040834791
:10132800270093F7070F93E7C7002301F70048CB7F
:10133800828099EAB757004003C707001345F5FFB5
:10134800798D2380A70082803757004039C28347B0
:101358001700C98FA300F7003757004081470D4891
:10136800930887009306470019463357F540058BC5
:1013780001CB139717006364F80236972310B70060
:101388008507E394C7FEB757004003C70700598D88
:101398004DBF834617009347F5FFF58F65BF469706
:1013A800F1BF97070020938767E29C431387418723
:1013B8003E95636EE50017570020130727246368DE
:1013C800A700170700202323A7E03E858280FD574A
:1013D800EDBFAA8E17050020130585DF357108417A
:1013E800130E81083ECB37030080C1771343F3FF08
:1013F80032C536C7938787202E86F2862C0086DE74
:101408003ECA3AC942CD46CF76C476CC1ACE1AC85F
:1014180072C23920A24723800700F6500D618280EE
:1014280041712326111E2324811E2324811D2E840D
:101438002EC4328C36C82322911E2320211F232E2E
:10144800311D232C411D232A511D2328611D2326CC
:10145800711D2322911D2320A11D232EB11B2AD2E9
:10146800EF4080041C413E853ED8EF40500B835727
:10147800C4002AD482D982DB82DD82DF93F7070891
:1014880089C71C4899E36F106000E28C03C70C0001
:101498007C02BED382D782D502CC02D602DC02DE21
:1014A80082C082C202C2C14B3E8D125A6305072A0E
:1014B80093065002E303D76E668421A06388D70A97
:1014C8004A848347140013091400EDFBB3049941BF
:1014D80063830428BE562E5723209D01A696050730
:1014E80023229D00B6D7BAD59D46210D63C4E608D0
:1014F800924703471400A6973EC2630E07247D5304
:1015080093041900034E1900A303010C0144014977
:10151800A549130BA0021A8C8504F28A1307A005AB
:1015280093870AFE6367F71697960000938606C1AD
:101538008A07B6979C43B69782875285EF30D07654
:101548005C413E85BEC2EF40807DAAC0AA8A528512
:10155800EF3090751C453EDEE3900A6E03CE040022
:1015680065BF1369090203CE04007DB7B30499412E
:10157800D9D48DB7A245D0115285EF40300A0DE17C
:10158800130DC110B5B7A245D0115285EF4010090F
:1015980063080560B24789C7B2451255EF10304F4E
:1015A800A24783D7C70093F7070499C36F10B01FEA
:1015B8008320C11E0324811E12458324411E032952
:1015C800011E8329C11D032A811D832A411D032B66
:1015D800011D832BC11C032C811C832C411C032D52
:1015E800011C832DC11B7D61828097970000938722
:1015F800A7CC3ED6937709026283C5CFC2479D0721
:10160800E19B03AC070083AD4700138787003AC806
:101618009377190089C7B367BC01E394075E937990
:10162800F9BF8947A303010C7D576304E37033674F
:10163800BC0113F9F9F7E317073CE31803086391B2
:10164800074813FB1900930C011BE3130B5883463F
:10165800710CDA8963536B009A8902C602D002CEF4
:1016680002CA63860648850959A1014493860AFD82
:1016780085049317240083CAF4FFA297860733844E
:10168800F60093860AFDE3F5D9FE93870AFEE37D0B
:10169800F7E863820A0C23065115A303010C35A948
:1016A80097970000938787C23ED693770902628393
:1016B800B1F7424793770901032C070011073AC88D
:1016C800E394075293770904E38C0750420C135CA8
:1016D8000C01814D35BF03CE0400136949002DBDAF
:1016E80093770902628363990776C24613770901E3
:1016F8009387460003AC0600631A0736137709047C
:1017080019E36F10A01D420C135C0C01814D3EC8FB
:10171800B1AFC2469377090213874600E399074C95
:101728009377090199C36F10800F9377090499C3C0
:101738006F10A02813790920631409006F10200E78
:10174800C2473AC812479C43A68C2380E70003C7C8
:101758000C00E31F07D4BE57E38407E42244125564
:10176800D011A285EF40806B8357C4002DBD03CEF6
:1017780004009307C006E304FE501369090169BB1E
:1017880003CE040093078006E304FE4E13690904A0
:1017980061B34247E17793C707832314F10C93079A
:1017A80047003EC897970000938707B162833ED6EB
:1017B800032C0700814D936929008947930A800704
:1017C80095B5137789006283E31A0744C24708195D
:1017D80062C69D07E19B8C43D043A1073EC8EF80BA
:1017E80000364A573243BAD95A57BADB6A57BADD74
:1017F8007A57BADF88191AC6EF303047AAC709479F
:1018080032436314E5006F00707C05476314E500FC
:101818006F100011130710066394EA006F104076EA
:10182800130710046394EA006F10E04193F7FAFD80
:101838007D57BEC46314E3006F10401F1307700484
:101848006394E7006F1040757E5BCACA136709107E
:101858004E5FDE5DEE5E63540B006F10606382CEF8
:101868003A8902C62647930760046314F7006F108D
:10187800C02A930750046314F7006F100069130C13
:10188800010B9C09F8019A861308C10D0946E285E7
:1018980052851ACE7AD97ACC76DD76CA6EDB5ADFD3
:1018A800EF203057A64713077004AA8CD24E624F18
:1018B80072436384E7006F10300CD64713F71700A4
:1018C80019C36F10C06C7E47B30797413ECCBE4723
:1018D800130770043ECAA6476394E7006F10A01769
:1018E800A647130760046394E7006F100034D247DB
:1018F8009305100493F6FA0F1387F7FFA647BAC7A4
:1019080001466396B700BD0693F6F60F0546230A0F
:10191800D10C9306B00263570700D24705479306D8
:10192800D0021D8FA30AD10CA54663C4E6006F1030
:10193800806E1308310E428629451303300619A01C
:101948002E863687B367A7029305F6FF93870703AA
:10195800A30FF6FEB346A702E344E3FE138706038C
:101968001377F70F9306E6FFA38FE5FE63E40601FE
:101978006F10D0029305610D19A003C706008505F5
:101988008506A38FE5FEE39A06FF1307510E93071A
:10199800610D118F3E97D409B307D7403EDCE2476B
:1019A800E2560547338BD7006344F7006F10E072A7
:1019B800A2573E9BD6479349FBFF93D9F94113F9A8
:1019C800F7BF13690910B3793B0102D002CE02CAEE
:1019D800F64799C36F10600D8346710C0143638805
:1019E800061051B1937709026283936909016395DF
:1019F8000748C24791074247814D3EC8032C07005C
:101A080085470DB1C247A303010C628383AC07006D
:101A1800138C4700E38C0C287D57E303E3681A8690
:101A2800814566851AC8EF40800A2AC6424319E1F3
:101A38006F102019B247338B97418346710C934935
:101A4800FBFF93D9F94162C802C602D002CE02CA8E
:101A5800B3793B010143C1CE39B19377090262835F
:101A680013690901639A073EC24791074247814DAE
:101A78003EC8032C0700DDAE1369890003CE0400BD
:101A880061BC9377090262839369090163940740F3
:101A9800C247910742473EC8032C0700935DFC41AB
:101AA8006E8763480726FD576302F340B367BC019E
:101AB80013F9F9F7639B073E630403006F0070771F
:101AC8000143014B930C011B59B64247A303010C78
:101AD8001C4311073AC82306F1148549814602C6FA
:101AE800054B014302D002CE02CA930CC114937F66
:101AF800290063830F008909937D49083E5763963F
:101B08000D00330834416348000B8DC2AE561306EE
:101B1800710C2320CD000507054685062322CD003C
:101B2800BAD7B6D51D46210D6342D61263810F027E
:101B3800AE56B0012320CD000907094685062322A9
:101B4800CD00BAD7B6D51D46210D634FD66A930688
:101B58000008638BDD48330C6341634F80539376F1
:101B680009106397063AAE575A9723209D018507B7
:101B780023226D01BAD7BED59D46210D63C9F666ED
:101B8800137949006306090033093441634F200D76
:101B9800635334014E849247A2973EC2E315079ED1
:101BA800B24782D589C7B2455285EF10406E130DF2
:101BB800C110A68C69BEAE56178C0000130C0C73AE
:101BC80063D70B07A6C4CAC6EA876289668D4E8C9E
:101BD800DA8CA2899D427EDAA2441A8B428421A023
:101BE800411463DB8B024107850623A0270123A24A
:101BF8007701BAD7B6D5A107E3D4D2FED011A6850E
:101C08005285EF40A021E317059841143E57AE5680
:101C18007C029D42E3C98BFC2288D25F4E84A64495
:101C2800E2894A8C36495A83668BEA8C3E8D429704
:101C3800850623208D0123220D01BAD7B6D51D466E
:101C4800E34CD628210D8346710CC1B5A245D011AD
:101C580052859AC47EDAEF40601CE31D05923E5718
:101C6800130DC1102643D25FD1B5AE57178C0000B3
:101C7800130CCC6763D12B051D4BA24A21A0411937
:101C880063DB2B034107850723208D0123227D0178
:101C9800BAD7BED5210DE354FBFED011D6855285A7
:101CA800EF40C017E318058E41193E57AE57130D84
:101CB800C110E3C92BFD4A97850723208D012322F4
:101CC8002D01BAD7BED59D46E3D4F6ECA245D01176
:101CD8005285EF40A014E31F058A3E5755BD937700
:101CE800090262836397071AC247137709019107AC
:101CF80019C36F10404A13770904E30B073E4247A4
:101D08003EC8CA89031C0700935DFC416E87E35CEB
:101D180007D8330C8041B3378001B30DB041B38D80
:101D2800FD409307D002A303F10C7D578547E310CC
:101D3800E3900547638CE7160947638FE718141B80
:101D480011A0E6869397DD0113777C00135C3C00B5
:101D58001307070333EC870193DD3D00A38FE6FEED
:101D6800B367BC01938CF6FFE9FF13F61900630B08
:101D78000618130600036307C718F9161C1BA38F60
:101D8800CCFE338BD7404E89B68CD1B09307B002C6
:101D9800A303F10C03CE04006FF00FF8C24703CE83
:101DA8000400804391073EC8635804F6330480401A
:101DB800136949006FF04FF61369090803CE040050
:101DC8006FF08FF583CA04009387140063946A0147
:101DD8006F10E03893860AFDBE84014C63E2D9F4A3
:101DE800850493172C0083CAF4FFE2978607338C87
:101DF800D70093860AFDE3F5D9FE6FF06FF21369F9
:101E0800190003CE04006FF02FF18347710C03CE45
:101E18000400639307F093070002A303F10C6FF02B
:101E2800AFEF937709026283B9E7C24613770901D6
:101E38009387460003AC060019C36F10603513770B
:101E48000904E304072C420C3EC8135C0C01814DC5
:101E5800CA8985476FF00FFDC2479D07E19B03AC18
:101E6800070083AD4700138787003AC89379F9BF05
:101E780081476FF02FFBCA89C2479D07E19B1387F3
:101E8800870003AC070083AD47003AC885476FF069
:101E98006FF9CA89C2479D07E19BD843938687009B
:101EA80036C803AC0700BA8DEDBECA89E3950D06A6
:101EB800A547E3E28707130C0C03A307811B4E8990
:101EC800054B930CF11A6FF08FF80547E383E7365B
:101ED8000947CA89E395E7E6B256930C011B937745
:101EE800FC00B69783C707001397CD01135C4C001D
:101EF800FD1C336C870193DD4D002380FC00B36724
:101F0800BC01F1FF1C1B338B97414E896FF02FF4F6
:101F18009306500663DD5621CE560C11081936D9A2
:101F2800DE563ADA02D136DBEE5602D302D536DD7A
:101F3800FE5602D736DFEF50A02F52576313052EF7
:101F4800AE57978600009386263A05072320DD00C2
:101F5800850785462322DD00BAD7BED51D47210D4A
:101F6800634FF778BE47624763C7E7009377190066
:101F780099E33E5731B1C257A2563E572320FD0080
:101F8800AE5736972322DD008507BAD7BED59D46C2
:101F9800210D63C4F64CE247138BF7FFE35260BF91
:101FA800AE5763DE6B7F1D4CA24A21A0411B63D84C
:101FB8006B7F410785079786000093862634232088
:101FC800DD0023227D01BAD7BED5210DE350FCFEEA
:101FD800D011D6855285EF307064631D05DA3E57FF
:101FE800AE57130DC110D9B7330C3441E35580B740
:101FF800AE5663D38B0726DAEA87E284668D4E8C69
:10200800DA8CA2899D4D22441A8B21A0C11463DD6C
:102018009B0241078506178600001306262E90C3EB
:1020280023A27701BAD7B6D5A107E3D1DDFED01137
:10203800A2855285EF30905E631E05D4C1143E57C9
:10204800AE567C02E3C79BFC4E84E289268CD254B0
:102058005A83668BEA8C3E8D6297850697870000C7
:102068009387C7292320FD0023228D01BAD7B6D52F
:102078001D46210DE351D6AEA245D01152851ADA7C
:10208800EF30D059631805D052533E57130DC11085
:10209800330C6341E35580ADAE5663DF8B0526DA1A
:1020A8009D4DE2845A8C4E8BA289224421A0C114F2
:1020B80063DF9B0241078506978700009387072403
:1020C8002320FD0023227D01BAD7B6D5210DE3D008
:1020D800DDFED011A2855285EF305054631C05CA2D
:1020E800C1143E57AE56130DC110E3C59BFC4E8478
:1020F800DA89628B268CD25462978506978700000E
:102108009387C71F2320FD0023228D01BAD7B6D598
:102118001D46210DE355D6A4A245D0115285EF30B6
:10212800F04F631905C63E57130DC1100DBC2E564E
:10213800E247854623209D010507130B1600130C63
:102148008D0063D6F61E85462322DD00BAD7DAD580
:102158009D4663C76625A257C256050B3E972320A6
:10216800DC002322FC00BAD7DAD59D46210C63C5D2
:102178006625CE56E24713081B0036D9DE560C11E9
:10218800081936DBEE563AD0C28A36DDFE5642CE04
:1021980002D136DF9386F7FF36CA02D302D502D7BB
:1021A800EF500009130D8C00D24672480257630F96
:1021B800051893871C0036972320FC002322DC0097
:1021C800BAD7D6D59D4763C2574793070C01930AE0
:1021D8002B006A8C3E8DE256DC092320FC003697E2
:1021E8002322DC00BAD7D6D59D47E3DB5799A24511
:1021F800D0115285EF309042631E05B83E57130D3B
:10220800C110BDBACA8935B6A245D01152851ADAAD
:10221800EF30D040631005B83E57130DC11052532C
:102228003DB23E466354C042D247E2463E8B63C24B
:10223800F622635F6001AE565A9723209D018506FA
:1022480023226D01BAD7B6D51D46210D634DD6722E
:102258009346FBFFD247FD86337BDB00338B674118
:1022680063486027D24793760940B38AFC00639598
:10227800062A3E4BE2476346FB00937619006382C9
:102288000672C256A2571D462320DD00AE563E9761
:102298002322FD008506BAD7B6D5210DE345D61011
:1022A800E246B387DC00338B6641B38757415A8CCB
:1022B80063D367013E8C635F8001AE57629723202A
:1022C8005D01850723228D01BAD7BED59D46210D14
:1022D800E3C7F6109347FCFFFD87B377FC00330B89
:1022E800FB40E35F6089AE5763DB6B4B1D4CA24A32
:1022F80021A0411B63D56B4B4107850797860000DA
:102308009386C6FF2320DD0023227D01BAD7BED5E0
:10231800210DE350FCFED011D6855285EF301030E8
:10232800631A05A63E57AE57130DC110D9B793755A
:102338001900E39A05E02322DD00BAD7DAD59D47D4
:1023480063C5672F930A2600410D71B5E355D0E8A0
:10235800E3D4DB609D4A368DA24C428B29A0411DF7
:1023680063D6AB55050B410797870000938707F99C
:102378002320FC0023227C01BAD7DAD5210CE3D034
:102388006AFFD011E6855285EF305029631405A005
:102398003E572E5B130CC110D9B766896FF02F9684
:1023A800A245D0115285EF3070276315059E3E5720
:1023B8002E5B130CC11045B3A245D0115285EF30E6
:1023C800F0256319059C3E572E5B130CC11055B3BD
:1023D80093070003A307F11A930CF11A6FF02FA7C4
:1023E80093770920639A075E814D6FF06FA21246BA
:1023F8009C423AC89356F64190C3D4C3A68C6FF05A
:102408000FB593070003136929002304F10CA304F3
:10241800510D9379F9BF89476FF0CFA0C247984310
:1024280091073EC80C43504314475847AED9B2DB16
:10243800B6DDBADF6FF00FBCF25703CE0400638D30
:10244800078C83C707006389078C136909406FF0FD
:10245800AF8C368BE34160DFE5BBA245D0115285D6
:10246800EF30D01B631805923E57130DC11025B6E7
:1024780003CE14001369092085046FF0EF8903CE99
:1024880014001369090285046FF00F89125593052A
:102498000004EF308003A24788C388CBE3040550CB
:1024A8002247930700045CCB6FE03FFE99479A8967
:1024B80063E7674E62C802C64E8B8146014302D06D
:1024C80002CE02CA978C0000938C8CE16FF02FE249
:1024D800AE5663D96B479D4A224C21A0411B63D35A
:1024E8006B474107850697870000938727E12320DC
:1024F800FD0023227D01BAD7B6D5210DE3D0DAFE3F
:10250800D011E2855285EF307011631505883E576A
:10251800AE56130DC110D9B7E247724C26CA4ADA33
:10252800A2C482544ECE66D0B38DFC001D4B064922
:102538007254EA86A249964C63050C06ADE47D14F4
:102548007D1CAE574A9723A09601850723A2260132
:10255800BAD7BED5A106634FFB0A03460400B3856C
:102568005D41328D63D3C5002E8D6350A0032E5676
:102578006A9723A05601050623A2A601BAD7B2D5A9
:102588006349CB2203460400A1069345FDFFFD8560
:10259800B377BD00330DF6406349A001B29AE31F3B
:1025A8000CF8638B0448FD1469BF2E5663C6AB0153
:1025B80081A0411D63DEAB03410705069787000034
:1025C8009387C7D39CC223A27601BAD7B2D5A106F6
:1025D800E351CBFED011CE855285EF30300419C1BE
:1025E8006FE05FFB411D3E572E567402E3C6ABFDFC
:1025F8006A97050697870000938747D09CC223A255
:10260800A601BAD7B2D5634CCB4A03460400A1064B
:10261800B29A71B7D011CE855285EF30300019C10A
:102628006FE05FF73E5774020DBFA245D011528587
:10263800EF30C07E19C16FE0FFF52E563E57130DDF
:102648004111930A1600130CC11071B6AE56978546
:102658000000938565C92320BD00050785458506CB
:102668002322BD00BAD7B6D59D45210D63C9D5042F
:10267800631F061AE24793761900DD8E638206D03F
:10268800C256A2571D462320DD00AE563E97232290
:10269800FD008506BAD7B6D593088D006348D636AF
:1026A800E247850623A098013E9723A2F800BAD7EF
:1026B800B6D59D47138D880063D4D7CC0DBEA245EF
:1026C800D0115285EF30807519C16FE0BFEC3E46DE
:1026D8003E57130DC11069BFA245D01152859AC447
:1026E8007EDAEF30A07319C16FE0DFEA8346710C20
:1026F8003E57130DC1102643D25F6FF00FC1A2459C
:10270800D0115285EF30807119C16FE0BFE8130D09
:10271800C1106FF03F85930C011B814713F90940E5
:1027280026C64ECA130BF00FE6891ACCD28CF25487
:102738006E8AEA8D228D3E8419A8294681466285D3
:10274800D285EF301071630A0A382A8C2E8A2946FE
:1027580081466285D285EF40402913050503A38F82
:10276800A9FE0504FD19E30A09FC83C60400E31663
:10277800D4FCE30464FD63160A36A54763E3873790
:10278800668ACE8CD2491C1B624326DE22CCB24418
:102798006A84338B97416E8D4E896FE05FEB978625
:1027A80000009386A6B55A9785072320DD006FF0B1
:1027B8002FBCD011CE855285EF30406619C16FE02D
:1027C8007FDD034604003E577402C1B3CE570C1197
:1027D80008193ED9DE5702D102D33EDBEE5702D5A7
:1027E80002D73EDDFE573EDFEF4010406340053222
:1027F8008346710C13077004978C0000938CCCAA45
:10280800634E571702C602D002CE02CA1379F9F7EF
:102818008D490D4B0143638C06AC6FE0DFE4C24782
:10282800A68C9C433AC8124798C36FE05FF2C25621
:10283800A2579D452320DD00AE563E972322FD007A
:102848008506BAD7B6D593088D0063C1D51CE35960
:1028580006E4C155330BC0406356B66E1D4CA24A00
:1028680021A0411B63D06B6F410785069787000045
:102878009387C7A823A0F80023A27801BAD7B6D5B2
:10288800A108E350DCFED011D6855285EF300059FF
:1028980019C16FE03FD03E57AE569308C110D1B76B
:1028A8006685EF30C0472A8B6FF02F99EA86930A26
:1028B8001B0093078C00369717860000130606A4A2
:1028C8002322DC002320CC00BAD7D6D59D46E3CE00
:1028D80056D5850A138D87003E8CF5B813770920E5
:1028E800630B0710137CFC0F814D3EC86FF00FD8A7
:1028F800137709207DC74247CA893EC8030C0700E1
:10290800935DFC416E876FF0CF99137709205DCFF7
:102918003EC8137CFC0F814DCA8985476FE09FD064
:10292800FE5763CE070C8346710C13077004978C0F
:102938000000938CEC97E35757ED978C0000938C2D
:102948006C97C9B55A978506978700009387079BA8
:102958002320FD0023226D01BAD7B6D51D46210DCF
:10296800E352D690A245D0115285EF30204B19C1C1
:102978006FE05FC23E57130DC110EDB0978C000099
:10298800938CCC9241B5A245D0115285EF300049C5
:1029980019C16FE03FC03E57130DC11055B8994992
:1029A80011BEE246B387DC00338B6641338357415F
:1029B8005A8CE35163931A8C31BAC2473AC812470A
:1029C8009C43A68C2390E7006FE07FD83EC8814DDA
:1029D800CA8985476FE01FC5137CFC0F814D6FE0E6
:1029E8003FC34247CA893EC8032C0700935DFC4198
:1029F8006E876FF00F8B814D3EC86FF02FC793071E
:102A0800D002A303F10C9306D00205B7A245D0115A
:102A18005285EF30A04019C16FE0DFB73E463E5700
:102A2800AE569308C110E35D06C625B519436FE09D
:102A3800BFE1CA896FF02FC8825CE24722DE368D7B
:102A4800B386FC00D24452592644F249E3F3568334
:102A5800B68A6FF01F82D247755763C4E700635880
:102A6800F300F91A93F7FAFDBEC46FE05FE8624716
:102A7800D24763C7E71856473E8B058B01C72257D5
:102A8800338BE700D64713F7074001C7D2476340A7
:102A9800F0529349FBFF93D9F941B3793B01930A6B
:102AA800700602D002CE6FE0BFF21307D002A30374
:102AB800E10C9306D002014385096FF04F83D011D2
:102AC800CE855285EF30803519C16FE0BFAC034623
:102AD80004003E577402B29AD9B4A547E3E787C702
:102AE80045B1864796450144B389F9403E864E85EF
:102AF800EF30402903C814002946814633380001C5
:102B08006285D285C294EF30D03481B19307D00268
:102B1800A303F10C9306D002F1B9130C010B9A86AA
:102B2800F8011308C10D9C090D46E28552851ACE9D
:102B38007AD97ACC76DD76CA6EDB5ADFEF10702D43
:102B48008346050013070003AA8CD24E624F7243D6
:102B58006387E65A1C11BECC3E47B3096700E69965
:102B6800E64562851ACA7AD96EDB76DD5ADF02D16C
:102B780002D302D502D7EF40A06B4E87524319E12A
:102B88006FE09FD47E4713060003636437016FE04C
:102B9800BFD393071700BECF2300C7007E47E36A61
:102BA80037FF6FE07FD2A245D0115285EF30002762
:102BB80019C16FE03F9E3E4B3E57130DC1106FF099
:102BC8002FEE8346710C62C802D002CE02CA9A89DF
:102BD8001A8B014399E26FE09FF16FE0DFA8A245ED
:102BE800D0115285EF30802319C16FE0BF9A3E4B58
:102BF800E2473E57130DC110338B67416FF08FEDDD
:102C0800E2472257930A7006338BE700D247635E88
:102C1800F04CD64713F70740631D07389349FBFF6D
:102C280093D9F941B3793B01ADBDD64713F71700E6
:102C3800D24733676700635EF04E6317073C524B19
:102C4800930A6006F9B7930700032304F10C93076E
:102C58008005A304F10C9367290013073006BECA48
:102C680002C6930CC114634F67227E5B93F7FAFD8B
:102C7800BEC482CE136929104E5FDE5DEE5E634BE3
:102C88000B2013071006638DEA3A130710046384B8
:102C9800EA006FE03FBD130C010B62851ADA7AD99E
:102CA80076DD5ADF6EDBEF708003F001EF20B07441
:102CB8002E86AA856285EF6090684A571C09930999
:102CC800010A3AC95A571001BE853ACB6A574E8550
:102CD8003E8B3ACD7A57B2C6CECC3ACF3707FC3FB7
:102CE8003AC702C102C302C5EF4090010A579A567B
:102CF8002A58BA5ECE8562853AD93AD036DB36CEC6
:102D080042DD42CC76DF76CA02D102D302D502D7A1
:102D1800EF400052D24E6248F2460257525319E130
:102D28000546B2C7977700009387475A3EDA930D56
:102D3800F3FF66CAA6D0D6D2A2D6EADAD2DCE6DE9D
:102D4800CAD4EE8C9AD83A8DB68D428AF68ADA843D
:102D5800664435A0A285628532D07ACE7ECC7EDBF1
:102D68007ADD32DF4AD902D102D302D502D7EF4049
:102D7800204CFD1CE24F724F025641C55ACAB70794
:102D880003402686A28562853ECF6AD16ED352D58E
:102D980056D702C902CB02CDEF4080766285EF603C
:102DA800C03DAA85AA8962857A5BCA5A5A5A6A5965
:102DB800EF60804A4A573646A6853AC15A57228557
:102DC8005ACF3AC36A5756C952CB3AC57A574ACDF1
:102DD8003AC7EF50C03CD2570A599A5F3387370138
:102DE800D247034707002A5F3A56138B1700A30FF1
:102DF800EBFEE6C8FD574A8DFE8D7A8AB28AE39BC0
:102E0800FCF44653E645CA82B70DFE3F62851ACCEC
:102E1800865416D996D07EDBFEC67ADD7AD032DFAC
:102E280032CE02D102D302D56ED7EF40E04A965A8D
:102E38003654565D665AF65C265962436340A008CC
:102E48008652B64F025F7246E645628516D97EDB2A
:102E58007ADD32DF02D102D302D56ED7EF40403D92
:102E6800624309E593F91900639A0904C647930672
:102E78000003138717005A9763C70700050BA30FB2
:102E8800DBFEE31DEBFEB3079B413ECC6FE03FA4A6
:102E980002C63A89370700809307D002334B67018F
:102EA800BECEC5B39305130052851AC6EF20E06164
:102EB800AA8C32436304052C2AC645BBD2475A87DD
:102EC800BECFD2578346FBFF03C6F700639EC600FA
:102ED80093050003A30FB7FE7E479307F7FFBECF06
:102EE8008346F7FFE308D6FE138616009305900382
:102EF8001376F60F6385B600A30FC7FE69B7D257DE
:102F080003C6A700A30FC7FEBDBF93091300130C88
:102F1800010B1308C10D9C09F801CE860946E2850C
:102F280052851ACE7AD97ACC76DD76CA6EDB5ADF2C
:102F3800EF10206ED24E624F7243AA8C1C11E69994
:102F4800BECC39B95A978506977700009387073B17
:102F580023A0F80023A26801BAD7B6D51D46A10858
:102F68006350D6F4A245D0115285EF20306B19C1B9
:102F78006FE04FE23E57AE569308C1106FF04FF224
:102F8800930700032304F10C93078007D9B11C11A0
:102F9800B3896C00BECCE9B6630403006FE0DF8A36
:102FA80005436FE07F8AFD573EC26FE06FE0930AEA
:102FB8007006F255D24702D003C7050002CE1306A9
:102FC800F00F6302C7026350F70283C61500998F9A
:102FD80099C67247850505073ACE3687DDB782560A
:102FE800850636D0F9BF3ECA0257F2472EDE3E9715
:102FF80086473307F7023A9B9349FBFF93D9F94178
:10300800B3793B016FE0DF9C2257930A6006338B4C
:10301800E7001A9BFDBE9306610D19E693060003AF
:10302800230BD10C9306710D1C1B3386F640130736
:1030380007039307D60D2380E6003EDC6FE03F963A
:10304800130C010B62851ADA7AD976DD5ADF6EDB4A
:10305800EF60F048F001EF20103A2E86AA856285CD
:10306800EF60F02D4A571C099309010A3AC95A57CB
:103078001001BE853ACB6A574E853E8B3ACD7A57BA
:10308800B2C6CECC3ACF3707FC3F3AC702C102C31B
:1030980002C5EF40E0460A579A562A58BA5ECE85CE
:1030A80062853AD93AD036DB36CE42DD42CC76DF7D
:1030B80076CA02D102D302D502D7EF406017D24EAA
:1030C8006248F2460257525319E10546B2C797774C
:1030D80000009387671E3EDA99B9D64713F71700A1
:1030E80019E36FE03F8D6FE0BF8C330BFB40050B9E
:1030F8009349FBFF93D9F941B3793B015DB20C11B8
:1031080062851ACE7AD97ACC76DD76CAAECC6EDBF9
:103118005ADF02D102D302D502D7EF406011D24E56
:10312800624F7243E30A05A2054733076740BAC7EF
:103138002DB411E78549930A6006054B9DB2A25745
:10314800930A6006138B17001A9B9349FBFF93D9C8
:10315800F941B3793B01B1B2EA876FF0CFF5424745
:10316800032C0700110763530C007D5C03CE140089
:103178003AC8BE846FE04FBA9A89C9B3A24683D7CA
:10318800C60013E70704BA872396E6006FE0AFC1CD
:10319800CA896FE05F86CA896FE0DF8F89473EDCA6
:1031A8006FE0EFFF1257B1471CC3FD573EC26FE0F7
:1031B8002FC0011122CC26CA4AC84EC62E8406CE7C
:1031C80097E9FF1F938909A92A89EF20D01A83A6B6
:1031D800890005679307F7FEC44233848740F19856
:1031E800269431807D143204634BE40081454A857E
:1031F800EF20302883A78900A697630DF5004A853C
:10320800EF20D017F2406244D2444249B249014506
:1032180005618280B30580404A85EF209025FD57DF
:10322800630EF50297E7FF1F938787FC9C4303A76C
:103238008900818C93E41400338487404A8544C311
:1032480097E7FF1F23A687FAEF205013F240624446
:10325800D2444249B24905450561828081454A8583
:10326800EF20302103A78900BD46B307E540E3D826
:10327800F6F897E6FF1F9386E6F5944293E7170062
:103288005CC3158D97E7FF1F23A4A7F68DBFEDC577
:10329800411122C426C22E84AA8406C6EF20B00D8E
:1032A8008325C4FF130784FF17E5FF1F1305859ABD
:1032B80093F7E5FF3306F700544203288500F19A97
:1032C8006307C81254C285893308D600BDED0323AD
:1032D80084FF8325480097E8FF1F938828983307C1
:1032E8006740032887009A9785896305180F032389
:1032F800C70023266800232403016386051493E688
:10330800170054C31CC29306F01F63E1F6088D83AF
:10331800938617008E064C413695104193D6274068
:103328008547B397D700CD8F930685FF54C710C73D
:1033380097E6FF1F23A2F69218C158C62244B2404E
:103348002685924441016F207003832548008589B2
:103358008DE5B69797E8FF1F93884890144613E8C1
:103368001700B305F7006388160F5046D0C614C679
:10337800232207019CC141BF828093E61700232EB8
:10338800D4FE1CC29306F01FE3F3F6F893D6970019
:103398001146636BD60893D6670093859603138608
:1033A80086038E05AA959441E1156386D50CD04213
:1033B800719A63F5C7009446E39BD5FECC464CC78B
:1033C80014C7224498C5B24026859244D8C6410104
:1033D8006F20C07A6399050E0C465046B69793E65F
:1033E8001700D0C50CC654C33E971CC381BF85893E
:1033F800B69789E9832584FF0D8F54471047AE9708
:1034080054C690C69386C18013E61700944250C3F1
:1034180017E6FF1F2324E684E3E2D7F293870182AD
:103428008C432685793319BF51466370D60213063B
:103438004005636DD60493D6C7009385F6061386B8
:10344800E6068E0585B7B69711BF9385C605138620
:10345800B6058E0581BF97E6FF1F23A7E68097E68E
:10346800FF1F23A1E6802326170123241701232207
:1034780007019CC1E1B54841854709863396C700D5
:10348800498E97D7FF1F23A9C77C15BF1306401580
:10349800636AD60093D6F700938586071386760766
:1034A8008E0509B713064055636AD60093D62701DF
:1034B8009385D6071386C6078E05EDB59305803F1D
:1034C8001306E007C5B593E6170054C31CC2BDB583
:1034D8009306450081476905617809A88607239006
:1034E800E600C2078906C1836307D50203D7060031
:1034F8001376170019C293E71700058313F6270000
:10350800B365070161DE86072390B600C207890606
:10351800C183E31DD5FC8280930685010147090517
:1035280009A806072390F6004207F9164183630BA2
:10353800D50283D706001396070141868607635490
:10354800060013671700C207C1831376270093E5A7
:10355800170061DA06072390B6004207F91641837F
:10356800E319D5FC82800111416E231D0100231E41
:103578000100E1057C08130881007D1E03D70500C2
:10358800F917F91515E3239F07FEE39907FF1106BD
:103598009306E10103D7070009068907231FE6FE02
:1035A800E39AD7FE056182803307A70283D82700F4
:1035B80003D30700B376C701C696418393D80601A3
:1035C8001A974697935807012391D7002390E7004D
:1035D800239F17FFE39407FB5DBF13072501090528
:1035E8008357E5FF89E7E31CA7FE0145828005456F
:1035F8008280411122C40354250126C206C693477E
:10360800F4FF13971701AA8419E3C13F09E5E1778D
:103618003D8C23998400B240224492444101828027
:10362800411122C40354250106C69347F4FF13979A
:10363800170101E75D37814719E19357F400B2405C
:1036480022443E854101828083572501411122C4CD
:10365800BD8326C206C64AC0B307F0402390F500D2
:1036680083572501A166FD16F58F2391F500AA84DD
:10367800130405016387D702938765002392050029
:1036880079157914035724008907239FE7FEE31A65
:10369800A4FE239C0500B240224492440249410101
:1036A8008280035725012E897D8F6313F7023537F2
:1036B80005C113076900231209009387C4FF791411
:1036C800835624000907231FD7FEE39A87FEE1B734
:1036D800930749009305A9018907239F07FEE39DE6
:1036E800F5FEB24022449244024941018280835748
:1036F80025015D71A2C493C7F7FFA6C286C61397BA
:103708001701AA842E8419E3C93D21ED83572401AA
:1037180093C7F7FF1397170131C32C0026852D3760
:103728004C10228515378355810003554102630CDF
:10373800B5029307A10013076102101083D6070092
:103748008907A5E6835607000907A5E2E398C7FE9F
:103758000145B64026449644616182802285B53D84
:103768004DDD7955FDB71307A1009307610289075D
:103778000907133515000356E7FF83D6E7FF33051E
:10378800A04009897D156C18631CD600E382B7FC3C
:10379800890709070356E7FF83D6E7FFE308D6FE44
:1037A800E3E9C6FA3305A0406DB70545DDD17D557F
:1037B8004DB7411106C61535B24013351500410104
:1037C8008280411122C44AC006C626C22E892A8494
:1037D80063CC0506BD472E86110593068401BD45B9
:1037E80063D12703AA87890703D70700239FE7FE2A
:1037F800E39BD7FE231C04004116E3C5C5FE1379DD
:10380800F9009D4763D42703930784019305240097
:10381800014783D60700F91713968600518F239125
:10382800E70013D78600E396B7FE6119630709001E
:103838007D192285D531E31D09FEB2402244924408
:103848000249014541018280C557B304B04063DA9B
:10385800F508930585010149930645003D46035740
:103868008401AE873369E900F91703D7070023916C
:10387800E700E39BD7FE23120400C114E34196FE40
:103888009D4763DE97024209135909418347840122
:103898009305A40101473369F90042091359090145
:1038A80083D70600890613D68700518FA207239F66
:1038B800E6FE139707014183E394B6FEE11491C82D
:1038C80083578401FD142285858B33E9270109314B
:1038D800E5F8B240224433352001924402494101BF
:1038E8008280E55763C4F5000149D9BF01499306B1
:1038F800440069BF83574500411126C206C622C449
:103908004AC0AA84CDE30357650001449317070111
:10391800C18763C307089306A5011306000A1DE3C0
:103928009387640019A003D707008907239EE7FE41
:10393800E39BD7FE239C04004104630FC40403D710
:10394800640079DF937707F08DEB13858401938505
:1039580024000147AA8783D60700F9171396860023
:10396800518F2391E70013D78600E396B7FE03D75C
:1039780064002104937707F0E9DF1309000A01A81E
:103988000504EFF07FB96349890003D76400420753
:1039980041872685E35607FE2285B2402244924499
:1039A80002494101828013F707F0014405E7130932
:1039B800F0F601A87D14EFF0BFB1E30F24FD83D723
:1039C80044002685E5FB2285B24022449244024900
:1039D80041018280930645009305A501014719A07E
:1039E80083D7060013D68700518FA2072390E600DD
:1039F8001397070189064183E394B6FE83D74400F1
:103A0800615475B7011122CC26CA4AC84EC652C4A1
:103A180056C23689BE8406CE2A84AE89328ABA8ACC
:103A2800D13D930700093309A94063D0A706A167D0
:103A3800F91763D1271B638F0A16C8409C4063821D
:103A4800A70C1387A401938744030907231F07FEC4
:103A5800E31DF7FE930780036302F52863D6A704E6
:103A680093070004630FF522930710076318F524E2
:103A7800B7870040FD172947DCC8E17798C4239C25
:103A8800F400D8C4A947216781A8635B0916930786
:103A980000F7635AF9149307240069048907239FE0
:103AA80007FEE39D87FEF5A8E147630CF51C930725
:103AB80050036315F520B70700049387F77F19476C
:103AC800DCC885679387078098C4D8C40567239C9A
:103AD800F400130707809947A1078607A69723953F
:103AE800E70088C0634F200193070009630CF516AF
:103AF800835784012285858BB3E9F900EFF05F9D38
:103B0800C8408C4483D744011308F0081396150065
:103B1800229603570600B376F7006346A8022D489D
:103B28006343B8023287930584018357270099C3FA
:103B380093E61600231107000907E398E5FE0357EB
:103B4800060083D7440193C7F7FFF98F2310F600C7
:103B580083D7640133F7D70005CB6389D70C138665
:103B6800240313078401F104814683570600835513
:103B7800070079177916AE97B6972311F700C18316
:103B880093F61700E31396FE635F200B83574400F8
:103B9800BDEFA167231C0400F91763CF2701231188
:103BA8002401F2406244D2444249B249224A924A2C
:103BB80005618280231C0400E17793C7F7FF231176
:103BC800F400930744006104239007008907E31D6C
:103BD800F4FEC1BF9307240069048907239F07FEE9
:103BE800E39D87FE7DBFCA852285EFF09FBD11C189
:103BF800854963830A08C8409C40E394A7E4EDB56F
:103C0800E3890AF8C8409C40E31DF5E2E1BD22853E
:103C1800EFF01F8CA1670509231C0400F917E3CDF9
:103C280027F9E35E09F623110400A5BF6395090A85
:103C3800DC4403D784018607A29783D70700F98F4E
:103C480099FFE34520F5930700096305F5002285F0
:103C5800EFF09F8C83574400DDFB231C0400E344F2
:103C680009FC35BF904483D74401060622960357C2
:103C78000600B3F6E700C1BD231C040023110400AD
:103C88000DB7B70780009387F70F1147DCC8930774
:103C9800001098C4239CF400D8C49147130700105F
:103CA80025BD9D479CC4B7070180FD17DCC8854723
:103CB800239CF4009947DCC4054739BDB1479CC42F
:103CC800B7070180FD17DCC88547239CF400AD4782
:103CD800DCC4054711B5E3040AE87DB5B7078000E1
:103CE8009387F70F1947DCC89307001098C4239CE3
:103CF800F400D8C4994713070010F9BB79714ECE68
:103D08008359250026D2AE8406D622D44AD052CC76
:103D1800328956CA5AC85EC662C466C26AC02A8A4E
:103D2800EFF05FBD03D42400B389A9402685EFF0E6
:103D38007FBC930A4903098C1307E904D6878907CE
:103D4800239F07FEE39DE7FE634B3407930B4A006E
:103D5800138B4400FD19930CAA01138C24005A8775
:103D6800DE878907090703D6E7FF8356E7FF631C49
:103D7800D606E39897FF93068A01138784010146C4
:103D88008357070083D506007917918F8D8F2311EC
:103D9800F700C183F91613F61700E313ECFE054D7F
:103DA8005685EFF06FF78357C9047D142685336D68
:103DB800FD002316A905EFF02FF6E31234FBA286C7
:103DC8002254B250F249624AD24A424BB24B224C78
:103DD800924C024DCA8726850259925401470146E2
:103DE8008145456105B1014DE3ECC6FA69B7035752
:103DF80005008357250019C32167D98F2399F5003A
:103E080003572500A167FD17630FF70093076500A7
:103E1800C1056105890703D7E7FFF9152391E50077
:103E2800E39AA7FE828093076500690503D7070018
:103E380089071DE3E39CA7FE13872501AE87890741
:103E4800239F07FEE31DF7FE83D7250121677D1712
:103E5800D98F2399F500828013870501AE878907DA
:103E6800239F07FEE31DF7FEB7C7FF7F9CC982802B
:103E78007571D6DA835A2501A167FD1722C526C3B5
:103E88004AC1CEDEDAD806C7D2DCDED6E2D4E6D224
:103E980033FB5701AA842E893284B6896316FB083E
:103EA800EFF0AFF3631B0518035A2901B3774B01F1
:103EB8006390671B4A85EFF04FF249E12685EFF0E2
:103EC8005F8F631B0518A167FD1733FA4701420A84
:103ED800135A0A01631CFA204A85EFF09F8D631F6D
:103EE800052483D72401B377FA006383471926850D
:103EF8006C00EFF06FF54A852C10EFF0EFF4835467
:103F0800E1000359A102B5E01C0854106388D720CA
:103F1800890703D7E7FF7DDB6800EFF0BF9DB30497
:103F2800A0400357A10299A003DA250133F74701FE
:103F3800E31FF7FA2E85EFF04FEA51D51307490131
:103F480009098357E9FF0904231FF4FEE31AE9FE70
:103F5800BA402A449A440A49F659665AD65A465BE0
:103F6800B65B265C965C496182804A874A8B7C10E6
:103F7800940011EF638CF61A890703D7E7FF7DDBFE
:103F88002810EFF03F970357A102330BA94083573E
:103F98008102938A8903239BE902239AF9021387F2
:103FA800E904D687239007008907E31DF7FE938B62
:103FB800C904014A13094102930C0101130C61045D
:103FC800035509007919631C050E03D7C904DE8758
:103FD800336AEA00F91703D707002391E700E39B48
:103FE80057FF239C0902E31D99FD138749033C10E1
:103FF800930621040356070089070907239FC7FE74
:10400800E39AF6FEF176DA948906D2852810CE87EF
:1040180013070004A6960146EFF0DF9E03578102BE
:104028008357C100A2852810998FB337F000B307D2
:10403800F0402314F102653B21BF13874401890432
:1040480083D7E4FF0904231FF4FEE39AE4FE09B7CB
:104058002685EFF00FF649CD9765000093858551C9
:104068004A85EFF0CFE8630A050E035A2901A1BD7E
:104078002685EFF00FF411E54A85EFF08FF3E3089A
:1040880005E62685EFF0CFD9AA844A85EFF04FD907
:104098003385A4403335A0003E052319A400130737
:1040A8002401A2878907239F07FEE39DE7FE835724
:1040B800240121677D17D98F2319F40051BDD00041
:1040C8002C10EFF04FCA5E868145F80803550600AC
:1040D8008357070079167917AA97AE972311F60028
:1040E800C18393F51700E31387FFC5B583DA24016D
:1040F800A167FD17B3FA5701C20A93DA0A01E398D8
:10410800FADE2685EFF0EFEA2DFD8357290193C7E4
:10411800F7FF13971701E31C07DCB9BF93074401A6
:104128000904231F04FEE39D87FE1DB59307440180
:104138000904231F04FEE31DF4FE19BD9765000062
:10414800938545432685EFF08FDA01C983D724018B
:10415800B377FA00E38747FB4DBF13070401A28733
:104168008907239F07FEE39DE7FEB7C7FF7F1CC8AB
:10417800C5B383572501717122D593C7F7FF26D39D
:104188004AD15AC906D74ECF52CD56CB5EC762C563
:1041980066C36AC1EEDE13971701AA842E8932849A
:1041A800368B09E7EFF06FC3631F05288357290192
:1041B80093C7F7FF139717012DC7976500009385DD
:1041C800653B2685EFF0AFD255CD83D9240103573F
:1041D8002901A167FD17B3F9370133FAE7006391A5
:1041E800F9062685EFF0EFDC71C163163A014A85BE
:1041F800EFF02FDC45E1930744010904231F04FE77
:10420800E31DF4FEBA502A549A540A59FA496A4AE4
:10421800DA4A4A4BBA4B2A4C9A4C0A4DF65D4D6124
:1042280082804A85EFF06FBB49D913074901090914
:104238008357E9FF0904231FF4FEE31AE9FED9B7FF
:104248006308FA0626856C08EFF00FC02C184A851B
:10425800EFF08FBF835BA1038354E101639C0B08DC
:104268007C18930B0105638EFB26890783D6E7FF2D
:10427800FDDA2818EFF00FE8B307A0403EC6035652
:10428800E1019DA8976500009385C52E4A85EFF04A
:104298000FC605FD13070401A2878907239F07FEA0
:1042A800E39DE7FEB7C7FF7F1CC8A9BFE31C3AF927
:1042B8004A85EFF00FD059D52685EFF06FB6AA845E
:1042C8004A85EFF0EFB5B387A440B337F000BE07D7
:1042D8002319F40013072401A2878907239F07FEE7
:1042E800E39DE7FE8357240121677D17D98F2319A2
:1042F800F40009BF5EC6268626C41C10541809EEB1
:104308006389F61E890703D7E7FF7DDB6808EFF0AE
:104318006FDEB387A4403EC46257130D8B03EA8750
:10432800232AEB029304EB048907239F07FEE39DEE
:10433800F4FE2818EFF0CF99035C2102C169930BB2
:104348000105131A0C01330A8A41930AA103FD19C6
:10435800930CE106130961050355C1038357E10373
:10436800CE8D42053E956368AA0033558503931D9B
:10437800050193DD0D01D0086C086E85EFF0AF9E46
:104388007018BC088907090603D5E7FF8355E6FFBF
:104398006316B50CE39897FF0145EC105E868357CA
:1043A800060003D805007916898FB38707412311C2
:1043B800F600C183F91513F51700E31256FF231011
:1043C800BD017C18890703D60700239FC7FEE39B1E
:1043D80077FF23180104090DE390A4F981457C189F
:1043E80093062105890703D7E7FFD98DE39CD7FEFC
:1043F800B335B00013074B033C1803560700890771
:104408000907239FC7FEE39AF6FEB2472247916643
:10441800FD16B38BE7402818DA8713070004DE96E9
:104428000146EFF02FDE035781038357C101A285B0
:104438002818998FB337F000B307F040231CF10216
:10444800EFF0FF9AC1B313874401890483D7E4FFCF
:104458000904231FF4FEE39AE4FE6DB3E3FEA5F21C
:104468009387FDFF9398070193D8080101454C18DD
:10447800F0108357060003D805007916898FB38793
:1044880007412311F600C183F91513F51700E3124C
:1044980026FF7018BC088907090603D5E7FF83556E
:1044A800E6FF6316B500E39897FFC68DF5B5E3FE02
:1044B800A5FEF91DC20D93DD0D0101454C18F01044
:1044C8008357060003D805007916898FB3870741FB
:1044D8002311F600C183F91513F51700E31226FF1F
:1044E80065BD930744010904231F04FEE39D87FE6D
:1044F80011BB0357C101835781036303F70021668A
:104508002319C40013072401A2878907239F07FEE4
:10451800E31DF7FE8357240121677D17D98F2319DF
:10452800F400CDB1797122D406D62E845C0013072D
:10453800E1018907239F07FEE39DE7FE0356E50097
:1045480093170601C18763CA0704A167FD172312E1
:1045580001007D8E630BF6049307E5002313C10069
:104568001307A100F91783D607000907231FD7FEF1
:10457800E31AF5FE19EA23140100A2854800EFF0BA
:104588001F87B2502254456182808547FD554800F7
:104598002314F100EFF0EFA2CDB7FD572312F1007D
:1045A800A167FD177D8EE319F6FAAA879306E50041
:1045B80003D70700890731E3E39CF6FE130744019C
:1045C800A2878907239F07FEE39DE7FE13072401BF
:1045D800A2878907239F07FEE39DE7FE83572401EF
:1045E80021677D17D98F2319F4008317E500E3DAD3
:1045F80007F82285EFE0FFFF69B713070401A287D8
:104608008907239F07FEE39DE7FEB7C7FF7F1CC806
:104618008DBF83AE050003AE450003A38500CC45DE
:104628004171832805042EDEFD552320B11693051C
:1046380000092324811E2328611D2326111E2322FD
:10464800911E2320211F232E311D232C411D232A97
:10465800511D2326711D2324811D2322911D2320F2
:10466800A11D232EB11B76D872DA1ADC2322B116CB
:1046780032C436C83ACA42D02A8B3E84638F0800B7
:1046880078418547C685B397E70023A2E80023A4AD
:10469800F800EF10205523200B04130A0106D285D9
:1046A800081849355285EFE0BFF722473335A00097
:1046B80008C08D47630DF774D1473EC6E319072834
:1046C800835721070327411693C7F7FF3ACE13975D
:1046D800170111E75285EFE05FF0E3140512930725
:1046E80000092322F116F818D287D018890783D633
:1046F800E7FF0907231FD7FEE39AC7FE0356E10821
:1047080002CC93170601C18763D907004606C16723
:104718004582FD172317C1083ECC81463C0917671F
:1047280000001307A7D3930DC10A19A083560700E9
:104738008907239FD7FE0907E39AB7FF630C061082
:10474800A167FD17E308F6228317C108E3DF0728EE
:10475800EC1817650000130565D0EFE05FF96305F5
:1047680005106344056C8357E108E39E072E831701
:10477800C10881449309011663C107021764000048
:10478800130404DEF018CE86B2852285EFF04FEED2
:104798008317C108FD14E3D707FE8009930B810E28
:1047A8002287FC181009890783D6E7FF0907231F0A
:1047B800D7FEE39AC7FE81463C0917670000130736
:1047C800E7C919A0835607008907239FD7FE090761
:1047D800E39AB7FF7D79976A0000938A6AC9976C54
:1047E8000000938C6CB7176D0000130D2DC7976DE3
:1047F8000000938DEDD619A0D10CD10AA2856A8547
:10480800EFE0FFEEA285635BA0026685EFE03FEE76
:10481800CE862286A285634C05005685EFF04FE5CB
:104828003009CE86B2855685EFF08FE4CA94935747
:10483800F9013E9913591940E390BAFD3009CE8623
:1048480097650000938585C13285EFF09F92130923
:1048580041121DA0FC189306E10803D70700890739
:10486800E31807EEE39BF6FE81441309411293090E
:1048780001168009930B810EA2852809EFE0DFDC81
:104888003809A287890783D6E7FF0907231FD7FEC0
:10489800E39A77FFA285E8182318010AEFE0DFDA28
:1048A800FC1809040357E4FF8907239FE7FEE31A6E
:1048B80074FF4E86EC182809231A0108EFF00FC47C
:1048C800835AC11A63970A14976C0000938C8CCA98
:1048D800930D41091304E107130D610BE685E818F0
:1048E800EFE0FFE0630705120147EE8609A8060717
:1048F8002390F6004207F9164183638B860283D71B
:10490800060013960701418686076354060013675D
:104918001700C207C1831376270093E5170061DAF1
:1049280006072390B6004207F9164183E39986FCEF
:104938005819FC18890783D6E7FF0907231FD7FEF4
:10494800E39AB7FF2316010C0147F40109A80607EB
:104958002390F6004207F9164183638BA60383D799
:1049680006001396070141868607635406001367FD
:104978001700C207C1831376270093E5170061DA91
:1049880006072390B6004207F9164183E399A6FD6E
:104998000147F40109A806072390F6004207F91613
:1049A8004183638BA60383D70600139607014186CC
:1049B80086076354060013671700C207C18313767E
:1049C800270093E5170061DA06072390B60042072F
:1049D800F9164183E399A6FD0146EE86F80183D5D1
:1049E800060083570700F9167917AE97B2972391F7
:1049F800F600C18313F61700E313A7FF4E86EC18E1
:104A08002809EFF0AFAF8357C11AFD14E38807EC0C
:104A1800BE8AE24722473244B337F000B307F0407A
:104A2800B58B938707022302F1128D476302F702C1
:104A3800A9476382FA78938A0A039307E002A302DC
:104A480051132303F1126347045A930C71122DA0DA
:104A580026949307A002E3DD87FCA947638BFA72CB
:104A6800938A0A039307E002A30251132303F11266
:104A78001304A002930C7112014C930A410B930D7D
:104A88004109930BE107130D610B0147EE8609A855
:104A980006072390F6004207F9164183638B7603D5
:104AA80083D70600139607014186860763540600DC
:104AB80013671700C207C1831376270093E5170011
:104AC80061DA06072390B6004207F9164183E39995
:104AD80076FD5687FC18890783D6E7FF0907231F49
:104AE800D7FEE39AB7FF2316010C0147F40109A882
:104AF80006072390F6004207F9164183638BA60345
:104B080083D706001396070141868607635406007B
:104B180013671700C207C1831376270093E51700B0
:104B280061DA06072390B6004207F9164183E39934
:104B3800A6FD0147F40109A806072390F6004207DD
:104B4800F9164183638BA60383D7060013960701E2
:104B5800418686076354060013671700C207C1839E
:104B68001376270093E5170061DA06072390B6004D
:104B78004207F9164183E399A6FD0146EE86F8013E
:104B880083D5060083570700F9167917AE97B297B1
:104B98002391F600C18313F61700E313A7FF4E868F
:104BA800EC182809EFF08F958357C11A33878C01C9
:104BB800050C938607032300D700E35884ED930977
:104BC8001400E699A29C1147635AF7061547638BB0
:104BD800E76283C7E9FF1387E9FF93F7F7076340A5
:104BE80004609306E0026380D704938617002300CD
:104BF800D70093068003930500031306E00213050C
:104C0800800363C7F6001DA82300D7006378F50268
:104C18002300B7007D178347070093F7F7079386AC
:104C28001700E393C7FE8347F7FF9306800363F8F3
:104C3800F662930710038504A30FF7FE268697559F
:104C480000009385E56E6685EFC0AFF883572107AE
:104C580072472328911693C7F7FF2322E11613976B
:104C6800170119EB5285EFE0DFB4631A051A528574
:104C7800EFE0BF966315051AD246834741121387A2
:104C8800140098C2638A076A1307E0026387E7047F
:104C9800CA879306E00219A06302D704850703C7F1
:104CA80007007DFB930650046365F90001A863873C
:104CB8002701FD1703C70700E31BD7FE2380070062
:104CC800CA87930600021306D00203C707006304CD
:104CD800D7006312C7028507CDBFCA8703C717006D
:104CE8008507A38FE7FE5DDF03C717008507A38F3E
:104CF800E7FE6DF745BF4A8421A003C70700368445
:104D08002300E40093061400850765FBA246894743
:104D18000347F4FF6383F60EB247BE8663D397005A
:104D2800A686930700036314F702B307244163D0F0
:104D3800F6021306000319A063DBE6007D1483471F
:104D4800F4FF2300040033072441E387C7FE22470A
:104D58008D476301F708C24723220B041386970087
:104D6800DD4763FAC70805479147860793864701D9
:104D7800BA850507E37BD6FE2322BB045A85EF00DC
:104D880050602320AB04CA85AA84EF00B071825713
:104D980089C733042441269480C38320C11E032479
:104DA800811E26850329011E8324411E8329C11DD6
:104DB800032A811D832A411D032B011D832BC11C3E
:104DC800032C811C832C411C032D011C832DC11B2A
:104DD8007D618280B247BE9463CF0436D247424792
:104DE8009C43BA973EC8C24723220B041386370058
:104DF800DD47E3EAC7F6814551B793070003E31C93
:104E0800F7F4B30724418546E3C5F6F2A9B7C24BC8
:104E18005EC69307A002E3D5778B3EC655B05247CE
:104E280089679387F7701CC361BD930A410B568746
:104E3800FC181009890783D6E7FF0907231FD7FE47
:104E4800E39AC7FE91679387E7082313F10CA167DC
:104E5800FD173ED2F1778907414D8144175C000068
:104E6800130C0C6B13094112930901168009930B5B
:104E7800A10A3ED4930CE105CE863009D685628519
:104E8800EFF02FAFF8003C09890783D6E7FF090741
:104E9800231FD7FEE39AB7FF92570355E1053376F0
:104EA800F500A257B305F600635EB02A13060009A1
:104EB8000D8E2287FC00890783D6E7FF0907231F89
:104EC800D7FEE39A47FF6359C004BD47228763D4DE
:104ED800C702411693564600138716000607229705
:104EE800A2878907239F07FEE39DE7FE13060008B4
:104EF8000D8E9206158E975700009387A7430606D6
:104F08003E968356060083570700F58F2310F70057
:104F180042054185634405103C09228703D60700F2
:104F28008356070089070907631FD600E398FBFE2D
:104F380056873C09890783D6E7FF0907231FD7FE51
:104F4800E39AB7FFEA94510C97570000938787625A
:104F5800135D1D00E312FCF28357610C0357E1084F
:104F6800B001BA977177130727F7BA972313F10C93
:104F7800F818D687890783D6E7FF0907231FD7FEC6
:104F8800E39AC7FE81463C09175700001307074DEF
:104F980019A0835607008907239FD7FE0907E39ABC
:104FA800B7FF056D975C0000938C8C4C975D0000F3
:104FB800938D0D5B31A0135D1D00638EBC21D10C58
:104FC800D6856E85EFE0AFF2D6856346A02066856C
:104FD800EFE0EFF1E341A0FECE865686D6856685E2
:104FE800EFF02F993009CE86B2856685EFE05FE84D
:104FF800EA94D1B78357C11A930C611293097112BD
:10500800D9B61309411297550000938525304A8572
:105018008964EFC00FBC9384F4700DB9FC0022873B
:1050280019A0E38BFCEE03D6070083560700890717
:105038000907E308D6FE8357210E1257F98F639CA0
:10504800E7002285EFE06FD9E31805EC2285EFE051
:105058004FF6E31305ECEC11175500001305054056
:10506800EFE08FDE2C022285EFE00FDE0356C10E43
:105078000355A1100358E10E1346F6FF420641827C
:105088002316C10EB305A840AA86635EB004CA867B
:1050980038021C1209078355E7FF8906239FB6FECD
:1050A800E31AF7FE231E01123802F41119A003D6E1
:1050B80006000907231FC7FE8906E31AF7FE231017
:1050C8000112F811CA87701A890783D6E7FF090702
:1050D800231FD7FEE39AC7FE8356A110B3050541E7
:1050E800231201103685638D052436D69307F0F612
:1050F80063CAF504E811EFE0CFECB256AA851C129A
:10510800130841100356C10E03578110630DE6269C
:1051180001473A8603D7070003550800F917118F8E
:10512800098F2391E7004183137617001307A11015
:105138007918E391E7FE0546CE8713070004280295
:10514800EFE05F8CA2852802EFE07FCAF1B3C24787
:10515800938BF7FF75B9D247230201124A8423A023
:10516800070051B1A287D8118907239F07FEE39D45
:10517800E7FE79BBE24713094112F9C797550000CA
:10518800938545194A858964EFC0AFA49384F47068
:1051980075BC93071003A302F1129307E0022303DF
:1051A800F11285041304900293070003A303F1127C
:1051B800930C8112D1B093071003A302F112930745
:1051C800E0022303F1128504634A8016930C7112DE
:1051D800E31604A655B0930B810E6FF0EFE9930721
:1051E8001003238FF9FE850491BC130941129755CA
:1051F80000009385A5134A858964EFC08F9D938429
:10520800F470A9B42C09E818EFE07FBE97550000A8
:10521800938545362809EFE08FCDE31C059AE34FC7
:1052280004A083C7E9FF138727FD13371700134727
:10523800F7FF669703470700058BE30107A013876D
:10524800E9FF93F7F70771BA975500009385450D65
:105258004A858964EFC0EF979384F470C5BA8507CF
:10526800A30FF7FEE1BA8009A285E818916AEFE07A
:10527800AFBD8144930B810E1309C10C9309210D15
:10528800F91A930C50FD8357810E9D8BD1EF581955
:10529800A287890783D6E7FF0907231FD7FEE39A6A
:1052A80077FF48192316010CEFE08FA24819EFE0A9
:1052B8002FA20146CA865E8783D50600835707005A
:1052C800F9167917AE97B2972391F600C18313F6B2
:1052D8001700E31337FF8357610B0357810B8D07C3
:1052E800231BF10A01CF4819EFE08F9E8357610B0A
:1052F8000357810B8507231BF10A75F78357C10CE8
:1053080085E78357610B63E1FA0222875C198907F5
:1053180083D6E7FF0907231FD7FEE39A27FF231445
:10532800010EFD14E39194F7EC182285EFE03FACF1
:10533800930901166FF0CFC6CA8749B27D14ADB57F
:1053480078029C198907090783D5E7FF0356E7FF09
:105358006394C50213066110E396C7FE0357C10E96
:10536800835781106305F704A287D8118907239F03
:1053780007FEE39DE7FE4DB6636AB60881451C1239
:105388001308411041B3014642879308E10E03D840
:10539800070003550700F917791742952A962391B4
:1053A800C7004182058AE31417FF014671B33687A7
:1053B800A9E68317E11063C20704141219A8239001
:1053C800F60006074207F9169307A1104183E38BFD
:1053D800F6D683D7060013960701418686076354DD
:1053E800060013671700C207C1831376270093E5E9
:1053F800170071D62390B600E9B770021C122DE38E
:105408006382C706035706000906D5BF4A863802D5
:105418001C1209078355E7FF0906231FB6FEE31A86
:10542800F7FE231E01123002F81113084110090774
:105438008355E7FF0906231FB6FEE31A07FF23106B
:105448000112EC114A87701A09070355E7FF89050D
:10545800239FA5FEE31AC7FE2312011081455DB103
:10546800138516002315A110F1B918455C451041A4
:10547800544139710A854C083AC43EC606DE32C02A
:1054880036C2EFF02F8A83576102014593C7F7FFB1
:105498001397170119E74808EFE02F941335150003
:1054A8000505F2502161828097C7FF1F938747D275
:1054B8009C43C85B01C51305050F828017C5FF1FF4
:1054C8001305C5B91305050F8280797126D24AD014
:1054D80006D622D44ECE52CC56CA5AC85EC662C42C
:1054E80066C29384B500D9472A8963E39704C14704
:1054F80063E1B71A4925C144E147094697B9FF1F37
:1055080093894975CE97C043138787FF630BE41AC5
:105518005C4054441044F19BA297D84354C690C6AB
:10552800136717004A85D8C3912D13058400B5A2C7
:10553800E19863C0041663EEB414352D9307701F09
:1055480063FC973693D79400638607161147636008
:10555800F73293D76400138697031385870393164E
:10556800360097B9FF1F9389E96ECE96C042E116BF
:10557800638586025C40BD45F19B3387974063CDC8
:10558800E5006352072A4044638986005C40F19B2A
:1055980033879740E3D7E5FE2A8603A4090117B8A5
:1055A800FF1F1308A86B630A04134C403D47F19989
:1055B800B38795406341F73217B7FF1F2326076B60
:1055C80017B7FF1F2320076B63DD072E9307F01F14
:1055D80063EEB7248D81938715008E0703A54900D4
:1055E800CE979443898505473317B700498F93852C
:1055F80087FF4CC414C497B5FF1F23AFE56480C36D
:10560800C0C6935726408546B396F6006360D70E0A
:10561800B3F7E60081EF8606719AB3F7E600110644
:1056280091E78606B3F7E6001106E5DF3D459318D6
:105638003600CE98C6853283C0456398850081AC14
:10564800635E07244044638485245C40F19B338770
:105658009740E357E5FE5444104493E514004CC0CA
:1056680054C690C6A29497B6FF1F23AF965E97B60E
:10567800FF1F23A9965E9366170023A6040123A49F
:105688000401D4C0A2974A8598C3CD291305840084
:1056980029A0B1472320F9000145B2502254925461
:1056A8000259F249624AD24A424BB24B224C924CBE
:1056B8004561828093060020130600041305F00359
:1056C8004DB5C0470906E39587E403A4090117B857
:1056D800FF1F1308A858E31A04ED03A749009357BE
:1056E80026408546B396F600E374D7F203A48900F2
:1056F800832A440093FBCAFF63E79B00B3879B4060
:105708003D476342F71093870182138C818083AAF7
:10571800070003270C00FD57330A7401A69A630992
:10572800F7268567BD07BE9AFD77B3FAFA00D685D6
:105738004A858123FD572A8B6303F51E636F451D38
:10574800938C418283A70C00D69723A2F1823E87CF
:105758006304AA2C83260C00FD57638BF62CB30731
:105768004B41BA9723A2F182137C7B0063010C247E
:10577800330B8B418567210B138AF7FFDA9AA10750
:1057880033F74A01B3878741998F33FA4701D285A6
:105798004A85C521FD57630FF52C33056541B30ACA
:1057A800450183A70C0017B7FF1F2329674B93EA0E
:1057B8001A00D29723A2F18223225B01630D3427BA
:1057C8003D46637C7627544013874BFF619B858A4F
:1057D800D98E54C09545B306E400CCC28CC663612B
:1057E800E62A832A4B005A841387818118436374FD
:1057F800F70023ACF1801387C18118436375F71252
:1058080023AEF1800DA213E7140058C0A29417B775
:10581800FF1F2325974493E717004A85DCC0B92E5C
:10582800130584009DBD54441044FDB193D79500E1
:105838001147637CF70C5147636EF7189386C705C9
:105848001387B7058E06CE969C42E1166384F6143C
:10585800D843719B63F5E5009C47E39BF6FED4476C
:1058680003A7490054C41CC480C6C0C759BB5147CC
:105878006378F70C13074005636AF71693D7C400DB
:105888001386F7061385E70693163600D9B905037C
:1058980093773300A105E39107DA7DA8A297D8434F
:1058A8005444104413671700D8C354C64A8590C699
:1058B800F12413058400D5B313D6340093878400EC
:1058C80035B9A295DC414A8593E71700DCC17D24F0
:1058D80013058400D9B313E7140058C0A29417B76E
:1058E800FF1F2323973817B7FF1F232D973613E77A
:1058F800170023A6040123A40401D8C0A2954A8551
:105908009CC1AD2C1305840049BB93D765009386D1
:105918009703138787038E063DB76306340F03A4E6
:105928008900832A440093FACAFFB3879A4063E543
:105938009A003D47E349F7EC4A8589240145B1BB04
:105948001386C7051385B7059316360019B983A7BB
:1059580088007D16639A171793773600E118E5FBE0
:1059680003A7490093C7F6FFF98F17B7FF1F232531
:10597800F72E8606E3ECD7D6E38A06D633F7F60089
:1059880011E7860633F7F600110365DF1A8645B17D
:10599800C10A71BB03A54900935527400547331732
:1059A800B700498F97B5FF1F23A8E52A65BD85670E
:1059B8001387F7FF330A5B01337AEA00B38747415D
:1059C80033FAE700D2854A856D24FD57E317F5DCE5
:1059D800014AC1BB130740056365F70693D7C500A5
:1059E8009386F7061387E7068E06B1BD13074015A1
:1059F8006365F70693D7F40013868707138577073F
:105A080093163600B9BE938C418283A70C00338766
:105A1800FA0023A2E1823DBB93164A01E39C06D219
:105A280003A48900DE9A93EA1A00232254016DBB6D
:105A380023A4618115BB5A8445BB85472322FB00FB
:105A4800E5BD130740156369F70493D7F5009386FE
:105A58008707138777078E06FDB3130740556369D9
:105A6800F70493D724011386D7071385C70793161E
:105A78003600C5BC611CE29AB38A6A41014A15B373
:105A8800930584004A85EFD09F8003A4890083A7EB
:105A98000C00832A440089BB130740556361F70251
:105AA80093D725019386D7071387C7078E0661BB4F
:105AB8009306803F1306F0071305E0075DB49306CD
:105AC800803F1307E00741B383A749005DB593778B
:105AD800350013F8F50FD1CF9307F6FF39C2034706
:105AE800050063010705FD5601A8FD17638BD70262
:105AF800034705006308070305051377350075F7A5
:105B08000D476362F70291CF03470500630C070155
:105B1800AA9729A003470500630607010505E39B2B
:105B2800A7FE014582804167939885007D17B3F8E9
:105B3800E80093F5F50FB3E5B80093980501B3E8CD
:105B4800B80037868080B705FFFE9385F5EF13060A
:105B580006080D43184133C7E800B306B7001347DA
:105B6800F7FF758F718F4DF3F1171105E364F3FE9D
:105B780059BFB28771B71385C185A9A11385C1859E
:105B880099A17C45411122C426C206C64AC02A846E
:105B9800AE8495C313972400BA97884315C5184156
:105BA80098C32328050023260500B24022449244C6
:105BB800024941018280130610029145592668C4A2
:105BC800AA8769F90145D5B705493319990013061C
:105BD80059000A0685452285AD266DD544C1232482
:105BE8002501C1B781C9D8417C450A07BA979843AE
:105BF80098C18CC38280411122C43704008026C218
:105C080006C61344F4FFB284232006003377B40099
:105C18003706F07FAE87AA866356C704B368A70025
:105C2800638208046D8E2E88814819EE975700000C
:105C38009387C795D4439043EF100014AA862E8803
:105C48003377B4009308A0FC5187B7071080FD177D
:105C5800130727C03378F8004697B707E03FB367C4
:105C6800F80098C0B240224492443685BE8541016E
:105C78008280411122C42A842E8523A8018606C663
:105C8800EFB02FF2FD576306F500B2402244410100
:105C98008280938701879C43EDDB1CC0B24022447D
:105CA80041018280B367B5008D8BB9EF9841B78603
:105CB8007F7F9386F6F7B377D700B697D98FD58FBE
:105CC8007D56639CC7042A867D5811069105232EAC
:105CD800E6FE9841B377D700B697D98FD58FE3867C
:105CE80007FF83C7050003C7150083C625002300E7
:105CF800F60099C7A300E60001C72301D60091E288
:105D08008280A30106008280AA8703C70500850751
:105D18008505A38FE7FE75FB82802A86D9B793771E
:105D280035002A87A1E3B7867F7F9386F6F7FD556E
:105D380011070326C7FFB377D600B697D18FD58F43
:105D4800E388B7FE8346C7FFB307A7400346D7FFDC
:105D58000345E7FF8DC60DC23335A0003E95791582
:105D68008280F1D283470700050793763700F5FB59
:105D7800098F1305F7FF82801385D7FF828013856B
:105D8800C7FF8280B3E7A5008D8BB9EB8D472A87C3
:105D980063EAC70429C603C805009306F6FF85050C
:105DA8002300070193071700630108023A96BA9681
:105DB80039A003C7F5FF8507A38FE7FE01CB85054B
:105DC8003388F640E397C7FE828036883387070119
:105DD800630508048507A38F07FEE39DE7FE82801D
:105DE8002A874DBF3703FFFEB78880801303F3EF80
:105DF800938808080D4E9441B387660013C8F6FFD0
:105E0800B3F70701B3F71701D9F711077116232E56
:105E1800D7FE9105E361CEFEB5BF82801C4679713D
:105E280056CA06D622D426D24AD04ECE52CC5AC80A
:105E38005EC662C4B28A6387070E2A8B2E848329C2
:105E480006008841844559A88357C40013F70748BA
:105E580025C754480C481307190093941600A696B2
:105E680093D4F601330AB540B694858452972686B2
:105E780063F4E400BA843A8693F70740ADCFB2855D
:105E88005A85EFF08FE42A8C3DCD0C485286AD2A16
:105E98008357C40093F7F7B793E707082316F4006E
:105EA80033054C01338A444144C823244401232840
:105EB800840108C0CA844A8A5286DE853D24184473
:105EC800084083A78A00B3049740529504C408C0C9
:105ED8003389274123A42A016306090403A9490039
:105EE80083AB0900268AA109E30A09FEE37E99F437
:105EF800CA844A8AD1B75A85C9242A8C55F10C48D4
:105F08005A85EFD0CFB8B1472320FB008357C40090
:105F18007D5593E707042316F40023A40A0023A25F
:105F28000A0021A023A20A000145B250225492542B
:105F38000259F249624AD24A424BB24B224C45615D
:105F48008280B385C502411122C406C6EFF0EFD79F
:105F58002A841DC10326C5FF13074002719A7116D2
:105F68006367C704CD46AA8763EDC60023A0070070
:105F780023A2070023A407002285B240224441013E
:105F880082802320050023220500ED4763F9C7021C
:105F9800232405002326050093070501E318E6FCE2
:105FA8002328050093078501232A0500C1B78145E9
:105FB800EFA0BF922285B24022444101828093071C
:105FC80085006DB78280828099C91DC695CA8347AE
:105FD80006009CC1034506003335A00082804111AC
:105FE8006C0009CE85C2834706009CC103450600A4
:105FF8003335A00041018280014582800145DDBF23
:10600800795582807955FDB7B3C7A5008D8BB30844
:10601800C500A1E78D4763F2C704937735002A8747
:10602800A9EB13F6C8FF930706FE6367F7066373C9
:10603800C702AE86BA8703A806009107910623AE69
:1060480007FFE3EAC7FE9307F6FF998FF19B9107D5
:106058003E97BE956366170182802A87E37E15FF07
:1060680083C7050005078505A30FF7FEE36A17FF39
:10607800828083C60500050793773700A30FD7FEF4
:106088008505C5D383C60500050793773700A30F99
:10609800D7FE8505F9FF71B7944183A2450083AF08
:1060A800850003AFC50083AE050103AE450103A318
:1060B800850103A8C5019385450214C383A6C5FFBE
:1060C800232257002324F7012326E7012328D70199
:1060D800232AC701232C6700232E07011307470231
:1060E800232ED7FEE36AF7FA99B763F2A502B387BE
:1060F800C500637EF5003307C50045CAFD1783C692
:1061080007007D172300D700E39AF5FE8280BD477C
:1061180063E1C702AA879306F6FF49CE8506BE96B5
:10612800850503C7F5FF8507A38FE7FEE39AD7FE2A
:106138008280B3E7A5008D8BB5EB930806FF93F833
:1061480008FFC108330815012E87AA871443C10721
:10615800410723A8D7FE832647FF23AAD7FE832615
:1061680087FF23ACD7FE8326C7FF23AED7FEE31FE6
:10617800F8FC1377C600C6951378F6000DCF2E8766
:10618800BE880D4E11070323C7FF9108B306E840E8
:1061980023AE68FEAE96E367DEFE1307C8FF719B69
:1061A80011070D8ABA97BA95BDB782809306F6FF94
:1061B800AA87ADB782804286B9BF79714ECE06D61E
:1061C80022D426D24AD052CC56CA5AC85EC662C415
:1061D800B2896384051A2E8BAA8AEFF0DF9913849B
:1061E800B900D94763F1870C619822876341040C91
:1061F800636F340B8327CBFF13098BFF93F4C7FF1F
:10620800330A990063DAE41297B6FF1F938686A4CF
:10621800904683264A006303461B13F6E6FF529610
:106228005042058A63100614F19A3386D400635FDE
:10623800E626858B8DE3032C8BFF330C894183275E
:106248004C00F19BBE96B38B960063D3EB08B38BDF
:10625800F40063DEEB26CE855685EFF00FA7AA89FA
:106268001DCD8327CBFF130785FFF99BCA97638949
:10627800E7241386C4FF9307400263E9C72A4D4702
:1062880083260B006360C71EAA875A8794C35443AA
:10629800D4C3184798C7DA855685EFC05FFF56857F
:1062A800EFF0DF8D09A841444147E37534F5B14764
:1062B80023A0FA008149B25022544E8592540259C3
:1062C800F249624AD24A424BB24B224C4561828023
:1062D8008327CA0003278A001386C4FF9306400257
:1062E8005CC798C703278C008327CC0093098C00D0
:1062F800330A7C015CC798C763EEC622CD460327E4
:106308000B00CE8763F0C6022324EC0003274B0062
:10631800ED472326EC0003278B0063E1C72893078A
:106328000C01210B98C303274B00DE846289D8C374
:1063380003278B004E8B98C703264900B3878440F8
:106348003D47058A6369F704458E2322C9008327E0
:106358004A0093E717002322FA005685EFF01F82C0
:10636800DA8991BF858BE39807EE032C8BFF330CFA
:10637800894183274C00F19BD9BD2254B2509254D5
:106388000259F249624AD24A424BB24B224CB28578
:1063980045616FF08F93418E2322C900B3058900B0
:1063A80093E71700DCC183274A00A105568593E7C8
:1063B80017002322FA00EFC09FED45B7F19A338604
:1063C800D40093050401635DB60A858BE39507E85D
:1063D800032C8BFF330C894183274C00F19BBE961D
:1063E800338A9600E345BAE68327CC0003278C005E
:1063F8001386C4FF930640025CC798C793098C00B4
:1064080063EEC61ACD4503270B00CE8763F0C5029D
:106418002324EC0003274B00ED472326EC0063EE12
:10642800C71C03278B0093070C01210B98C3032774
:106438004B00D8C303278B0098C733078C00B307DA
:106448008A4097B6FF1F23ABE68093E717005CC32B
:1064580083274C005685858B5D8C23228C00EFF0BA
:10646800EFF191BD14C183264B006D4754C1636B96
:10647800C70C13078B009307850083268B0039B55B
:106488002299B307864017A7FF1F2329277D93E783
:1064980017002322F9008327CBFF5685DA89858BDD
:1064A8005D8C232E8BFEEFF06FED31B58327CA008C
:1064B80003278A00B284330AC9005CC798C7ADBDF8
:1064C8008327C5FFF19BBE94330A9900B5B503270E
:1064D800CC0083268C001386C4FF93054002D8C6DF
:1064E80014C793098C00330A7C0163E5C5044D4544
:1064F80083260B004E876370C5022324DC00032724
:106508004B00ED472326EC0063EAC70683268B0081
:1065180013070C01210B14C383264B00DE84628908
:1065280054C383278B004E8B1CC739B5DA85EFF02F
:10653800DFBB95B3DA854E85EFF03FBB4E8BDE842B
:106548006289DDBB03278B0018C50327CB0058C51C
:106558006309F60013070B019307050183260B0156
:1065680035B383260B0113078B019307850114C9E3
:1065780083264B0154C983268B0109BB83278B00D3
:106588002328FC008327CB00232AFC00630DB602D6
:1065980083260B0113078C01410BB5BF2328EC00A0
:1065A8000327CB0093074002232AEC0003270B01A3
:1065B8006309F60293078C01410BADB3DA854E856A
:1065C800EFF0BFB29DBD83270B0113070C02610BCF
:1065D800232CFC008327CBFF232EFC0083260B00F3
:1065E8001DBF232CEC0003274B0193070C02610B02
:1065F800232EEC0003270B0035B383278B002328B9
:10660800FC008327CB00232AFC0003270B01630629
:10661800D60093078C01410B11BD232CEC000327F6
:106628004B0193070C02610B232EEC0003270B0090
:10663800F5BB91CD9307F00F63E6C7002380C50033
:10664800054582809307A0081CC17D5582800145BD
:106658008280B687B2882A832E88639D061463F9E0
:10666800C50A4167636EE61AB70700016363F6342B
:1066780093568601E147174700001307E716369738
:1066880003470700BA97130700021D8F19CB3398E9
:10669800E500B357F500B318E60033E807013313F4
:1066A800E50013D608013355C80293960801C18244
:1066B800935703013377C802B385A60242073368AC
:1066C800F700637AB80046989307F5FF63641801EA
:1066D8006367B8303E853308B8403357C802420371
:1066E800135303013378C802B386E60242083368BD
:1066F8006800637BD80046989307F7FF6365180125
:1067080079176363D8003E874205598D8145828099
:1067180001E60547B358C702416763EAE80EB707C1
:10672800000163ECF82893D68801E1471747000079
:106738001307870B369783460700BE969307000218
:10674800958FE5EB939E08013387154113DF080108
:1067580093DE0E018545935703013355E7033377DD
:10676800E703B306D5034207D98F63FAD700C69764
:106778001307F5FF63E4170163E6D7263A85958F7B
:1067880033D7E703420313530301B3F7E703B30E09
:10679800D703C207B3E7670063FBD701C697930621
:1067A800F7FF63E51701791763E3D70136874205D9
:1067B800598D828063E2D504C16763E2F604B707A6
:1067C800000163E4F61E13D786016148974700006D
:1067D80093878701BA9703C70700130E00024297F1
:1067E800330EEE40631A0E0C63EDB61C3335C5004C
:1067F80013451500814582808145014582809307B4
:10680800F00F63F3D71C13D786002148C1B71307CD
:10681800F00FC686E37C17F193D68800A14739B7F5
:106828001307F00FB286E378C7E493568600A147B2
:1068380099B5B398F80033D6D50013DF0801335E55
:10684800E6033397F500B356D500558F939E08019C
:1068580093DE0E013313F50093550701B376E60373
:10686800B387CE03C206CD8E63FBF600C696130629
:10687800FEFF63E4161763F2F616791EC6969D8E20
:1068880033D6E60393170701C183B3F6E6033385CE
:10689800CE02139706015D8F637BA7004697930787
:1068A800F6FF636817136376A71279164697931550
:1068B8000E01098FD18D45B5B357E600B396C601D1
:1068C800DD8E33D3E50013DF0601B357E303939E50
:1068D800060193DE0E013398C5013357E50033688E
:1068E8000701935808013316C6013373E303B385D0
:1068F800FE024203B368130163FBB800B69813871E
:10690800F7FF63EAD80C63F8B80CF917B698B388A0
:10691800B84033D7E803420813580801B3F8E8032E
:106928003383EE02C208B3E5080163FB6500B69540
:106938001308F7FF63EDD50863FB65087917B6956B
:10694800C207416FD98F1307FFFFB3F6E70093D84B
:106958000701718F4182B38EE602B3856540B38625
:10696800C60213D80E013387E802BA96C296338658
:10697800C80263F3E6007A9693D80601469663E266
:10698800C5026385C5003E858145828041677D17C4
:10699800F98EC206B3FEEE003315C501F696E37410
:1069A800D5FE1385F7FF8145828013D7060141483C
:1069B80031BD93560601C1477DB993D60801C14739
:1069C800B5B38145054582803687014801B54287C0
:1069D80085BF3E86E9BDBA871DBF328E4DB5791594
:1069E8004698D5B97915C69759BBB68732882A8390
:1069F8002E872E8E6393061463F1C50A4167637868
:106A0800E61A1307F00FB2866375C700935686001F
:106A1800A14717470000130727DD369703470700EC
:106A280093080002BA97B388F840638C0800B395BE
:106A38001501B357F5003318160133EEB7003313B9
:106A4800150113560801B357CE02131508014181E9
:106A580093560301337ECE02B307F502420E336725
:106A6800DE006378F7004297636507016373F700F8
:106A780042971D8FB356C70293170301C18333771B
:106A8800C7023305D5024207D98F63ECA7083385BF
:106A9800A740335515018145828001E605473358E3
:106AA800C7024167636CE80EB70700016365F82AFF
:106AB80093568801E147174700001307E7D2369736
:106AC8000347070093080002BA97B388F840639A0F
:106AD800081E131E0801B385054113560801135EED
:106AE8000E0113570301B3D6C502B3F5C502B38629
:106AF800C603C2054D8F6377D700429763640701C9
:106B0800636AD726158F3355C7024203135303010F
:106B18003377C7023305C5034207B367670063F8D5
:106B2800A700C29763E5070163F3A700C2973385FF
:106B3800A74033551501814582802A88E3EED5F4B4
:106B4800C16763E5F604B707000163E2F62013D3D3
:106B58008601E14897470000938707C99A9703CEB3
:106B6800070013030002469E3303C341631903045D
:106B780063E4B6006369C5003308C540958D3337B3
:106B880005013387E5404285BA8582809307F00F77
:106B980063FBD71C13D38600A1486DBF1307F00F02
:106BA800C286E37A07F193568800A14729B7B70749
:106BB80000016366F61A93568601E14799BDB357FB
:106BC800C601B3966600DD8EB3D8C50113D706019A
:106BD800B3DEE802139F0601B357C501135F0F0127
:106BE800B3956500DD8D13D805013316660033159E
:106BF8006500B3F8E802B307DF03C20833E8080109
:106C0800637BF80036989388FEFF6363D816637138
:106C1800F816F91E36983308F840B357E802C2054B
:106C2800C1813378E802330FFF02131708014D8F33
:106C3800637BE70136979385F7FF6369D71263771C
:106C4800E713F9173697C20EC162B3EEFE00138838
:106C5800F2FFB3F80E019355060193DE0E01337867
:106C68000601B38F08033307E74133880E0393D730
:106C78000F01B388B802C298C697B38EBE0263F3F9
:106C88000701969E41687D1893D50701B3F7070160
:106C9800C207B3FF0F01F695FE976362B70A630E4A
:106CA800B708B307F5403335F500B305B740898D0C
:106CB800339EC50133D567003365AE00B3D5650093
:106CC80082803318180133D7F50013560801B356DC
:106CD800C702131E0801B357F500135E0E01B395E2
:106CE8001501DD8D93DE0501331315013377C702D6
:106CF800B307DE0293160701B3E6D60163F8F60080
:106D0800C29663E5060163F3F600C2969D8E33D7FB
:106D1800C60293970501C183B3F6C6023307EE0294
:106D280093950601DD8D63F8E500C29563E50501DD
:106D380063F3E500C295998D6DB3E374F5F6338678
:106D4800C740B3B7C700B6979D8DB28799BF13D315
:106D58000601C14801B593560801C147A9BB93561E
:106D68000601C1477DB136838148EDB3AE87E1BDE9
:106D7800C68E55B5429779B339714AD813D94501AA
:106D88004ED652D456D29399C50006DE22DC26DAB6
:106D98005AD05ECE1379F97F2A8A93D9C90093DA3B
:106DA800F501630D090E9307F07F6306F918135474
:106DB800D5018E09B36934013704800033E48900B2
:106DC80093143500130919C08149814B13D7460123
:106DD800139AC6001377F77FB285135ACA0013DBDC
:106DE800F601630B07109307F07F6303F7049357CB
:106DF800D6010E0A33EA4701130717C0B707800008
:106E0800B367FA00931536003A99814833C76A0187
:106E1800BD463A851308190063E83617174600007F
:106E2800130686888A09B29983A60900B2968286D3
:106E3800B367CA001309F97F6399071293E9290018
:106E480081458948E1B701479307F07F3704080077
:106E580081443204D20731807E075D8C598CA2852B
:106E6800F250625426854259D254B259225A925A43
:106E7800025BF24B216182805A853E84AE84C68BC8
:106E88008947638DFB0E8D47E38FFBFA85472A8779
:106E9800639EFB3881470144814465BF33E4A90000
:106EA80061C036C632C4638C092A4E85EF300005AE
:106EB8002246B246AA87130755FF7544938487FF75
:106EC800198CB399990033548A0033643401B3148C
:106ED8009A0013D746011309D0C0139AC600137736
:106EE800F77F3309F9408149814BB285135ACA00AB
:106EF80013DBF601E31907EEB367CA00B1C7630FE6
:106F08000A22528532C4EF20707F22462A879306D0
:106F180055FFF547930587FF958F331ABA00B35786
:106F2800F600B3E74701B315B6003309E940130982
:106F3800D9C08148E1BD33E4A90001ECA1498144ED
:106F48001309F07F894B59B593E9190081458548A4
:106F580075BD4E84AA84B1491309F07F8D4BBDB528
:106F6800914981440149854B95B593E93900D28708
:106F78008D4869BD89475685E397FBF02A879307B3
:106F8800F07F01448144F1B5C16E1386FEFF93D6AC
:106F9800040113DE0501F18CF18D338695023383EC
:106FA800B6029358060133059E021A95AA98B38231
:106FB800C60363F36800F692C16F1383FFFF33F5CE
:106FC800670093D30701B3F76800C20733736600FD
:106FD8003E933306950293D80801B387A602135F40
:106FE8000601B3849302BE94FA94B38E760263F3D7
:106FF800F400FE9E416A9307FAFF935F0401B3769B
:10700800F400B3F9F4007D8EC1803384D502C2093F
:10701800338FD401B299CE98B307DE02935E040190
:10702800B385BF02AE97BE9E330EFE0363F3BE0068
:10703800529EC1679385F7FF33F6BE006D8C4206FA
:10704800229693DE0E01B305D502769E3385AF02F4
:1070580013D40501B386D302AA96A296B38FF3037D
:1070680063F3A600BE9F41657D15B3F7A600C2076E
:107078006D8DAA97B3855800B3B93501FA97B295C3
:107088003384370133B6C500B30EC4013385CE004F
:1070980033343401B3B7E701C18F33BECE0113D403
:1070A80006013336C5003E943366CE0093949500AE
:1070B80032947E94B3E46400260493567501B33485
:1070C8009000DD8193179500CD8C558CDD8C93173E
:1070D800740063DB070093D7140085889316F401C6
:1070E800DD8CD58C058042899307F93F6359F008F8
:1070F80093F6740081CE93F6F40011466388C600B7
:1071080093864400B3B496002694B684931674000C
:1071180063D80600B70700FFFD177D8C9307094069
:107128009306E07F63CFF60E93D634009314D40110
:107138002604D58C318093F7F77F21BB328532C482
:10714800EF20D05B93065501F1471307050222464D
:10715800E3D1D7DC6115B317A6008145F9B3EF2059
:10716800F05913075501F145930705022246B24627
:10717800E3D5E5D461153314AA00814499BB85464B
:107188009D8EB1E71309E941B3972401B3D4D40024
:1071980033192401B337F000B3649900DD8C93F7F9
:1071A8007400B356D40081CF93F7F4001146638876
:1071B800C70093874400B3B49700A696BE849397FC
:1071C800860063D8070485470144814459B11306F2
:1071D8008003E341D6CC7D46E356D6FA0556B3077D
:1071E800F640930500023356F4006387B60013098E
:1071F800E943B3172401DD8CB3349000D18C93F6A6
:107208007400014499CA93F7F40011468146E39249
:10721800C7FA139496003180F6068D80D58C814785
:107228000DB99307F07F0144814425B142896DBDB2
:107238005845D445A167FD171356070113D8060111
:10724800931E0701939306017D8E03AF050083AF5C
:10725800450083A2850041118328050003234500CA
:10726800032E850093DE0E017D8393D30301B3754E
:10727800F800FD82630CF60005456387F500639509
:10728800C50005456386E80341018280B3E76800CD
:10729800B3E7C701B3E7D7010545FDF7E396C5FE98
:1072A800B367FF01B3E75700B3E77700F1FFD1BF3A
:1072B800E31CF3FDE31A5EFCE3987EFC0145E3055D
:1072C800D7FC054571F233E568003365C5013365C0
:1072D800D5013335A0004DBF5045D845A167FD17EE
:1072E8001358060193560701032E0500832845000D
:1072F8000323850083AF05001315070103AF45007D
:1073080083AE85003378F800931506014111C181D9
:107318007D824181FD8E7D836303F8046389F602D3
:1073280063170804B3E7C801B3E76700CD8F89EA9C
:10733800B362FF01B3E2D201B3E2A20063830206A3
:10734800B1CF6301E604054539EA41018280B3679C
:10735800FF01B3E7D701C98FE1D77955FDB7B3E787
:10736800C801B3E76700CD8FEDFB638F060399E68D
:10737800B367FF01B3E7D701C98FF1D7E315E6FC7F
:10738800E3C306FD6348D800E36FB5FA6386A50238
:1073980063FAA50209C60545410182806DFF7D5546
:1073A8006DB70145DDD345B7B367FF01B3E7D70133
:1073B800C98FE9D7795551BFE3E76EF863866E0048
:1073C800E36AD3FD014551B7E36F1FF7630B1F0154
:1073D800E3E2E8FD0145E31A1FF7E378FEF745FE0F
:1073E8007DBFE3F7CFFF85B75045D845A167FD17A7
:1073F8001358060193560701931E070183A205003F
:1074080083AF450003AF85003378F8009315060174
:107418004111032E05008328450003238500C181FF
:107428007D8293DE0E01FD8E7D836307F8046383FE
:10743800F602631C0804B3E7C801B3E76700CD8F01
:107448008DE633E55F003365E5013365D50111ED60
:10745800BDC339A8B3E75F00B3E7E701B3E7D701D6
:107468000945B1EBE30908FC0DA0A1CB630BE602CB
:10747800054531C27D5581A0B3E7C801B3E7670070
:10748800CD8F09458DEB638D060381EAB3E75F0075
:10749800B3E7E701B3E7D701E1DFE31BE6FCE3C9A4
:1074A80006FD6348D800E3E5BEFC6383D50363F7B4
:1074B800D50369D20545410182806DFF7D55E5BF41
:1074C800B3E75F00B3E7E701B3E7D701F9D7E5B75B
:1074D800E3606FFA63066F00E36DE3FD0145E1BF0A
:1074E800E3E81FF9638B1F01E3E5F8FD0145E39429
:1074F8001FFDE3725EFC5DFEB5BFE3F7C2FF8DBF03
:10750800317152D503AAC500DC4194454AD903A973
:10751800050013170A01A16522DD418313540A01EE
:10752800FD1526DB4ED756D35AD15ECFD2D606DF0D
:1075380062CD66CB6AC96EC7CAD0BED2B6D44AD8A5
:107548003EDA36DC3ADE6D8CAA84832A0600032BE9
:107558004600832B86008329C600135AFA0163026A
:1075680004226309B42A370608000E0713D5D6018A
:10757800518F93D5D7011356D9018E07498F8E069F
:1075880071755D8ECD8E9317390005053ADE36DCB0
:1075980032DA3ED82A940149014C13950901A167B2
:1075A80013D709014181FD17CED6D6D0DAD2DED461
:1075B800D6C0DAC2DEC4AAC67D8F93D9F9016309A1
:1075C80007126300F706B70708000E059356DB019C
:1075D8005D8D0E0B93D7DA01336BFB00F17713D671
:1075E800DB0185078E0BB3EB7601518D8E0ABA97B6
:1075F800AAC6DEC4DAC2D6C03E9481461306140079
:10760800B3473A013D4732C2BE85636C272317361C
:1076180000001306660D1317290032971843329796
:107628000287B3EA6A01B3EA7A01B3EAAA003A9494
:1076380063950A20136929008946C9B721678147DC
:107648007D17A16601450148814546072316D106E5
:107658004583931607013657370601807D16718FCB
:10766800558F0607FA506A54FE0705835D8F88C454
:107678008CC023A20401D8C426854A59DA54BA59C1
:107688002A5A9A5A0A5BFA4B6A4CDA4C4A4DBA4D56
:1076980029618280D285C257E286BEC8D257BECA47
:1076A800E257BECCF257BECE8947638BF6028D47B0
:1076B800E386F6F88547E39BF61EAE8701478146C9
:1076C80001450148814551B7CE858647BEC89647D2
:1076D800BECAA647BECCB647BECE8947E399F6FCDC
:1076E8002167AE877D178146014501488145B1BFB5
:1076F800B3E76A01B3E77701C98F638C0712630B9D
:10770800057EEF20A07F130845FF93080002B38889
:10771800084181473307F0400A078C0031072E974C
:10772800139E270014430326C7FF3303C701B396EC
:10773800060133561601D18E2320D3007117E39327
:10774800E5FE18013A9E0647FD1733180701232066
:107758000EFD7D576381E7028A07AE9723A00700D5
:107768001387C7FF6389F500BA8723A0070013872B
:10777800C7FFE39BF5FEF177C507898F3E948146E5
:10778800B5BD33E62701558E598E45C2630F077A7A
:107798003A85EF20A076130845FF93080002B388C6
:1077A80008410147B307E0408A070C18B107AE97B4
:1077B800131E2700944303A6C7FF3383C701B3965C
:1077C800060133561601D18E2320D300F117E39317
:1077D800F5FE1C013E9EC2577D17339807012328EA
:1077E8000EFBFD576302F7020A07B387E50023A0E3
:1077F80007001387C7FF6389F500BA8723A007002E
:107808001387C7FFE39BF5FE71744504098C014992
:10781800014C61B3B3E72701D58FD98F81E721499F
:10782800094CA5BB31490D4C8DBB11490144054C90
:10783800ADB3136919008546D1B3136939008D4674
:1078480075BBC2560645C1651387F5FF13DE0601F1
:1078580093520501F98E798D3307D5023306AE02AE
:10786800135B07013388D2023298429B330C5E02C5
:107878006373CB002E9C164641689305F8FFB378D6
:10788800B600935E06013376BB006D8F42063297D1
:10789800B3051E033AD6BAD046CE76C6135B0B01A3
:1078A8003383D8023387DE02935803012E97BA98A0
:1078B800B30BDE0363F3B800C29BD25541671306CE
:1078C800F7FFB3FAC80013DF05013373C300F18D66
:1078D800C20A9A9AB30EB5027AC893D80801330837
:1078E8005B013303AF0213D60E013389B2021A9932
:1078F8004A963389E203637366003A994163930FAA
:10790800F3FF3377F6014182C243B2493299724696
:10791800131F070133F7FE01B38EC5027A97B38FA1
:10792800C30213DF0E013386B9027E967A96338F2F
:1079380079026373F6011A9FA64F41639303F3FF1D
:10794800337A760033FB7F0093D90F01B3FE7E00B4
:107958004182420AB30FDB02330DE601769A5ACC14
:107968004ECA33066E0393D30F01B38ED902B29E6B
:10797800F693330B3E0363F3C3001A9BE25E416642
:10798800930CF6FFB3F9930113DF0E01B3FF9F01C8
:10799800B3FE9E0193D30301C2093383AE02DA9387
:1079A800FE99330BAF02935C0301B38FD203DA9FC6
:1079B800E69FB38CE20363F36F01B29C330B0C01B7
:1079C8003648B33A5B0133865801C168138CF8FF17
:1079D8005E96B308EB00135B080133B7E80046D0A6
:1079E8005AC4B308260133788801338BE80033730F
:1079F800830133B92801B3F88F01224C3337EB00E8
:107A08003369E90033365601B30BD802529B4A96C4
:107A1800333A4B016A96330746014E9BC208B33985
:107A28003B01B30D770033090E039A9893DF0F01DA
:107A380033031B01FE9CB38F3D01338B9F01B33889
:107A480013011AD233031B01B306DC02B338130146
:107A5800B33C9B01333A4701B3EC1C0112578258DF
:107A6800B3B93F013336A601B3B37D00336A46018B
:107A7800B3E93301CA9693DA0B014E9AC6D2BAD447
:107A8800B69AD29CB30F8E0363F42A01C168C69FCD
:107A9800F25641669303F6FF13DE060133FC7A00C3
:107AA800B3F6760093DA0A01B388FA013307D502F0
:107AB800468B420CB3FB7B005E9CB38FD202935D76
:107AC80007013305AE02B388AF00B38F1D01B3823F
:107AD800C20363F3AF00B292C1681385F8FF93DA6B
:107AE8000F0133F6AF00698F52496245B38D5A00D2
:107AF800C2424206B30FB5023A963387A20293D325
:107B08000F013305B9023A95AA933385220363F32B
:107B1800E3004695C1681387F8FF33F9E30093D370
:107B28000301B249AA93724533F7EF004209B382C1
:107B3800D9033A99338AAE023307AF02935F0A0139
:107B48003385E200B382AF00B389E90363F3E2004F
:107B5800C699E24B33078301B3388701B38F6C01B1
:107B6800C16C338C1F011385FCFF3383DB03B3BF68
:107B78006F01524B337AAA00B30ABC01333C1C0193
:107B880032973336C700338DCA004A971AD433F375
:107B9800A20042035293B308DB033339270193D27F
:107BA8000201CE921A9733336700B3BABA01B3EF22
:107BB8008F01BAD6330A7F03B30B7D0033852B01BF
:107BC800B3095500B3B37B0033352501B3E3A300F4
:107BD8002255333DCD0033EDAA0133866900333396
:107BE8006600935D05017E9DB3B25900D298B3E259
:107BF800620033057D00EE9816953303EB0363F3BB
:107C080048016693A253C16F9382FFFF33FA58006D
:107C180033FB5300A249C24293D808019A9833898A
:107C28000203420A5A9A3303B802B385B90293533E
:107C38000301CA959E95B382320363F32501FE9230
:107C48004169930FF9FFB3F9F50193D30501B24ADE
:107C5800F2453373F301C209B38FB6029A9996932A
:107C68003303BE0293D20F01B385DA029A95969533
:107C7800B382CA0363F36500CA92224B4169930A2F
:107C8800F9FF33F35501C181B3FF5F01AE92B38AA7
:107C98000E0342037E93B3050F0393DF0A01B30E6D
:107CA800DB03AE9EFE9E330F6F0363F3BE004A9F55
:107CB800C165138BF5FF33F96E0193DF0E01524C4A
:107CC800E24EB3FA6A014209B38BDE02FA9F569973
:107CD800330FDC0213DB0B01B30ADE03B30E5F01C3
:107CE800330FDB01B30ECC0363735F01AE9E529674
:107CF800333A46014695330D45014E96B339360160
:107D0800B30C7D00B3853C011A96338C5500333390
:107D18006600B30A6C0033B36A00B3325C00B3E2A6
:107D280062002243330BD80233351501333A4D0133
:107D3800B3B53501C16DB3B37C00B3E3B300138DA4
:107D4800FDFF33654501B378AF0133080E031E9577
:107D5800CA9AC208B3035500B3FBAB01C69B33B93B
:107D68002A01FE93135F0F01B306D302769FB385F2
:107D78002301DE9AB3BB7A01B38EE50133857E0118
:107D880093580B01B3BFF30133B92501C29633BF32
:107D9800EE01B33B7501B2D8D6DAC696B3EF2F0120
:107DA800B36B7F01330EC30363F306016E9E416814
:107DB8007D18B3F50601C205337B0B012E9BC182EA
:107DC8005A95FE96333B6501DE96DA96B25502580F
:107DD800369E925633EB05013606B3E56601131B52
:107DE800D7004D839410F2DEAADC518F336BBB00B1
:107DF80098C28C189106638CD500D846904A910693
:107E08004D833606518F23AEE6FEE398D5FE065520
:107E1800B6562656965533376001498FB6CEB2CC42
:107E2800AECABAC81395B600635A05021395F50190
:107E3800135317001318F6019398F60185810582EC
:107E480033656500058B1244B365B80033661601C7
:107E58008582498FAECAB2CCB6CEBAC811677D1733
:107E6800B308E400635E1013464656487647937697
:107E78007600C2858DC69376F60011456381A60209
:107E88001106933646006645B305D800B3B6D5004B
:107E98003695B336D5003697BACE2E8811A06645EA
:107EA8009316B70063DA0600B706F0FFFD16758F64
:107EB800BACE1167B308E400F6462167931ED501D0
:107EC800139ED6010D82F605135838000D81130351
:107ED800E7FFD18D3368D8013365C5018D827D17E1
:107EE800634F13FD33F7E800C2064207C18241839E
:107EF8006FF0AFF5639E0B16630B0B1C5A85EF10E2
:107F0800F07F13050504930745FF13F8F7019587DC
:107F18006311081A3307F0400A078C0031072E97BF
:107F2800104393982700B306170190C21308C7FFA0
:107F3800638BE50042871043B30617011308C7FF98
:107F480090C2E399E5FEFD1729B0639D061063848E
:107F5800071A3E85EF10907A13050504130745FFAD
:107F68001378F7011587631A0816B307E0408A07E4
:107F78000C18B107AE97904393182700B3861701E2
:107F880090C21388C7FF638BF500C2879043B386FE
:107F980017011388C7FF90C2E399F5FE7D1791B0CA
:107FA800054733071741639B080C935557401375D2
:107FB800F7010146130801058D468D8E631A0514D5
:107FC80042858A050147B308B50083A80800110552
:107FD8000507232E15FFE3D8E6FE85061147638BB8
:107FE800E6008A063307D8009410232007001107FB
:107FF800E31DD7FEC6463336C0007647558EB2C855
:108008009376760095C69376F60091456382B6021C
:108018005645110693364600E6453695B336D500E3
:10802800B695B3B6D5003697B2C8AACAAECCBACE02
:108038009316C70063C7060C4287EC0814435043E5
:1080480011078D827606D18E232ED7FEE398E5FEA2
:10805800F646C64556488D82C2066645C182014726
:108068006FF0AFDE3685EF10706913050502FDB5B8
:108078005E85EF10B0681305050271B593064007D9
:1080880063CEE6E2935857401375F7016386080EEE
:1080980013080105939628004287C29601460C43AF
:1080A80011074D8EE31DD7FEC68539B7AE8712443A
:1080B80075B3930800020D47B3880841639CE7E451
:1080C80033980A01C2C689478C006FF0EFE85685DD
:1080D800EF10D062130505063DB5930800028D47E1
:1080E800B38808416310F7ECB31709013EDE09476E
:1080F8000C186FF06FEF4A85EF10506013050506F6
:10810800B1BD054781460145014881456FF0EFD370
:108118001397280000012297032707FD130E00027A
:10812800330EAE403317C701598EA9C213972500E5
:10813800139F26004297C288B30EE8010C4303231D
:1081480047009108B3D5A5003313C301B3E5650013
:1081580023AEB8FE1107E3931EFF18013A9F764736
:1081680085063357A7002328EFFC8DBD7647854643
:108178003357A700BAC8B5B519E581458D460146FC
:108188001308010535BD4646130E0002330EAE40F6
:108198003316C60181458D461308010541BF1D717F
:1081A8005846A6CAC44583288600832346009445BA
:1081B80003A30500DC41A2CC0042139804019315E7
:1081C800070113580801C181935FD30113DFD6015A
:1081D8001396360093923300135ED401CEC6D2C4F0
:1081E8009399380013DAD801D6C20E0893DAD7016A
:1081F8008E058E0793D6D301A16EFD1EB3E7F70156
:1082080033EEC201935F070193123400CAC8336F7B
:108218000F0113D9040133E6CA000E03B365BA008F
:10822800B3E636013379D901B3FFDF0122D846DC42
:108238003ADE86CE7ACE32CC3ECA1AC81EDA2ED69E
:1082480036D472D216D02A84FD807D83B308F941D2
:10825800638BDF19134717006386E42C6353100DF3
:10826800639E0F183367DE004D8F3367570063082E
:1082780007621387F8FFE309072CA166FD166380E0
:10828800D8629306400763C8E618BA8813D85840DE
:1082980093F8F801E30F0842930E01021317280020
:1082A800F686014E76979106336E5E006309D70015
:1082B80083A206009106336E5E00E31BD7FE428759
:1082C8000D4533050541E3910812F68693152800FC
:1082D8003387B60018439106850823AEE6FEE359B6
:1082E80015FF1147330707419146630AD7000A076C
:1082F80076970C18232007001107E39DE5FE925E90
:10830800A2553337C0010255325E3388D741B306D0
:10831800B640498FB3B807013335D600330FCF4184
:1083280011A26392082CA16E130519001388EEFFA1
:10833800337505016314056433E5C7003368DE004F
:108348003365E5013368B800336565003368580064
:10835800E3160936E308051A630308543305534046
:108368003388C741B338A300B3081841330AD6404D
:10837800B33346012AD846DAB3BE07019E8F637429
:10838800A300E380C74FB30EDA4176DCE3EE074D76
:108398003308BF403308F84142DE931FC800E3D7D3
:1083A8000F4A33856240B308FE4033B8A2003388D1
:1083B80008413386C640B3B6C60042DA2AD83333FA
:1083C8001E01368863F4A200E38FC7573306664060
:1083D80032DCE36C1E57B385E5413388054142DE44
:1083E800BA846F00C07F3365DE004D8D336555005C
:1083F800E30205E6638EE44AE35510F321677D172F
:108408006303E95E3708080033E8050142D613071D
:108418004007E35D17E7B2863E88014581488145FC
:10842800814E05473307E340333EE3003308C84134
:108438003AD842DA6374E3006380D74FB3861641B3
:1084480036DC639D084C3308AF4042DE9317C80002
:1084580063CC073442557257937775003A88E3879F
:1084680007129377F50011476382E7025256110508
:108478009337450062573E96B337F6003E97B337B9
:10848800F7003E982AD832DA3ADC42DEB70708000D
:10849800B377F800E38C0724A1673707F8FF7D1747
:1084A80093081900FD173377E8006383F82ED25537
:1084B8004255AE8662561353350021651318D6010E
:1084C8009317D701F6068D810D827D15B3E66600F8
:1084D800B3E505015D8E0D836382A82A42074183B7
:1084E80013F81400939718012316E100C583139716
:1084F8000701B247370501807D15E98FD98F8607B7
:108508001317F8018583D98F14C04CC010C45CC4FC
:108518002285F6406644D6444649B649264A964AD4
:10852800256182806356103963910F1A3367DE0024
:108538004D8F33675700630407361387F8FF6306C8
:108548000776A166FD16638CD8349306400763CB83
:10855800E618BA8893D6584093F8F801638D067ADE
:10856800930E0102139526007687814576951107AB
:10857800B3E555006309E500832207001107B3E559
:108588005500E31BE5FE36870D483308D840E394D1
:10859800080C7687139E26003305C701084111078A
:1085A8008508232EA7FEE35918FF1147B306D740C5
:1085B8001147638BE6008A063387DE0014182320F0
:1085C80007001107E39DE6FE225792563335B000A7
:1085D800329782553338C7003256BE964D8DB3B7A1
:1085E800F600329F29A2B3882F416312094E33E562
:1085F800C7003365E501336565006306056E1385BD
:10860800F8FFE305051AA167FD17638EF86C930759
:10861800400763CBA74CAA8893D7F84113D6B70174
:10862800B383C800FD8BC69793F3F3017D45958707
:10863800B383C340E3501525930E010101467685A7
:10864800014F0506336F6F001105635AF6000323C7
:10865800050005061105336F6F00E34AF6FE3E86F6
:108668006343F00005460D483308F840E394030AD5
:10867800768693982700330516010841110685036D
:10868800232EA6FEE35978FE1146B307F6400D46A1
:10869800634AF6008A07F697101023A0070091078F
:1086A800E31DF6FED24E6245B337E0014248724FF1
:1086B800B308DE413386A640B3E7070133331E0112
:1086C80033B8C600B385E5413DA121677D17630C2A
:1086D800E9303708080033E8050142D61307400798
:1086E800E35A17E7BE8632870148814705451A9540
:1086F800333365009A9633B36600B3E767003E9755
:10870800B337F7003368F8007A982AD836DA3ADCB3
:1087180042DE9317C800E3D007D4B705F8FFFD156C
:108728003378B8001C1842DED8439316F50105814A
:108738007E079107598D701823AEA7FE0509630CB3
:10874800F6008843D843910705817E07598D23AEEB
:10875800A7FEE318F6FE72574255B337D0001358F8
:1087680017005D8DA16742DE2AD8FD176319F94607
:1087780002DE02DC02DA02D8CA8835A2CD8ED18E9A
:10878800D98E89EE13F8140001468145014799BB3B
:1087980002DC814601450147814529BB0148216723
:1087A8000146814581463DBB370508007D15337577
:1087B800A8002ADE630A0514EF1040745115935778
:1087C800F54193D6B7013306D50013F7F7017D8A33
:1087D8002A97158E158763180614B306E0408A0693
:1087E8000C18B106AE96904293182700B38716016D
:1087F80090C31388C6FF638BD500C2869042B387A7
:1088080016011388C6FF90C3E399D5FE7D17FD575F
:108818006301F7020A072E97232007009307C7FF73
:108828006389E5003E87232007009307C7FFE39B82
:10883800E5FE6341250D3305254105059357F541AF
:1088480013D7B7013308E500FD8BAA971378F80111
:10885800FD4695873308E84063DFA664AE86014588
:108868000147904205079106518DE34CF7FE3E877C
:10887800635FF03C8D48B388F840631E082C2E8750
:1088880013962700B306C700944211070508232E44
:10889800D7FEE3D908FF1147B307F74039AE1AD816
:1088A8003EDA32DC7ADED25542557257AE8619B1BD
:1088B80063910814A16E930819001387EEFF33F72C
:1088C800E8006313074E33E7C7003367E7013367F0
:1088D800670063100942630507763367DE00336774
:1088E80057004D8F631707701AD83EDA32DC7ADEEC
:1088F800814855BF7257B707F8FFFD177D8F3309B9
:10890800A9403ADE425589BE6255630D0520EF1035
:10891800E05E130505025DB5FD1636DC0D8E1336D7
:108928001600518D0DB60C1893162700130E000271
:10893800B386D540931E27008D48330ECE409C4603
:1089480003A8C6003383D601B3D7C7013318C800BC
:10895800B3E707012326F300FD18F116E34117FFDB
:10896800894763C4E72E931727009400B697C25629
:108978007D173396C60023A8C7FE51BDB3085340E0
:10898800B383C741B33E1301B38ED341330AD640F4
:10899800B339460146D876DAB3BF77004E88637E8E
:1089A8001303639CC703930FFAFF7EDC13351A0089
:1089B80033E8A9003305BF40330505412ADE131803
:1089C800C500634A0844B3E7D801B3E7F701C98F84
:1089D800E39207DE81488144F9B5B30FFA417EDCA2
:1089E800E3FA77FCE1B71AD83EDA32DC7ADECA88D5
:1089F8005DBDB3882F41631E092433E7C700336781
:108A0800E70133676700630E07561387F8FF6304AF
:108A1800076EA167FD176386F8569307400763C77B
:108A2800E724BA8893D7F84113D7B701338FE80002
:108A3800FD8BC697137FFF017D469587330FEF4067
:108A4800635B1671930E010101477686814805071D
:108A5800B3E868001106635AF70003230600050708
:108A68001106B3E86800E34AF7FE3E876343F00067
:108A780005470D483308F84063140F60768713954F
:108A880027003306A70010421107050F232EC7FE43
:108A9800E359E8FF1147B307F7400D47634AF7006A
:108AA8008A07F697181023A007009107E39DE7FEB1
:108AB80062475246C24736973338D700F2463335B5
:108AC800100172965D8DB695B337C6016DA2A16788
:108AD800FD17638EFF243708080033680F0142CE64
:108AE80093074007E3DA17B33686F2880148014353
:108AF8000145814E8547B387F24033BFF200B38802
:108B0800E8413ED846DA63F4F2006306DE2933060C
:108B1800664032DC631303283388054142DE7E89D0
:108B2800BA842DB25255631D05164255EF10003D0B
:108B3800130545051376F50113575540E30F06C88D
:108B48009307F005E3D1A7DEC25709470C183396FF
:108B5800C70032DEC1B10A0794003697032707FF22
:108B6800930E0002B38E0E413317D701598D6387D8
:108B7800081C3383F800139727000A03330FF040CB
:108B88002E972E930A0F14435043330EE701B3D6A2
:108B980006013316D601D18E2320DE001107E31417
:108BA800E3FE9400139728003697F25633D806014F
:108BB8009146B387F640232807FF0D47634AF7001D
:108BC8008A07AE97980023A007009107E31DF7FED8
:108BD800C2573335A00072585D8D2AD80149937762
:108BE8007500E39007885DB00A079400369703275D
:108BF80007FE93020002B382124133175700336E07
:108C0800EE00630F0510931528000A05F695768780
:108C1800B383AE00944183AF45001107B3D6160164
:108C2800B39F5F00B3E6F601232ED7FE9105E393C9
:108C3800E3FE98003A953257B358170111473307A6
:108C48000741232015FF6FF02FEA094729BB054785
:108C580015B1A167FD176381FF4E37080800336817
:108C68000F0142CE93074007E3DE17DB3687728693
:108C78000148814705451695B3325500B386C200B1
:108C8800B3B25600B3E757003E97B337F7003368DF
:108C9800F8002E982AD836DA3ADC42DE7E8995BC6E
:108CA800EF10C0251305050411BE330553003333F7
:108CB80065003E9EB3086E00B337FE0033B368000C
:108CC800B3E76700B2963387F600B337F700B3B659
:108CD800C600D58F3308BF003E982AD846DA3ADC5A
:108CE80042DE05493DB416D872DA36DC2EDEBA8487
:108CF8005DBE631F071E16D872DA36DC2EDE938837
:108D0800FEFF55B616D872DA36DC2EDE8144E30C47
:108D180008B8BA8449BE81450147930E0102ADB037
:108D2800B2560547B3D8160146D06FF04FDC16D8B7
:108D380072DA36DC2EDEFE88BA84B5B672578547FD
:108D48003358070142D8ADBDB30253403385C741FC
:108D5800333753003307E540330AD64033364601EC
:108D68003ADA16D833B7A700B2866374530063881B
:108D7800C7173307EA403ADC63E6A7163308BF4053
:108D88003308D84042DE05496FF04FECD255CA8807
:108D9800AE866FF02FF27D1632DCB387A64093B70C
:108DA80017003368F8008DBB9A9233B362003E9E79
:108DB800B30F6E0033B36F00B337FE00B296B3E75C
:108DC80067003383F60033B7C600B337F3005D8F0F
:108DD8003308BF0042971395FF0193D212009316F0
:108DE800F30193DF1F00935713001316F701336540
:108DF8005500B3EFF601D18F135817002AD87EDA41
:108E08003EDC42DEFD1E4689E39BD8DD02DE02DC45
:108E180002DA02D849BC338362403308FE4033B5D6
:108E280062003305A8403386C640B3B6C6002ADAC6
:108E38001AD833350E01B68863F462006381C71708
:108E4800098E32DC636F0E153385E5413305154114
:108E58002ADEBA8485B20A0788002A97032707FE04
:108E680093020002B382124133175700D98D630D64
:108E78000826139526000A087695768EB3830E0188
:108E88001841832F4500110E33571701B39F5F0018
:108E98003367F701232EEEFE1105E393C3FF980015
:108EA8003A983257B35817011147B306D7402320D1
:108EB80018FF6FF0EFEF014501476DBA61E96301F3
:108EC800080416D872DA36DC2EDEBA849388FEFFE0
:108ED800D9BA014E0147930E01026FF06FBE930796
:108EE800FAFF3EDC93361A00D18E49BDCA8865BAAE
:108EF8003368DE00336858003368B800630A08082E
:108F0800B70704003EDE02DC02DA02D88144938807
:108F1800FEFF51BA0A0688002A96032606FD1309A1
:108F280000023309794033162601336FCF006309F5
:108F380008223303F800139627000A03B304F0400D
:108F4800769676938A04084283284600B3099600E9
:108F580033557500B39828013365150123A0A9007E
:108F68001106E312C3FE8800131628002A967245DC
:108F7800B35375001145B307F540232876FC6FF00D
:108F88000FF116D872DA36DC2EDE31BAE31A08F69B
:108F98001AD83EDA32DC7ADE9388FEFF29B27D16D3
:108FA80032DC13351A00B3E8A60079BD338362407A
:108FB800B30EFE4033B8620033880E413385C64095
:108FC800B3BFA60042DA1AD83338DE01FE8863F44C
:108FD80062006388C715330505412ADC6365DE1521
:108FE8003388E5413308184142DEBA8405496FF0F9
:108FF800EFC533055300333365003E9EB30E6E0054
:10900800B337FE0033B36E00B3E76700B296B38898
:10901800F600B3B7F80033B7C6005D8F3308BF005A
:1090280042972AD876DA46DC9317C70063D307102D
:10903800B707F8FFFD177D8F3ADE05496FF0CFC1FE
:1090480016D872DA36DC2EDE8148B1B8B36715015E
:10905800B3E7D701B3E70701E39307B88144814831
:1090680099B0930EFAFF76DC13381A00B3EF0301B8
:109078006FF00FB2014F0146930E01016FF0AFDEA2
:109088000A0790003297032707FD93090002B38966
:10909800E94133173701B3E8E800630A080C3303E2
:1090A800F800139727000A033309F0407697769360
:1090B8000A0910434843B30327013356E601331521
:1090C8003501498E23A0C3001107E314E3FE900085
:1090D8001317280032977246335FE6011146B3072B
:1090E800F6402328E7FD55BA32578546B35817018D
:1090F80046D06FF04FCC33055300B3325500F2978A
:10910800B3885700B3B25800B3B7C701B3E75700E5
:1091180036963307F600B337F7003336D600D18FCB
:1091280055BE7D152ADC158E13381600B3E80F01DD
:1091380045BD3ADE6FF04FB216D872DA36DC2EDE55
:10914800FE886FF04FF67D1632DC13381A0033E8CC
:1091580006016FF04FA881480147930E010111BA2B
:1091680072468547B35376001EC86FF0AFD2724778
:109178008547335FE7017AC825B258454C41032833
:109188000500104501119316170091672EC22ECACB
:1091980042C032C43AC642C832CCC5829385E7FF82
:1091A800014563DED5009385D701131607017D833A
:1091B80063D9D500370500801345F5FF3A95056159
:1091C80082809387F706958F4182C166558E130575
:1091D800000293D657408D45FD8B32CEB308F5403B
:1091E800958DB1CF05456397A5061388160008101D
:1091F8000A088A06AA962A98032508FF03A806FFE4
:109208008946331515013358F800336505012AC816
:109218008A050810AA953356F60023A8C5FE8A06C3
:109228001C08B697141023A007009107E39DD7FEEA
:10923800C2473305F04041F73E8505618280939728
:1092480026001010B29703A607FF9147B386D740B0
:1092580032C8F1B785466DBF797126D206D622D4B9
:109268004AD0AA84B1C593D7F54133C4B7001D8C41
:10927800228513D9F501EF0070489306150511678B
:10928800790722C802CA02CC02CE13F6F6013305CA
:10929800A74035C29307F00563DFD70A09478D4712
:1092A8008A071410B6973314C40023A887FE9DA814
:1092B800014981470147014601450148C607231670
:1092C800E100C58313970701B247B7060180FD1671
:1092D800F58FD98F86079315F901B25022548583EB
:1092E800CD8FC8C023A0040190C4DCC426850259D0
:1092F80092544561828013D756408D47998F10103C
:109308008A07B29703A607FF9307F00532CE63CD0D
:10931800D7048947998F8A071810BA9783A707FF38
:1093280005473ECC10080A0732972320070093060A
:10933800C7FF6309E6003687232007009306C7FFA7
:10934800E31BE6FE93171501424852456246035750
:10935800C101C583A5B793070002918FB357F400E5
:109368003ECE054789472DBF09476DBF39719357D1
:1093780075014AD856D25ECE931A95001359F50155
:1093880006DE22DC26DA4ED652D45AD093F7F70FEF
:1093980093DA9A00CA8B638207121307F00F63846B
:1093A800E7128E0A37070004B3EAEA00138A17F8AF
:1093B8000144014B93D775019394950093F7F70FE8
:1093C800A58093D9F501FDC71307F00F6387E7025E
:1093D8008E04938717F837070004D98C330AFA40AC
:1093E8008146558C17170000130707340A043A946E
:1093F8001C4033493901BA978287130A1AF0F9E8F1
:109408008946558C17170000130707360A043A9443
:109418001C4033493901BA97828701491307F00F75
:10942800B707400013959700F250625493177701DD
:1094380025817E095D8D33652501D2544259B25983
:10944800225A925A025BF24B216182801307F00F75
:109458008147C9BFA68ACE8B368B8947630BFB1A17
:109468008D47E30CFBFA8547630AFB0A1307FA07E3
:1094780013F91B006357E01293F77A0099C793F723
:10948800FA0091466383D700910A93974A0063D9FB
:109498000700B70700F8FD17B3FAFA0013070A0820
:1094A8009307E00FE3C4E7FA93976A00A58313775D
:1094B800F70F8DBFB9E48546A9B763940A02114432
:1094C800014A054BC5BD63990A002144130AF00FF0
:1094D800094BCDB58D4631B73144130AF00F0D4B0A
:1094E800D1BD56852EC6EF0070219307B5FFB39AFC
:1094F800FA009307A0F8338AA7400144014BB2450C
:1095080055BD2685EF00901F1307B5FFB307AA00C6
:10951800B394E400138A67078146E1B513F91B0089
:109528000147814701B74166139554007D1693574B
:109538000501698E63FA9A0AB3D5FA027D1AD686AE
:1095480001473388C502B3F6F602C206558F637B1E
:1095580007012A979386F5FF6368A70A6376070BC6
:10956800F9152A9733070741B356F7023377F702FD
:10957800B38AC6029317070163FB5701AA9713879B
:10958800F6FF63E1A70863FF5707F916AA97C20514
:10959800B38A5741D58DB33A5001B3EA5501CA8B06
:1095A800F1B58546998E11C76D4601478147E34B52
:1095B800D6E6130AEA09339A4A01B3D7DA00B33A6E
:1095C8004001B3E7570113F7770019C713F7F700FE
:1095D80091466303D7009107139757006348070222
:1095E8009A07A58301473DBD93D61A00B3D5F60265
:1095F8001397FA0141833388C502B1B7CE8B368BF6
:10960800814AA1BDBA8661B7B685A9BF054781471A
:1096180011BD13F91B001307F00F814721B59356AD
:109628007501B7078000FD1713D6750193F6F60F7D
:109638001308F00FB3F8A7001357F501ED8F137651
:10964800F60FFD8163810603630C06018DE211E2CA
:10965800B1C3638E08026305B70405451DE7828020
:10966800F5D779558280E39E08FE6309D60211E298
:10967800EDD7E314B7FEE342D6FE63C7C600E3EEB8
:1096880017FD0145E3FDF8FC01E77D558280F5DD16
:10969800054582800145E39208FC8280F9DBD1B759
:1096A8008146E1BF93567501B7078000FD1713D6B1
:1096B800750193F6F60F1308F00FB3F8A7001357C8
:1096C800F501ED8F1376F60FFD81638706036309B5
:1096D800060185EA11EA89EB0145639B080082804F
:1096E8000945F5FFE5DA31A8638C08026300B70481
:1096F800054575D77D55828009456398080263043E
:10970800D60211E2F5D7E315B7FEE343D6FE63C7E9
:10971800C600E3EF17FD0145E3F3F8FC19E3D9BFF1
:10972800F1D905458280E5D3828082808146C5B71C
:10973800797122D4135475014ECE52CC93199500E9
:1097480006D626D24AD056CA5AC81374F40F93D9EB
:109758009900135AF50169C49307F00F6308F40ED2
:109768009397390037070004B3E9E700130414F8A6
:109778008144014B13D77501939A95001377F70F1E
:1097880093DA9A0013D9F50145CF9307F00F630CCC
:10979800F7028E0A130717F8B7070004B3EAFA00AE
:1097A8003A94014633452A01BD47AA869305140019
:1097B80063E0971017170000130707FF8A04BA948D
:1097C8009C40BA9782871304F40F63960A0C93E4BB
:1097D80024000946C1BF01451307F00FB707400031
:1097E800B2502254A6075E07A5837E05D98F9254EE
:1097F8000259F249624AD24A424B5D8D45618280E4
:10980800CA86D689328B8947630FFB088D47E304E4
:10981800FBFC854736856310FB1A01478147C9B7AA
:10982800639D090413D77501939A95001377F70F71
:1098380091440144054B93DA9A0013D9F50131F7A5
:10984800639D0A0093E414000546A9BF63920902C8
:10985800A1441304F00F094B31BF568545259307E2
:10986800B5FF098CB39AFA001304A4F801461DBF8A
:10987800B1441304F00F0D4BF5BD4E852EC6BD2D1A
:109888009307B5FF1304A0F8B399F900098C814434
:10989800014BB245C5B593E434000D4621B789475D
:1098A800D286E315FBF636851307F00F81470DBF07
:1098B80041639306F3FF13D6090193D80A01B3F75E
:1098C800D900B3FADA0033885703B389F80213577B
:1098D8000801B30A5603D6994E97330616036373E5
:1098E80057011A96C167FD17B376F7003378F80069
:1098F800C206C2969399660093570701B33930019F
:10990800E982B2979A07B3E6D900B3E9D7009397EB
:10991800490063D9070013D7190093F71900B369F1
:10992800F7002E841307F4076350E00493F77900D7
:1099380099C793F7F90091466383D70091099397E4
:10994800490063D90700B70700F8FD17B3F9F90014
:10995800130704089307E00F63CBE70493976900A4
:10996800A5831377F70FADBD8547B386E74011C7C9
:109978006D4601478147E345D6E61307E409339767
:10998800E9003337E000B3D7D900D98F13F7770050
:1099980019C713F7F70091466303D7009107139788
:1099A8005700634C07009A07A583014715BD1307A5
:1099B800F00F814735B52E84B5B7054781470DB5FA
:1099C80037068000135775019307F6FF1377F70FD3
:1099D8009305E007B3F6A7009357F50163FCE5008C
:1099E8009305D00963FAE500370500801345F5FFB4
:1099F8003E9582800145828093055009D18E63CDC2
:109A0800E500130660093307E64033D7E60033055F
:109A1800E040F5F33A8582801307A7F63397E6000E
:109A2800FDB713577501370680009307F6FF1377C4
:109A3800F70F9305E007B3F6A7009357F501014523
:109A480063F4E50099C3828082809307E0097D551D
:109A5800E3EBE7FE93055009B3E7C60063D7E500DB
:109A68001307A7F63395E7008280130560093307CB
:109A7800E54033D5E7008280411106C622C426C2DC
:109A88000DCD9357F54133C4A7001D8CAA842285B8
:109A9800B5219307E0093387A74093076009FD8044
:109AA80063CCE702A1469377F70F63D5A60061154B
:109AB8003314A4002604258021A081448147014451
:109AC800260413559400B2402244DE07FE045D8D3F
:109AD800458D9244410182809307900963DDE70038
:109AE8009307B5019546B317F400898E3354D40013
:109AF800B337F0005D8C954763D6A7009307B5FF91
:109B08003314F400B70600FCFD169377740033761F
:109B1800D40085C39377F4009145638CB700110690
:109B28009317560063D707009307F009758E33879C
:109B3800A7401314660025809377F70F51B7935702
:109B480046011317C60093F7F77F7971318393861F
:109B5800170022D426D206D64AD02EC83ACA02CE38
:109B680002CC93F6E67F2A849354F601A1CE91663F
:109B7800938606C0B69713D645009316C701C60745
:109B8800D18E1395C5011183C58301482316E100C1
:109B98003247C607B7050180C583FD15C2076D8F1B
:109BA800D98F86071396F4018583D18F48C0232067
:109BB800040114C45CC42285B25022549254025940
:109BC800456182803365B700BDE751CD55C33A85FD
:109BD8003526130715031378F7011587631D080A3F
:109BE800100893162700B306D6408A881318270052
:109BF800CC46B3870601F116CCC7E39BD8FE7D1788
:109C08000A073297232007009306C7FF6309E60077
:109C18003687232007009306C7FFE31BE6FE9167FC
:109C28009387C7C0898FC60742485245E246035703
:109C3800C101C583A1BF15C1A1671355470093167C
:109C4800C7013367F50013D645004207D18E139537
:109C5800C5014183FD17014815BFA1678146FD175E
:109C68000147014825B7814681470147014839BF67
:109C78002E852E896124130715051378F70113051E
:109C880005021587E30E08F489476306F7000947BC
:109C98001008B14835A8B306E0408A061008B10696
:109CA800130E0002B29693182700330E0E4183A5B7
:109CB800C6FF9C4233831601B3D5C501B39707018C
:109CC800DD8D2320B300F116E313D6FE42497D173C
:109CD8001C10BE983319090123A828FF15B70328BB
:109CE800C500184154410C4521659307F5FF1356EB
:109CF8000801139E35007D8E9358D70193D7D6015E
:109D0800131308018E064111B3E7C701B3E6160124
:109D180013530301131E3700930816007915F581B4
:109D28000E033EC436C272C033F5A8001358F801BA
:109D3800B3E5650005C97177130707403A9613071D
:109D4800E07F635DC7041306F07F01478147320750
:109D5800520631837E08518F336707013E85BA85E5
:109D680041018280D58FCD8FB3E7C70105E2F1CBE2
:109D78008147954693D53600139797009396D70158
:109D8800B3E7B60031831376F67FD1B7CDDF01484C
:109D98001306F07F37070800814755BF6346C00A9E
:109DA8009307C0FC634FF60E9307D0033386C74072
:109DB8009357564037070800D98D139527000A870F
:109DC80081462EC6B308A10011077D8AB3E6C601F5
:109DD80063091701032E07001107B3E6C601E31B49
:109DE80017FF0D471D8F79CA93080101AA9883A808
:109DF80008FF130E0002330ECE40B398C801B3E635
:109E0800160175CB0A070A95B30EE1008A880C4142
:109E1800032345009108B3D5C5003313C301B3E547
:109E2800650023AEB8FE1105E3931EFF9145B38785
:109E3800F540B24508082A97B3D5C5002328B7FED0
:109E480061A80146014721B71397460013954700BB
:109E58003367C701F182F18392053337E000C98E79
:109E6800CD8FD98E13F7760011C713F7F6009145F9
:109E7800631CB702370780007D8FE30D07EE0506E8
:109E88001307F07FE301E6EC370780FF7D177D8F2E
:109E98009317D7018D8226071376F67FD58F3183E6
:109EA8007DB585468147014613B7C6FF134717009E
:109EB800BA973707800091067D8FC1B78A85B38826
:109EC800A50083A808009105050623AE15FFE358F1
:109ED800C7FE1147B307F7408A078A97180823A0D7
:109EE80007009107E39DE7FE0247B336D00092478B
:109EF800D98E014685BF854701472DBFC167637E5F
:109F0800F5029307F00F1307000263ECA7009717F9
:109F180000009387678DAA9703C507003305A740FC
:109F280082802181971700009387078CAA9703C521
:109F3800070061473305A7408280B7070001636EB9
:109F4800F5006181971700009387078AAA9703C5D0
:109F5800070021473305A7408280418197170000F9
:109F680093878788AA9703C5070041473305A74009
:109F7800828000000000C84200606A47000070410B
:109F88000000003F5370696E6E696E672031205281
:109F98006F7400004C3A2025642F256400000000EF
:109FA800523A2025642F2564000000005370643A5B
:109FB80020256425252025642525000046696E692D
:109FC80073686564210000004C3A20256400000095
:109FD800523A20256400000045786163746C79204A
:109FE8003120526F742E0000000000000000005F56
:109FF80000000007000700147F147F14242A7F2A1A
:10A0080012231308646236495522500005030000E4
:10A01800001C2241000041221C0014083E081408BC
:10A02800083E0808005030000008080808080060CA
:10A0380060000020100804023E5149453E00427F5E
:10A04800400042615149462141454B311814127F65
:10A058001027454545393C4A4949300171090503EE
:10A068003649494936064949291E00363600000056
:10A078005636000008142241001414141414004128
:10A088002214080201510906324979413E7E111114
:10A09800117E7F494949363E414141227F41412253
:10A0A8001C7F494949417F090909013E4149497ACB
:10A0B8007F0808087F00417F41002040413F017F21
:10A0C800081422417F404040407F020C027F7F04F9
:10A0D80008107F3E4141413E7F090909063E415132
:10A0E800215E7F09192946464949493101017F0105
:10A0F800013F4040403F1F2040201F3F4038403F25
:10A108006314081463070870080761514945430040
:10A11800CA6FFFFFF26FFFFF1A70FFFF3270FFFF79
:10A128004C70FFFF5C70FFFF8470FFFFAC70FFFF97
:10A13800C470FFFFDE70FFFFD27CFFFF5A75FFFF80
:10A148005A75FFFFC67CFFFF5A75FFFF5A75FFFF60
:10A158005A75FFFF0274FFFF5A75FFFF5A75FFFF1C
:10A16800647CFFFF547CFFFF5A75FFFF9E75FFFF5D
:10A178008C7CFFFF5A75FFFF807CFFFF3275FFFF65
:10A188003275FFFF3275FFFF3275FFFF3275FFFF33
:10A198003275FFFF3275FFFF3275FFFF3275FFFF23
:10A1A8005A75FFFF5A75FFFF5A75FFFF5A75FFFF73
:10A1B8005A75FFFF5A75FFFF5A75FFFF8A76FFFF32
:10A1C8005A75FFFF9279FFFF4A79FFFF8A76FFFFF2
:10A1D8008A76FFFF8A76FFFF5A75FFFF5A75FFFFE1
:10A1E8005A75FFFF5A75FFFF4079FFFF5A75FFFF49
:10A1F8005A75FFFF2279FFFF5A75FFFF5A75FFFF57
:10A208005A75FFFFCC78FFFF5A75FFFFAC78FFFF48
:10A218005A75FFFF5A75FFFF6875FFFF5A75FFFFF4
:10A228005A75FFFF5A75FFFF5A75FFFF5A75FFFFF2
:10A238005A75FFFF5A75FFFF5A75FFFF8A76FFFFB1
:10A248005A75FFFF9279FFFFA67BFFFF8A76FFFF13
:10A258008A76FFFF8A76FFFF4876FFFFA67BFFFF1F
:10A268002A74FFFF5A75FFFF3676FFFF5A75FFFF06
:10A27800DA75FFFFA875FFFF5A76FFFF2A74FFFF04
:10A288005A75FFFFCC78FFFF2474FFFFEA7CFFFFBD
:10A298005A75FFFF5A75FFFFB274FFFF5A75FFFF2B
:10A2A8002474FFFF494E4600696E66004E414E0019
:10A2B8006E616E0030313233343536373839616289
:10A2C8006364656600000000303132333435363758
:10A2D800383941424344454600000000286E756CF9
:10A2E8006C290000300000002020202020202020A1
:10A2F80020202020202020203030303030303030D6
:10A308003030303030303030204E614E2000000088
:10A31800202D496E66696E697479200020496E6641
:10A32800696E6974792000004E614E00452564000D
:10A33800FFFFFEFFFCFFF8FFF0FFE0FFC0FF80FF1C
:10A3480000FF00FE00FC00F800F000E000C0008004
:10A35800000000003020FCCFC3A12381E32DDE9F45
:10A36800CED2C804DDA6D80A6482CBD2EAF2D412CF
:10A378002549E42D36344F53AECE6B253FF598F67C
:10A38800D36B5801A687BDC057DAA582A6A2B532FD
:10A3980031E7D404F2E332D332711CD223DB32EE3C
:10A3A80049905A393EA20853FBFE551191FA3919C2
:10A3B8007A63254331C0AC3C6DE2DEDB5DD0F6B399
:10A3C8007CACA0E4BC647C46D0DD553E202A2462E7
:10A3D800B347D798233FA5E939A527EA7FA82A3F9D
:10A3E8005B0BF24A81A5ED18DE67BA943945AD1EBC
:10A3F800B1CF943F71BFB3A9897968BE2E4C5BE198
:10A408004DC4BE9495E6C93F4D3D3D7CBA362B0DF3
:10A41800C2FDFCCE61841177CCABE43F55C1A8A442
:10A428004E401361C3D32B6519E25817B7D1F13FDA
:10A438000AD7A3703D0AD7A3703D0AD7A3703D0A77
:10A44800D7A3F83FCDCCCCCCCCCCCCCCCCCCCCCCC2
:10A45800CCCCCCCCCCCCFB3F0000000000000000F2
:10A4680000000000000000000080FF3F7665924A6F
:10A478004A803F154CC99A97208A025260C42575B4
:10A48800326A52CE9A32CE284DA7E45D3DC55D3B77
:10A498008B9E925A6C52CE508BF1283D0D65170C4D
:10A4A8007581867576C9484D669CF85850BC545CD1
:10A4B80065CCC6910EA6AEA019E3A3461E85B7EAE1
:10A4C800FE981B90BBDD8DDEF99DFBEB7EAA514308
:10A4D80035023701B1366C336FC6DF8CE980C94766
:10A4E800BA93A841F850FB256BC7716BBF3CD5A642
:10A4F800CFFF491F78C2D3400000000000000000D1
:10A5080020F09DB5702BA8ADC59D694000000000E6
:10A5180000000000000000000004BFC91B8E34408A
:10A528000000000000000000000000000000002003
:10A53800BCBE194000000000000000000000000040
:10A5480000000000409C0C400000000000000000DB
:10A55800000000000000000000C8054000000000E6
:10A5680000000000000000000000000000A0024001
:10A5780000000000000000000000000000000000D3
:10A588000000000000000000000000000000504330
:10A5980043000000504F5349580000002E000000AF
:10A5A800002020202020202020202828282828209B
:10A5B8002020202020202020202020202020202093
:10A5C80020881010101010101010101010101010FB
:10A5D80010040404040404040404041010101010EB
:10A5E80010104141414141410101010101010101B5
:10A5F8000101010101010101010101011010101007
:10A608001010424242424242020202020202020286
:10A6180002020202020202020202020210101010DA
:10A628002000000000000000000000000000000002
:10A638000000000000000000000000000000000012
:10A648000000000000000000000000000000000002
:10A6580000000000000000000000000000000000F2
:10A6680000000000000000000000000000000000E2
:10A6780000000000000000000000000000000000D2
:10A6880000000000000000000000000000000000C2
:10A6980000000000000000000000000000000000B2
:10A6A80000000000E4C8FFFFD6C7FFFFD6C7FFFFC2
:10A6B800D4C7FFFFDCC7FFFFDCC7FFFFA2C7FFFF50
:10A6C800D4C7FFFFDCC7FFFFA2C7FFFFDCC7FFFF40
:10A6D800D4C7FFFFD0C8FFFFD0C8FFFFD0C8FFFF17
:10A6E800A2C7FFFF5ED1FFFFE6CFFFFFE6CFFFFF68
:10A6F800E4CFFFFFB2CFFFFFB2CFFFFF58CFFFFF7E
:10A70800E4CFFFFFB2CFFFFF58CFFFFFB2CFFFFF6D
:10A71800E4CFFFFFB0CFFFFFB0CFFFFFB0CFFFFF09
:10A7280058CFFFFF02EEFFFF28EDFFFFFCEDFFFF14
:10A7380030EDFFFFFCEDFFFFF6ECFFFFFCEDFFFF48
:10A7480030EDFFFF28EDFFFF28EDFFFFF6ECFFFFE0
:10A7580030EDFFFF36EDFFFF36EDFFFF36EDFFFF73
:10A76800F6ECFFFFE8ECFFFFE8ECFFFFBCEDFFFFB6
:10A7780098EEFFFFBCEDFFFFB6ECFFFFBCEDFFFF5F
:10A7880098EEFFFFE8ECFFFFE8ECFFFFB6ECFFFFF9
:10A7980098EEFFFFF6ECFFFFF6ECFFFFF6ECFFFF8D
:10A7A800B6ECFFFF0CF1FFFF5EF0FFFF5EF0FFFF6E
:10A7B8005CF0FFFF62F0FFFF62F0FFFF32F0FFFF87
:10A7C8005CF0FFFF62F0FFFF32F0FFFF62F0FFFF77
:10A7D8005CF0FFFFFAF0FFFFFAF0FFFFFAF0FFFF6F
:10A7E80032F0FFFF00010202030303030404040420
:10A7F8000404040405050505050505050505050505
:10A8080005050505060606060606060606060606E4
:10A8180006060606060606060606060606060606D0
:10A8280006060606070707070707070707070707B4
:10A8380007070707070707070707070707070707A0
:10A848000707070707070707070707070707070790
:10A858000707070707070707070707070707070780
:10A868000707070708080808080808080808080864
:10A878000808080808080808080808080808080850
:10A888000808080808080808080808080808080840
:10A898000808080808080808080808080808080830
:10A8A8000808080808080808080808080808080820
:10A8B8000808080808080808080808080808080810
:10A8C8000808080808080808080808080808080800
:10A8D80008080808080808080808080808080808F0
:04A8E800080808084C
:10A8EC00000000001C0B0020840B0020EC0B00204F
:10A8FC00000000000000000000000000000000004C
:10A90C00000000000000000000000000000000003B
:10A91C00000000000000000000000000000000002B
:10A92C00000000000000000000000000000000001B
:10A93C00000000000000000000000000000000000B
:10A94C0000000000000000000000000000000000FB
:10A95C0000000000000000000000000000000000EB
:10A96C0000000000000000000000000000000000DB
:10A97C0000000000000000000000000000000000CB
:10A98C0000000000000000000100000000000000BA
:10A99C000E33CDAB34126DE6ECDE05000B0000007F
:10A9AC00000000000000000000000000000000009B
:10A9BC00000000000000000000000000000000008B
:10A9CC00000000000000000000000000000000007B
:10A9DC00000000000000000000000000000000006B
:10A9EC00000000000000000000000000000000005B
:10A9FC00000000000000000000000000000000004B
:10AA0C00000000000000000000000000000000003A
:10AA1C00000000000000000000000000000000002A
:10AA2C00000000000000000000000000000000001A
:10AA3C00000000000000000000000000000000000A
:10AA4C0000000000000000000000000000000000FA
:10AA5C0000000000000000000000000000000000EA
:10AA6C0000000000000000000000000000000000DA
:10AA7C0000000000000000000000000000000000CA
:10AA8C0000000000000000000000000000000000BA
:10AA9C0000000000000000000000000000000000AA
:10AAAC00000000000000000000000000000000009A
:10AABC00000000000000000000000000000000008A
:10AACC00000000000000000000000000000000007A
:10AADC00000000000000000000000000000000006A
:10AAEC00000000000000000000000000000000005A
:10AAFC00000000000000000000000000000000004A
:10AB0C000000000000000000000000000000000039
:10AB1C000000000000000000000000000000000029
:10AB2C000000000000000000000000000000000019
:10AB3C000000000000000000000000000000000009
:10AB4C0000000000000000000000000000000000F9
:10AB5C0000000000000000000000000000000000E9
:10AB6C0000000000000000000000000000000000D9
:10AB7C0000000000000000000000000000000000C9
:10AB8C0000000000000000000000000000000000B9
:10AB9C0000000000000000000000000000000000A9
:10ABAC000000000000000000000000000000000099
:10ABBC000000000000000000000000000000000089
:10ABCC000000000000000000000000000000000079
:10ABDC000000000000000000000000000000000069
:10ABEC000000000000000000000000000000000059
:10ABFC000000000000000000000000000000000049
:10AC0C000000000000000000000000000000000038
:10AC1C000000000000000000000000000000000028
:10AC2C000000000000000000000000000000000018
:10AC3C000000000000000000000000000000000008
:10AC4C0000000000000000000000000000000000F8
:10AC5C0000000000000000000000000000000000E8
:10AC6C0000000000000000000000000000000000D8
:10AC7C0000000000000000000000000000000000C8
:10AC8C0000000000000000000000000000000000B8
:10AC9C0000000000000000000000000000000000A8
:10ACAC000000000000000000000000000000000098
:10ACBC000000000000000000000000000000000088
:10ACCC000000000000000000000000000000000078
:10ACDC000000000000000000000000000000000068
:10ACEC000000000000000000000000000000000058
:10ACFC000000000000000000000000000000000048
:10AD0C000000000000000000000000000000000037
:10AD1C00580C0020580C0020600C0020600C002007
:10AD2C00680C0020680C0020700C0020700C0020B7
:10AD3C00780C0020780C0020800C0020800C002067
:10AD4C00880C0020880C0020900C0020900C002017
:10AD5C00980C0020980C0020A00C0020A00C0020C7
:10AD6C00A80C0020A80C0020B00C0020B00C002077
:10AD7C00B80C0020B80C0020C00C0020C00C002027
:10AD8C00C80C0020C80C0020D00C0020D00C0020D7
:10AD9C00D80C0020D80C0020E00C0020E00C002087
:10ADAC00E80C0020E80C0020F00C0020F00C002037
:10ADBC00F80C0020F80C0020000D0020000D0020E5
:10ADCC00080D0020080D0020100D0020100D002093
:10ADDC00180D0020180D0020200D0020200D002043
:10ADEC00280D0020280D0020300D0020300D0020F3
:10ADFC00380D0020380D0020400D0020400D0020A3
:10AE0C00480D0020480D0020500D0020500D002052
:10AE1C00580D0020580D0020600D0020600D002002
:10AE2C00680D0020680D0020700D0020700D0020B2
:10AE3C00780D0020780D0020800D0020800D002062
:10AE4C00880D0020880D0020900D0020900D002012
:10AE5C00980D0020980D0020A00D0020A00D0020C2
:10AE6C00A80D0020A80D0020B00D0020B00D002072
:10AE7C00B80D0020B80D0020C00D0020C00D002022
:10AE8C00C80D0020C80D0020D00D0020D00D0020D2
:10AE9C00D80D0020D80D0020E00D0020E00D002082
:10AEAC00E80D0020E80D0020F00D0020F00D002032
:10AEBC00F80D0020F80D0020000E0020000E0020E0
:10AECC00080E0020080E0020100E0020100E00208E
:10AEDC00180E0020180E0020200E0020200E00203E
:10AEEC00280E0020280E0020300E0020300E0020EE
:10AEFC00380E0020380E0020400E0020400E00209E
:10AF0C00480E0020480E0020500E0020500E00204D
:10AF1C00580E0020580E0020600E0020600E0020FD
:10AF2C00680E0020680E0020700E0020700E0020AD
:10AF3C00780E0020780E0020800E0020800E00205D
:10AF4C00880E0020880E0020900E0020900E00200D
:10AF5C00980E0020980E0020A00E0020A00E0020BD
:10AF6C00A80E0020A80E0020B00E0020B00E00206D
:10AF7C00B80E0020B80E0020C00E0020C00E00201D
:10AF8C00C80E0020C80E0020D00E0020D00E0020CD
:10AF9C00D80E0020D80E0020E00E0020E00E00207D
:10AFAC00E80E0020E80E0020F00E0020F00E00202D
:10AFBC00F80E0020F80E0020000F0020000F0020DB
:10AFCC00080F0020080F0020100F0020100F002089
:10AFDC00180F0020180F0020200F0020200F002039
:10AFEC00280F0020280F0020300F0020300F0020E9
:10AFFC00380F0020380F0020400F0020400F002099
:10B00C00480F0020480F0020500F0020500F002048
:10B01C00580F0020580F0020600F0020600F0020F8
:10B02C00680F0020680F0020700F0020700F0020A8
:10B03C00780F0020780F0020800F0020800F002058
:10B04C00880F0020880F0020900F0020900F002008
:10B05C00980F0020980F0020A00F0020A00F0020B8
:10B06C00A80F0020A80F0020B00F0020B00F002068
:10B07C00B80F0020B80F0020C00F0020C00F002018
:10B08C00C80F0020C80F0020D00F0020D00F0020C8
:10B09C00D80F0020D80F0020E00F0020E00F002078
:10B0AC00E80F0020E80F0020F00F0020F00F002028
:10B0BC00F80F0020F80F00200010002000100020D6
:10B0CC000810002008100020101000201010002084
:10B0DC001810002018100020201000202010002034
:10B0EC0028100020281000203010002030100020E4
:10B0FC003810002038100020401000204010002094
:10B10C004810002048100020501000205010002043
:10B11C0043000000000000000000000000000000E0
:10B12C000000000000000000000000000000000013
:10B13C0043000000000000000000000000000000C0
:10B14C0000000000000000000000000000000000F3
:10B15C0043000000000000000000000000000000A0
:10B16C0000000000000000000000000000000000D3
:10B17C004300000000000000000000000000000080
:10B18C0000000000000000000000000000000000B3
:10B19C004300000000000000000000000000000060
:10B1AC000000000000000000000000000000000093
:10B1BC004300000000000000000000000000000040
:10B1CC000000000000000000000000000000000073
:10B1DC004300000000000000000000000000000020
:10B1EC000000000000000000000000000000000053
:10B1FC003A660000D05F000000000000A8A5000027
:10B20C00A4A50000E0A20000E0A20000E0A2000063
:10B21C00E0A20000E0A20000E0A20000E0A200001A
:10B22C00E0A20000E0A20000FFFFFFFFFFFFFFFF16
:10B23C00FFFFFFFFFFFF000001004153434949009E
:10B24C0000000000000000000000000000000000F2
:10B25C000000000000000000000041534349490079
:10B26C0000000000000000000000000000000000D2
:10B27C0000000000000000000000000000000000C2
:10B28C004412002030080020FFFFFFFF00000200E6
:00000001FF
