
TMR.elf:     file format elf32-littleriscv
TMR.elf
architecture: riscv:rv32, flags 0x00000112:
EXEC_P, HAS_SYMS, D_PAGED
start address 0x00000000

Program Header:
    LOAD off    0x00001000 vaddr 0x00000000 paddr 0x00000000 align 2**12
         filesz 0x00000004 memsz 0x00000004 flags r-x
    LOAD off    0x00002000 vaddr 0x20000000 paddr 0x00000004 align 2**12
         filesz 0x0000080c memsz 0x0000080c flags r-x
    LOAD off    0x00002810 vaddr 0x00000810 paddr 0x00000810 align 2**12
         filesz 0x00001a44 memsz 0x00001a44 flags r-x
    LOAD off    0x0000480c vaddr 0x2000080c paddr 0x00002254 align 2**12
         filesz 0x0000006c memsz 0x00000214 flags rw-
    LOAD off    0x00005600 vaddr 0x20006600 paddr 0x20006600 align 2**12
         filesz 0x00000000 memsz 0x00000200 flags rw-

Sections:
Idx Name            Size      VMA       LMA       File off  Algn  Flags
  0 .init           00000004  00000000  00000000  00001000  2**1  CONTENTS, ALLOC, LOAD, READONLY, CODE
  1 .highcodelalign 00000000  00000004  00000004  00004878  2**0  CONTENTS
  2 .highcode       0000080c  20000000  00000004  00002000  2**1  CONTENTS, ALLOC, LOAD, READONLY, CODE
  3 .text           00001a44  00000810  00000810  00002810  2**2  CONTENTS, ALLOC, LOAD, READONLY, CODE
  4 .fini           00000000  00002254  00002254  00004878  2**0  CONTENTS, ALLOC, LOAD, CODE
  5 .dalign         00000000  2000080c  2000080c  00004878  2**0  CONTENTS
  6 .dlalign        00000000  00002254  00002254  00004878  2**0  CONTENTS
  7 .data           0000006c  2000080c  00002254  0000480c  2**2  CONTENTS, ALLOC, LOAD, DATA
  8 .bss            000001a8  20000878  000022c0  00004878  2**2  ALLOC
  9 .stack          00000200  20006600  20006600  00005600  2**0  ALLOC
 10 .debug_info     0000a1e9  00000000  00000000  00004878  2**0  CONTENTS, READONLY, DEBUGGING
 11 .debug_abbrev   00001a47  00000000  00000000  0000ea61  2**0  CONTENTS, READONLY, DEBUGGING
 12 .debug_loc      0000152e  00000000  00000000  000104a8  2**0  CONTENTS, READONLY, DEBUGGING
 13 .debug_aranges  00000308  00000000  00000000  000119d8  2**3  CONTENTS, READONLY, DEBUGGING
 14 .debug_ranges   000003d8  00000000  00000000  00011ce0  2**3  CONTENTS, READONLY, DEBUGGING
 15 .debug_line     00005c95  00000000  00000000  000120b8  2**0  CONTENTS, READONLY, DEBUGGING
 16 .debug_str      000015c0  00000000  00000000  00017d4d  2**0  CONTENTS, READONLY, DEBUGGING
 17 .comment        00000033  00000000  00000000  0001930d  2**0  CONTENTS, READONLY
 18 .debug_frame    00000f88  00000000  00000000  00019340  2**2  CONTENTS, READONLY, DEBUGGING
 19 .stab           00000084  00000000  00000000  0001a2c8  2**2  CONTENTS, READONLY, DEBUGGING
 20 .stabstr        00000117  00000000  00000000  0001a34c  2**0  CONTENTS, READONLY, DEBUGGING
SYMBOL TABLE:
00000000 l    d  .init	00000000 .init
00000004 l    d  .highcodelalign	00000000 .highcodelalign
20000000 l    d  .highcode	00000000 .highcode
00000810 l    d  .text	00000000 .text
00002254 l    d  .fini	00000000 .fini
2000080c l    d  .dalign	00000000 .dalign
00002254 l    d  .dlalign	00000000 .dlalign
2000080c l    d  .data	00000000 .data
20000878 l    d  .bss	00000000 .bss
20006600 l    d  .stack	00000000 .stack
00000000 l    d  .debug_info	00000000 .debug_info
00000000 l    d  .debug_abbrev	00000000 .debug_abbrev
00000000 l    d  .debug_loc	00000000 .debug_loc
00000000 l    d  .debug_aranges	00000000 .debug_aranges
00000000 l    d  .debug_ranges	00000000 .debug_ranges
00000000 l    d  .debug_line	00000000 .debug_line
00000000 l    d  .debug_str	00000000 .debug_str
00000000 l    d  .comment	00000000 .comment
00000000 l    d  .debug_frame	00000000 .debug_frame
00000000 l    d  .stab	00000000 .stab
00000000 l    d  .stabstr	00000000 .stabstr
00000000 l    df *ABS*	00000000 ./Startup/startup_CH592.o
20000000 l       .highcode	00000000 _vector_base
00000000 l    df *ABS*	00000000 Main.c
00000000 l    df *ABS*	00000000 CH59x_sys.c
20000870 l     O .data	00000004 curbrk.3993
00000000 l    df *ABS*	00000000 ISP583.c
200003f8 l       .highcode	00000000 .loop18
20000406 l       .highcode	00000000 .loop29
20000414 l       .highcode	00000000 .loop40
200006a0 l       .highcode	00000000 .loop402
00000000 l    df *ABS*	00000000 CH59x_gpio.c
00000000 l    df *ABS*	00000000 CH59x_pwr.c
00000000 l    df *ABS*	00000000 CH59x_timer0.c
00000000 l    df *ABS*	00000000 CH59x_timer1.c
00000000 l    df *ABS*	00000000 CH59x_timer2.c
00000000 l    df *ABS*	00000000 CH59x_timer3.c
00000000 l    df *ABS*	00000000 CH59x_uart1.c
00000000 l    df *ABS*	00000000 printf.c
00000000 l    df *ABS*	00000000 putchar.c
00000000 l    df *ABS*	00000000 puts.c
00000000 l    df *ABS*	00000000 wbuf.c
00000000 l    df *ABS*	00000000 wsetup.c
00000000 l    df *ABS*	00000000 fflush.c
00000000 l    df *ABS*	00000000 findfp.c
00001338 l     F .text	0000006a std
00000000 l    df *ABS*	00000000 fwalk.c
00000000 l    df *ABS*	00000000 makebuf.c
00000000 l    df *ABS*	00000000 nano-mallocr.c
00000000 l    df *ABS*	00000000 nano-mallocr.c
00000000 l    df *ABS*	00000000 nano-vfprintf.c
000017e0 l     F .text	0000002a __sfputc_r
00000000 l    df *ABS*	00000000 nano-vfprintf_i.c
00000000 l    df *ABS*	00000000 putc.c
00000000 l    df *ABS*	00000000 sbrkr.c
00000000 l    df *ABS*	00000000 stdio.c
00000000 l    df *ABS*	00000000 writer.c
00000000 l    df *ABS*	00000000 closer.c
00000000 l    df *ABS*	00000000 fstatr.c
00000000 l    df *ABS*	00000000 isattyr.c
00000000 l    df *ABS*	00000000 lseekr.c
00000000 l    df *ABS*	00000000 memchr.c
00000000 l    df *ABS*	00000000 mlock.c
00000000 l    df *ABS*	00000000 readr.c
00000000 l    df *ABS*	00000000 close.c
00000000 l    df *ABS*	00000000 fstat.c
00000000 l    df *ABS*	00000000 isatty.c
00000000 l    df *ABS*	00000000 lseek.c
00000000 l    df *ABS*	00000000 read.c
00000000 l    df *ABS*	00000000 impure.c
2000080c l     O .data	00000060 impure_data
00000000 l    df *ABS*	00000000 reent.c
00000eb2 g     F .text	0000002e putchar
00002084 g     F .text	00000028 _isatty_r
00000ee0 g     F .text	000000da _puts_r
000020ac g     F .text	0000002c _lseek_r
20000414 g     F .highcode	0000000e FLASH_ROM_OUT
00000e6e g     F .text	00000044 printf
20001070 g       .data	00000000 __global_pointer$
00001fc8 g     F .text	00000036 __sseek
000013f2 g     F .text	0000006a __sinit
00000fc8 g     F .text	000000c0 __swbuf_r
200003b0 g     F .highcode	0000000e mDelayuS
20000330  w    F .highcode	00000080 HardFault_Handler
000013ac g     F .text	00000046 __sfmoreglue
20000090  w      .highcode	00000000 GPIOB_IRQHandler
000020f4 g     F .text	00000002 __malloc_unlock
00000d92 g     F .text	0000001a TMR1_CapInit
20000090  w      .highcode	00000000 GPIOA_IRQHandler
20000090  w      .highcode	00000000 SysTick_Handler
20000090  w      .highcode	00000000 NMI_Handler
20000090  w      .highcode	00000000 UART1_IRQHandler
0000205a g     F .text	0000002a _fstat_r
20000a1c g     O .bss	00000004 errno
20000878 g       .bss	00000000 _sbss
00000200 g       *ABS*	00000000 __stack_size
20000406 g     F .highcode	0000000e FLASH_ROM_IN
00000dac g     F .text	00000020 TMR1_DMACfg
20000090  w      .highcode	00000000 UART0_IRQHandler
000013a2 g     F .text	0000000a _cleanup_r
00000fba g     F .text	0000000e puts
0000212e g     F .text	0000000c _fstat
00000004 g       .init	00000000 _einit
20000884 g     O .bss	00000198 CapBuf
20000090  w      .highcode	00000000 BB_IRQHandler
200004a2 g     F .highcode	0000036a FLASH_EEPROM_CMD
20000090  w      .highcode	00000000 Break_Point_Handler
00000bc8 g     F .text	000000a6 GPIOB_ModeCfg
00001f20 g     F .text	0000002a _sbrk_r
20000092 g     F .highcode	00000026 TMR0_IRQHandler
000020f6 g     F .text	0000002c _read_r
200003e6 g     F .highcode	00000012 FLASH_ROM_BEG
200003be g     F .highcode	00000028 mDelaymS
20000090  w      .highcode	00000000 Ecall_M_Mode_Handler
20006600 g       .stack	00000000 _heap_end
0000213a g     F .text	0000000c _isatty
00002250 g     O .text	00000004 _global_impure_ptr
20000422 g     F .highcode	00000048 FLASH_ROM_ADDR
00000d4e g     F .text	00000030 _sbrk
20000090  w      .highcode	00000000 RTC_IRQHandler
20000a20 g       .bss	00000000 _ebss
00000e3c g     F .text	00000032 UART1_DefInit
2000046a g     F .highcode	00000038 FLASH_ROM_WAIT
00001e9a g     F .text	00000086 _putc_r
000021b4 g     O .text	00000020 __sf_fake_stderr
20000090  w      .highcode	00000000 UART2_IRQHandler
20000090  w      .highcode	00000000 PWMX_IRQHandler
0000180a g     F .text	00000042 __sfputs_r
000020d8 g     F .text	0000001a memchr
00001660 g     F .text	000000a8 _free_r
00000962 g     F .text	0000002a DebugInit
00000000 g       .init	00000000 _start
00002146 g     F .text	0000000c _lseek
20000090  w      .highcode	00000000 ADC_IRQHandler
20000000 g       .highcode	00000000 _highcode_vma_start
00000dcc g     F .text	0000001a TMR2_EXTSingleCounterInit
200000e0 g     F .highcode	00000038 TMR2_IRQHandler
00002032 g     F .text	00000028 _close_r
2000080c g       .data	00000000 _data_vma
20000118 g     F .highcode	000001c0 SetSysClock
20000090  w      .highcode	00000000 USB_IRQHandler
00001088 g     F .text	00000110 __swsetup_r
0000145c g     F .text	000000a0 __sfp
00001f4a g     F .text	00000030 __sread
000020f2 g     F .text	00000002 __malloc_lock
000012d4 g     F .text	00000064 _fflush_r
000021d4 g     O .text	00000020 __sf_fake_stdin
00000c6e g     F .text	0000001a GPIOPinRemap
20000090  w      .highcode	00000000 I2C_IRQHandler
000008ba g     F .text	000000a8 memset
0000098c g     F .text	00000196 main
00001ffe g     F .text	00000006 __sclose
00000c88 g     F .text	0000005e PWR_UnitModCfg
00001708 g     F .text	000000d8 _malloc_r
00000004 g       .highcodelalign	00000000 _highcode_lma
00000e6e g     F .text	00000044 iprintf
20000090  w      .highcode	00000000 LLE_IRQHandler
00000000 g       .init	00000000 _sinit
00002004 g     F .text	0000002e _write_r
00001ae6 g     F .text	0000010c _printf_common
20000874 g     O .data	00000004 _impure_ptr
00001198 g     F .text	0000013c __sflush_r
20000090  w      .highcode	00000000 WDOG_BAT_IRQHandler
20000090  w      .highcode	00000000 Ecall_U_Mode_Handler
20000090  w      .highcode	00000000 TMR3_IRQHandler
20006800 g       .stack	00000000 _eusrstack
20000090  w      .highcode	00000000 SW_Handler
00000b22 g     F .text	000000a6 GPIOA_ModeCfg
00001568 g     F .text	0000005a __swhatbuf_r
00000ce6 g     F .text	00000040 GetSysClock
00000d26 g     F .text	00000028 _write
20000878 g       .data	00000000 _edata
20000090  w      .highcode	00000000 SPI0_IRQHandler
20000a20 g       .bss	00000000 _end
2000080c g       .highcode	00000000 _highcode_vma_end
00000de6 g     F .text	00000026 TMR3_PWMInit
00002254 g       .dlalign	00000000 _data_lma
00001f7a g     F .text	0000004e __swrite
20000878 g     O .bss	00000001 capFlag
0000184c g     F .text	0000029a _vfiprintf_r
000014fc g     F .text	0000006c _fwalk_reent
000021f4 g     O .text	00000020 __sf_fake_stdout
00002152 g     F .text	0000000c _read
00000810  w      .text	00000000 handle_reset
000015c2 g     F .text	0000009e __smakebuf_r
00001bf2 g     F .text	000002a8 _printf_i
20000090  w      .highcode	00000000 UART3_IRQHandler
20000880 g     O .bss	00000004 __malloc_sbrk_start
200003f8 g     F .highcode	0000000e FLASH_ROM_END
2000087c g     O .bss	00000004 __malloc_free_list
0000184c g     F .text	0000029a _vfprintf_r
200000b8 g     F .highcode	00000028 TMR1_IRQHandler
200002d8 g     F .highcode	00000058 SYS_ResetExecute
00002122 g     F .text	0000000c _close
00000d7e g     F .text	00000014 TMR0_TimerInit
00000e0c g     F .text	00000030 UART1_BaudRateCfg



Disassembly of section .init:

00000000 <_sinit>:
_start():
c:/Users/LRNA/Downloads/ch592-main/ch592-main/EVT/EXAM/SRC/Startup/startup_CH592.S:17

	.section	.init,"ax",@progbits
	.global	_start
	.align	1
_start:
	j	handle_reset
   0:	0110006f          	j	810 <handle_reset>

Disassembly of section .highcode:

20000000 <_highcode_vma_start>:
	...
_vector_base():
20000008:	0090                	addi	a2,sp,64
2000000a:	2000                	fld	fs0,0(s0)
2000000c:	0330                	addi	a2,sp,392
2000000e:	2000                	fld	fs0,0(s0)
20000010:	bda9                	j	1ffffe6a <_data_lma+0x1fffdc16>
20000012:	f5f9                	bnez	a1,1fffffe0 <_data_lma+0x1fffdd8c>
20000014:	0090                	addi	a2,sp,64
20000016:	2000                	fld	fs0,0(s0)
	...
20000020:	0090                	addi	a2,sp,64
20000022:	2000                	fld	fs0,0(s0)
20000024:	0090                	addi	a2,sp,64
20000026:	2000                	fld	fs0,0(s0)
	...
20000030:	0090                	addi	a2,sp,64
20000032:	2000                	fld	fs0,0(s0)
20000034:	0000                	unimp
20000036:	0000                	unimp
20000038:	0090                	addi	a2,sp,64
2000003a:	2000                	fld	fs0,0(s0)
2000003c:	0000                	unimp
2000003e:	0000                	unimp
20000040:	0092                	slli	ra,ra,0x4
20000042:	2000                	fld	fs0,0(s0)
20000044:	0090                	addi	a2,sp,64
20000046:	2000                	fld	fs0,0(s0)
20000048:	0090                	addi	a2,sp,64
2000004a:	2000                	fld	fs0,0(s0)
2000004c:	0090                	addi	a2,sp,64
2000004e:	2000                	fld	fs0,0(s0)
20000050:	0090                	addi	a2,sp,64
20000052:	2000                	fld	fs0,0(s0)
20000054:	0090                	addi	a2,sp,64
20000056:	2000                	fld	fs0,0(s0)
20000058:	0090                	addi	a2,sp,64
2000005a:	2000                	fld	fs0,0(s0)
2000005c:	0000                	unimp
2000005e:	0000                	unimp
20000060:	00b8                	addi	a4,sp,72
20000062:	2000                	fld	fs0,0(s0)
20000064:	00e0                	addi	s0,sp,76
20000066:	2000                	fld	fs0,0(s0)
20000068:	0090                	addi	a2,sp,64
2000006a:	2000                	fld	fs0,0(s0)
2000006c:	0090                	addi	a2,sp,64
2000006e:	2000                	fld	fs0,0(s0)
20000070:	0090                	addi	a2,sp,64
20000072:	2000                	fld	fs0,0(s0)
20000074:	0090                	addi	a2,sp,64
20000076:	2000                	fld	fs0,0(s0)
20000078:	0090                	addi	a2,sp,64
2000007a:	2000                	fld	fs0,0(s0)
2000007c:	0090                	addi	a2,sp,64
2000007e:	2000                	fld	fs0,0(s0)
20000080:	0090                	addi	a2,sp,64
20000082:	2000                	fld	fs0,0(s0)
20000084:	0090                	addi	a2,sp,64
20000086:	2000                	fld	fs0,0(s0)
20000088:	0090                	addi	a2,sp,64
2000008a:	2000                	fld	fs0,0(s0)
2000008c:	0090                	addi	a2,sp,64
2000008e:	2000                	fld	fs0,0(s0)

20000090 <ADC_IRQHandler>:
GPIOB_IRQHandler():
c:/Users/LRNA/Downloads/ch592-main/ch592-main/EVT/EXAM/SRC/Startup/startup_CH592.S:119
TMR3_IRQHandler:
UART2_IRQHandler:
UART3_IRQHandler:
WDOG_BAT_IRQHandler: 
1:  
	j 1b
20000090:	a001                	j	20000090 <ADC_IRQHandler>

20000092 <TMR0_IRQHandler>:
TMR0_IRQHandler():
c:\Users\LRNA\Downloads\ch592-main\ch592-main\EVT\EXAM\TMR\obj/../src/Main.c:155
 */
__INTERRUPT
__HIGH_CODE
void TMR0_IRQHandler(void) // TMR0 定时中断
{
    if(TMR0_GetITFlag(TMR0_3_IT_CYC_END))
20000092:	40002737          	lui	a4,0x40002
20000096:	00674783          	lbu	a5,6(a4) # 40002006 <_eusrstack+0x1fffb806>
2000009a:	8b85                	andi	a5,a5,1
2000009c:	cf81                	beqz	a5,200000b4 <TMR0_IRQHandler+0x22>
c:\Users\LRNA\Downloads\ch592-main\ch592-main\EVT\EXAM\TMR\obj/../src/Main.c:157
    {
        TMR0_ClearITFlag(TMR0_3_IT_CYC_END); // 清除中断标志
2000009e:	4785                	li	a5,1
200000a0:	00f70323          	sb	a5,6(a4)
c:\Users\LRNA\Downloads\ch592-main\ch592-main\EVT\EXAM\TMR\obj/../src/Main.c:158
        GPIOB_InverseBits(GPIO_Pin_15);
200000a4:	40001737          	lui	a4,0x40001
200000a8:	0c872783          	lw	a5,200(a4) # 400010c8 <_eusrstack+0x1fffa8c8>
200000ac:	66a1                	lui	a3,0x8
200000ae:	8fb5                	xor	a5,a5,a3
200000b0:	0cf72423          	sw	a5,200(a4)
c:\Users\LRNA\Downloads\ch592-main\ch592-main\EVT\EXAM\TMR\obj/../src/Main.c:160
    }
}
200000b4:	30200073          	mret

200000b8 <TMR1_IRQHandler>:
TMR1_IRQHandler():
c:\Users\LRNA\Downloads\ch592-main\ch592-main\EVT\EXAM\TMR\obj/../src/Main.c:173
 */
__INTERRUPT
__HIGH_CODE
void TMR1_IRQHandler(void) // TMR1 定时中断
{
    if(TMR1_GetITFlag(TMR1_2_IT_DMA_END))
200000b8:	400027b7          	lui	a5,0x40002
200000bc:	4067c703          	lbu	a4,1030(a5) # 40002406 <_eusrstack+0x1fffbc06>
200000c0:	8b21                	andi	a4,a4,8
200000c2:	cf09                	beqz	a4,200000dc <TMR1_IRQHandler+0x24>
c:\Users\LRNA\Downloads\ch592-main\ch592-main\EVT\EXAM\TMR\obj/../src/Main.c:175
    {
        TMR1_ITCfg(DISABLE, TMR1_2_IT_DMA_END); // 使用单次DMA功能+中断，注意完成后关闭此中断使能，否则会一直上报中断。
200000c4:	4027c703          	lbu	a4,1026(a5)
200000c8:	0f777713          	andi	a4,a4,247
200000cc:	40e78123          	sb	a4,1026(a5)
c:\Users\LRNA\Downloads\ch592-main\ch592-main\EVT\EXAM\TMR\obj/../src/Main.c:176
        TMR1_ClearITFlag(TMR1_2_IT_DMA_END);    // 清除中断标志
200000d0:	4721                	li	a4,8
200000d2:	40e78323          	sb	a4,1030(a5)
c:\Users\LRNA\Downloads\ch592-main\ch592-main\EVT\EXAM\TMR\obj/../src/Main.c:177
        capFlag = 1;
200000d6:	4785                	li	a5,1
200000d8:	80f18423          	sb	a5,-2040(gp) # 20000878 <_edata>
c:\Users\LRNA\Downloads\ch592-main\ch592-main\EVT\EXAM\TMR\obj/../src/Main.c:179
    }
}
200000dc:	30200073          	mret

200000e0 <TMR2_IRQHandler>:
TMR2_IRQHandler():
c:\Users\LRNA\Downloads\ch592-main\ch592-main\EVT\EXAM\TMR\obj/../src/Main.c:192
 */
__INTERRUPT
__HIGH_CODE
void TMR2_IRQHandler(void)
{
    if(TMR2_GetITFlag(TMR0_3_IT_CYC_END))
200000e0:	40003737          	lui	a4,0x40003
200000e4:	80674783          	lbu	a5,-2042(a4) # 40002806 <_eusrstack+0x1fffc006>
200000e8:	8b85                	andi	a5,a5,1
200000ea:	c781                	beqz	a5,200000f2 <TMR2_IRQHandler+0x12>
c:\Users\LRNA\Downloads\ch592-main\ch592-main\EVT\EXAM\TMR\obj/../src/Main.c:194
    {
        TMR2_ClearITFlag(TMR0_3_IT_CYC_END);
200000ec:	4785                	li	a5,1
200000ee:	80f70323          	sb	a5,-2042(a4)
c:\Users\LRNA\Downloads\ch592-main\ch592-main\EVT\EXAM\TMR\obj/../src/Main.c:198
        /* 计数器计满，硬件自动清零，重新开始计数 */
        /* 用户可自行添加需要的处理 */
    }
    if(TMR2_GetITFlag(TMR1_2_IT_DMA_END))
200000f2:	40003737          	lui	a4,0x40003
200000f6:	80674783          	lbu	a5,-2042(a4) # 40002806 <_eusrstack+0x1fffc006>
200000fa:	8ba1                	andi	a5,a5,8
200000fc:	cf81                	beqz	a5,20000114 <TMR2_IRQHandler+0x34>
c:\Users\LRNA\Downloads\ch592-main\ch592-main\EVT\EXAM\TMR\obj/../src/Main.c:200
    {
        TMR2_ClearITFlag(TMR1_2_IT_DMA_END);
200000fe:	47a1                	li	a5,8
20000100:	80f70323          	sb	a5,-2042(a4)
c:\Users\LRNA\Downloads\ch592-main\ch592-main\EVT\EXAM\TMR\obj/../src/Main.c:201
        PRINT("DMA end\n");
20000104:	e0002517          	auipc	a0,0xe0002
20000108:	08050513          	addi	a0,a0,128 # 2184 <_read+0x32>
2000010c:	e0001097          	auipc	ra,0xe0001
20000110:	eae080e7          	jalr	-338(ra) # fba <puts>
c:\Users\LRNA\Downloads\ch592-main\ch592-main\EVT\EXAM\TMR\obj/../src/Main.c:205
        /* DMA 结束 */
        /* 用户可自行添加需要的处理 */
    }
}
20000114:	30200073          	mret

20000118 <SetSysClock>:
SetSysClock():
c:/Users/LRNA/Downloads/ch592-main/ch592-main/EVT/EXAM/SRC/StdPeriphDriver/CH59x_sys.c:28
 */
__HIGH_CODE
void SetSysClock(SYS_CLKTypeDef sc)
{
    uint8_t chip_type=0;
    if(((*(uint32_t*)ROM_CFG_VERISON)&0xFF) == DEF_CHIP_ID_CH592A)
20000118:	0007f7b7          	lui	a5,0x7f
c:/Users/LRNA/Downloads/ch592-main/ch592-main/EVT/EXAM/SRC/StdPeriphDriver/CH59x_sys.c:26
{
2000011c:	1101                	addi	sp,sp,-32
c:/Users/LRNA/Downloads/ch592-main/ch592-main/EVT/EXAM/SRC/StdPeriphDriver/CH59x_sys.c:28
    if(((*(uint32_t*)ROM_CFG_VERISON)&0xFF) == DEF_CHIP_ID_CH592A)
2000011e:	4b94                	lw	a3,16(a5)
__risc_v_disable_irq():
c:/Users/LRNA/Downloads/ch592-main/ch592-main/EVT/EXAM/SRC/RVMSIS/core_riscv.h:130
 */
__attribute__((always_inline)) RV_STATIC_INLINE uint32_t __risc_v_disable_irq(void)
{
  uint32_t result;

  __asm volatile ("csrrc %0, 0x800, %1" : \
20000120:	08800713          	li	a4,136
20000124:	800737f3          	csrrc	a5,0x800,a4
c:/Users/LRNA/Downloads/ch592-main/ch592-main/EVT/EXAM/SRC/RVMSIS/core_riscv.h:132
          "=r"(result): "r"(0x88) : "memory");
  return result & 0x88;
20000128:	0887f793          	andi	a5,a5,136
SetSysClock():
c:/Users/LRNA/Downloads/ch592-main/ch592-main/EVT/EXAM/SRC/StdPeriphDriver/CH59x_sys.c:32
    {
        chip_type = 1;
    }
    sys_safe_access_enable();
2000012c:	c23e                	sw	a5,4(sp)
2000012e:	0000100f          	fence.i
20000132:	400017b7          	lui	a5,0x40001
20000136:	05700813          	li	a6,87
2000013a:	05078023          	sb	a6,64(a5) # 40001040 <_eusrstack+0x1fffa840>
2000013e:	fa800593          	li	a1,-88
20000142:	04b78023          	sb	a1,64(a5)
20000146:	0000100f          	fence.i
c:/Users/LRNA/Downloads/ch592-main/ch592-main/EVT/EXAM/SRC/StdPeriphDriver/CH59x_sys.c:33
    R8_PLL_CONFIG &= ~(1 << 5); //
2000014a:	04b7c603          	lbu	a2,75(a5)
2000014e:	0df67613          	andi	a2,a2,223
20000152:	04c785a3          	sb	a2,75(a5)
c:/Users/LRNA/Downloads/ch592-main/ch592-main/EVT/EXAM/SRC/StdPeriphDriver/CH59x_sys.c:34
    sys_safe_access_disable();
20000156:	04078023          	sb	zero,64(a5)
2000015a:	4612                	lw	a2,4(sp)
__risc_v_enable_irq():
c:/Users/LRNA/Downloads/ch592-main/ch592-main/EVT/EXAM/SRC/RVMSIS/core_riscv.h:114
  __asm volatile ("csrrs %0, 0x800, %1" : \
2000015c:	80062673          	csrrs	a2,0x800,a2
SetSysClock():
c:/Users/LRNA/Downloads/ch592-main/ch592-main/EVT/EXAM/SRC/StdPeriphDriver/CH59x_sys.c:34
20000160:	0000100f          	fence.i
c:/Users/LRNA/Downloads/ch592-main/ch592-main/EVT/EXAM/SRC/StdPeriphDriver/CH59x_sys.c:35
    if(sc & 0x20)  // HSE div
20000164:	02057613          	andi	a2,a0,32
20000168:	ce55                	beqz	a2,20000224 <SetSysClock+0x10c>
__risc_v_disable_irq():
c:/Users/LRNA/Downloads/ch592-main/ch592-main/EVT/EXAM/SRC/RVMSIS/core_riscv.h:130
  __asm volatile ("csrrc %0, 0x800, %1" : \
2000016a:	800736f3          	csrrc	a3,0x800,a4
c:/Users/LRNA/Downloads/ch592-main/ch592-main/EVT/EXAM/SRC/RVMSIS/core_riscv.h:132
  return result & 0x88;
2000016e:	0886f693          	andi	a3,a3,136
SetSysClock():
c:/Users/LRNA/Downloads/ch592-main/ch592-main/EVT/EXAM/SRC/StdPeriphDriver/CH59x_sys.c:37
    {
        sys_safe_access_enable();
20000172:	c436                	sw	a3,8(sp)
20000174:	0000100f          	fence.i
20000178:	05078023          	sb	a6,64(a5)
2000017c:	04b78023          	sb	a1,64(a5)
20000180:	0000100f          	fence.i
c:/Users/LRNA/Downloads/ch592-main/ch592-main/EVT/EXAM/SRC/StdPeriphDriver/CH59x_sys.c:38
        R32_CLK_SYS_CFG = (0 << 6) | (sc & 0x1f) | RB_TX_32M_PWR_EN | RB_PLL_PWR_EN;
20000184:	001406b7          	lui	a3,0x140
20000188:	897d                	andi	a0,a0,31
2000018a:	8d55                	or	a0,a0,a3
2000018c:	c788                	sw	a0,8(a5)
c:/Users/LRNA/Downloads/ch592-main/ch592-main/EVT/EXAM/SRC/StdPeriphDriver/CH59x_sys.c:39
        __nop();
2000018e:	0001                	nop
c:/Users/LRNA/Downloads/ch592-main/ch592-main/EVT/EXAM/SRC/StdPeriphDriver/CH59x_sys.c:40
        __nop();
20000190:	0001                	nop
c:/Users/LRNA/Downloads/ch592-main/ch592-main/EVT/EXAM/SRC/StdPeriphDriver/CH59x_sys.c:41
        __nop();
20000192:	0001                	nop
c:/Users/LRNA/Downloads/ch592-main/ch592-main/EVT/EXAM/SRC/StdPeriphDriver/CH59x_sys.c:42
        __nop();
20000194:	0001                	nop
c:/Users/LRNA/Downloads/ch592-main/ch592-main/EVT/EXAM/SRC/StdPeriphDriver/CH59x_sys.c:43
        sys_safe_access_disable();
20000196:	04078023          	sb	zero,64(a5)
2000019a:	46a2                	lw	a3,8(sp)
__risc_v_enable_irq():
c:/Users/LRNA/Downloads/ch592-main/ch592-main/EVT/EXAM/SRC/RVMSIS/core_riscv.h:114
  __asm volatile ("csrrs %0, 0x800, %1" : \
2000019c:	8006a6f3          	csrrs	a3,0x800,a3
SetSysClock():
c:/Users/LRNA/Downloads/ch592-main/ch592-main/EVT/EXAM/SRC/StdPeriphDriver/CH59x_sys.c:43
200001a0:	0000100f          	fence.i
__risc_v_disable_irq():
c:/Users/LRNA/Downloads/ch592-main/ch592-main/EVT/EXAM/SRC/RVMSIS/core_riscv.h:130
  __asm volatile ("csrrc %0, 0x800, %1" : \
200001a4:	80073773          	csrrc	a4,0x800,a4
c:/Users/LRNA/Downloads/ch592-main/ch592-main/EVT/EXAM/SRC/RVMSIS/core_riscv.h:132
  return result & 0x88;
200001a8:	08877713          	andi	a4,a4,136
SetSysClock():
c:/Users/LRNA/Downloads/ch592-main/ch592-main/EVT/EXAM/SRC/StdPeriphDriver/CH59x_sys.c:44
        sys_safe_access_enable();
200001ac:	c63a                	sw	a4,12(sp)
200001ae:	0000100f          	fence.i
200001b2:	05078023          	sb	a6,64(a5)
200001b6:	04b78023          	sb	a1,64(a5)
200001ba:	0000100f          	fence.i
c:/Users/LRNA/Downloads/ch592-main/ch592-main/EVT/EXAM/SRC/StdPeriphDriver/CH59x_sys.c:45
        SAFEOPERATE;
200001be:	0000100f          	fence.i
c:/Users/LRNA/Downloads/ch592-main/ch592-main/EVT/EXAM/SRC/StdPeriphDriver/CH59x_sys.c:46
        R8_FLASH_CFG = 0X51;
200001c2:	40002737          	lui	a4,0x40002
200001c6:	05100693          	li	a3,81
200001ca:	80d703a3          	sb	a3,-2041(a4) # 40001807 <_eusrstack+0x1fffb007>
c:/Users/LRNA/Downloads/ch592-main/ch592-main/EVT/EXAM/SRC/StdPeriphDriver/CH59x_sys.c:47
        sys_safe_access_disable();
200001ce:	04078023          	sb	zero,64(a5)
200001d2:	47b2                	lw	a5,12(sp)
__risc_v_enable_irq():
c:/Users/LRNA/Downloads/ch592-main/ch592-main/EVT/EXAM/SRC/RVMSIS/core_riscv.h:114
  __asm volatile ("csrrs %0, 0x800, %1" : \
200001d4:	8007a7f3          	csrrs	a5,0x800,a5
SetSysClock():
c:/Users/LRNA/Downloads/ch592-main/ch592-main/EVT/EXAM/SRC/StdPeriphDriver/CH59x_sys.c:74
    }
    else
    {
        sys_safe_access_enable();
        R32_CLK_SYS_CFG |= RB_CLK_SYS_MOD;
        sys_safe_access_disable();
200001d8:	0000100f          	fence.i
__risc_v_disable_irq():
c:/Users/LRNA/Downloads/ch592-main/ch592-main/EVT/EXAM/SRC/RVMSIS/core_riscv.h:130
  __asm volatile ("csrrc %0, 0x800, %1" : \
200001dc:	08800793          	li	a5,136
200001e0:	8007b7f3          	csrrc	a5,0x800,a5
c:/Users/LRNA/Downloads/ch592-main/ch592-main/EVT/EXAM/SRC/RVMSIS/core_riscv.h:132
  return result & 0x88;
200001e4:	0887f793          	andi	a5,a5,136
SetSysClock():
c:/Users/LRNA/Downloads/ch592-main/ch592-main/EVT/EXAM/SRC/StdPeriphDriver/CH59x_sys.c:77
    }
    //更改FLASH clk的驱动能力
    sys_safe_access_enable();
200001e8:	ce3e                	sw	a5,28(sp)
200001ea:	0000100f          	fence.i
200001ee:	400017b7          	lui	a5,0x40001
200001f2:	05700713          	li	a4,87
200001f6:	04e78023          	sb	a4,64(a5) # 40001040 <_eusrstack+0x1fffa840>
200001fa:	fa800713          	li	a4,-88
200001fe:	04e78023          	sb	a4,64(a5)
20000202:	0000100f          	fence.i
c:/Users/LRNA/Downloads/ch592-main/ch592-main/EVT/EXAM/SRC/StdPeriphDriver/CH59x_sys.c:78
    R8_PLL_CONFIG |= 1 << 7;
20000206:	04b7c703          	lbu	a4,75(a5)
2000020a:	08076713          	ori	a4,a4,128
2000020e:	04e785a3          	sb	a4,75(a5)
c:/Users/LRNA/Downloads/ch592-main/ch592-main/EVT/EXAM/SRC/StdPeriphDriver/CH59x_sys.c:79
    sys_safe_access_disable();
20000212:	04078023          	sb	zero,64(a5)
20000216:	47f2                	lw	a5,28(sp)
__risc_v_enable_irq():
c:/Users/LRNA/Downloads/ch592-main/ch592-main/EVT/EXAM/SRC/RVMSIS/core_riscv.h:114
  __asm volatile ("csrrs %0, 0x800, %1" : \
20000218:	8007a7f3          	csrrs	a5,0x800,a5
SetSysClock():
c:/Users/LRNA/Downloads/ch592-main/ch592-main/EVT/EXAM/SRC/StdPeriphDriver/CH59x_sys.c:79
2000021c:	0000100f          	fence.i
c:/Users/LRNA/Downloads/ch592-main/ch592-main/EVT/EXAM/SRC/StdPeriphDriver/CH59x_sys.c:80
}
20000220:	6105                	addi	sp,sp,32
20000222:	8082                	ret
c:/Users/LRNA/Downloads/ch592-main/ch592-main/EVT/EXAM/SRC/StdPeriphDriver/CH59x_sys.c:50
    else if(sc & 0x40) // PLL div
20000224:	04057613          	andi	a2,a0,64
20000228:	c259                	beqz	a2,200002ae <SetSysClock+0x196>
__risc_v_disable_irq():
c:/Users/LRNA/Downloads/ch592-main/ch592-main/EVT/EXAM/SRC/RVMSIS/core_riscv.h:130
  __asm volatile ("csrrc %0, 0x800, %1" : \
2000022a:	80073673          	csrrc	a2,0x800,a4
c:/Users/LRNA/Downloads/ch592-main/ch592-main/EVT/EXAM/SRC/RVMSIS/core_riscv.h:132
  return result & 0x88;
2000022e:	08867613          	andi	a2,a2,136
SetSysClock():
c:/Users/LRNA/Downloads/ch592-main/ch592-main/EVT/EXAM/SRC/StdPeriphDriver/CH59x_sys.c:52
        sys_safe_access_enable();
20000232:	c832                	sw	a2,16(sp)
20000234:	0000100f          	fence.i
20000238:	05078023          	sb	a6,64(a5)
2000023c:	04b78023          	sb	a1,64(a5)
20000240:	0000100f          	fence.i
c:/Users/LRNA/Downloads/ch592-main/ch592-main/EVT/EXAM/SRC/StdPeriphDriver/CH59x_sys.c:53
        R32_CLK_SYS_CFG = (1 << 6) | (sc & 0x1f) | RB_TX_32M_PWR_EN | RB_PLL_PWR_EN;
20000244:	00140637          	lui	a2,0x140
20000248:	04060613          	addi	a2,a2,64 # 140040 <_data_lma+0x13ddec>
2000024c:	897d                	andi	a0,a0,31
2000024e:	8d51                	or	a0,a0,a2
20000250:	c788                	sw	a0,8(a5)
c:/Users/LRNA/Downloads/ch592-main/ch592-main/EVT/EXAM/SRC/StdPeriphDriver/CH59x_sys.c:54
        __nop();
20000252:	0001                	nop
c:/Users/LRNA/Downloads/ch592-main/ch592-main/EVT/EXAM/SRC/StdPeriphDriver/CH59x_sys.c:55
        __nop();
20000254:	0001                	nop
c:/Users/LRNA/Downloads/ch592-main/ch592-main/EVT/EXAM/SRC/StdPeriphDriver/CH59x_sys.c:56
        __nop();
20000256:	0001                	nop
c:/Users/LRNA/Downloads/ch592-main/ch592-main/EVT/EXAM/SRC/StdPeriphDriver/CH59x_sys.c:57
        __nop();
20000258:	0001                	nop
c:/Users/LRNA/Downloads/ch592-main/ch592-main/EVT/EXAM/SRC/StdPeriphDriver/CH59x_sys.c:58
        sys_safe_access_disable();
2000025a:	04078023          	sb	zero,64(a5)
2000025e:	4642                	lw	a2,16(sp)
__risc_v_enable_irq():
c:/Users/LRNA/Downloads/ch592-main/ch592-main/EVT/EXAM/SRC/RVMSIS/core_riscv.h:114
  __asm volatile ("csrrs %0, 0x800, %1" : \
20000260:	80062673          	csrrs	a2,0x800,a2
SetSysClock():
c:/Users/LRNA/Downloads/ch592-main/ch592-main/EVT/EXAM/SRC/StdPeriphDriver/CH59x_sys.c:58
20000264:	0000100f          	fence.i
__risc_v_disable_irq():
c:/Users/LRNA/Downloads/ch592-main/ch592-main/EVT/EXAM/SRC/RVMSIS/core_riscv.h:130
  __asm volatile ("csrrc %0, 0x800, %1" : \
20000268:	80073773          	csrrc	a4,0x800,a4
c:/Users/LRNA/Downloads/ch592-main/ch592-main/EVT/EXAM/SRC/RVMSIS/core_riscv.h:132
  return result & 0x88;
2000026c:	08877713          	andi	a4,a4,136
SetSysClock():
c:/Users/LRNA/Downloads/ch592-main/ch592-main/EVT/EXAM/SRC/StdPeriphDriver/CH59x_sys.c:59
        sys_safe_access_enable();
20000270:	ca3a                	sw	a4,20(sp)
20000272:	0000100f          	fence.i
20000276:	05078023          	sb	a6,64(a5)
2000027a:	04b78023          	sb	a1,64(a5)
2000027e:	0000100f          	fence.i
c:/Users/LRNA/Downloads/ch592-main/ch592-main/EVT/EXAM/SRC/StdPeriphDriver/CH59x_sys.c:60
        if(chip_type)
20000282:	47a5                	li	a5,9
c:/Users/LRNA/Downloads/ch592-main/ch592-main/EVT/EXAM/SRC/StdPeriphDriver/CH59x_sys.c:28
    if(((*(uint32_t*)ROM_CFG_VERISON)&0xFF) == DEF_CHIP_ID_CH592A)
20000284:	0ff6f693          	andi	a3,a3,255
c:/Users/LRNA/Downloads/ch592-main/ch592-main/EVT/EXAM/SRC/StdPeriphDriver/CH59x_sys.c:60
        if(chip_type)
20000288:	00f69e63          	bne	a3,a5,200002a4 <SetSysClock+0x18c>
c:/Users/LRNA/Downloads/ch592-main/ch592-main/EVT/EXAM/SRC/StdPeriphDriver/CH59x_sys.c:62
            R8_FLASH_CFG = 0X53;
2000028c:	400027b7          	lui	a5,0x40002
20000290:	05300713          	li	a4,83
c:/Users/LRNA/Downloads/ch592-main/ch592-main/EVT/EXAM/SRC/StdPeriphDriver/CH59x_sys.c:66
            R8_FLASH_CFG = 0X52;
20000294:	80e783a3          	sb	a4,-2041(a5) # 40001807 <_eusrstack+0x1fffb007>
c:/Users/LRNA/Downloads/ch592-main/ch592-main/EVT/EXAM/SRC/StdPeriphDriver/CH59x_sys.c:68
        sys_safe_access_disable();
20000298:	400017b7          	lui	a5,0x40001
2000029c:	04078023          	sb	zero,64(a5) # 40001040 <_eusrstack+0x1fffa840>
200002a0:	47d2                	lw	a5,20(sp)
__risc_v_enable_irq():
c:/Users/LRNA/Downloads/ch592-main/ch592-main/EVT/EXAM/SRC/RVMSIS/core_riscv.h:114
  __asm volatile ("csrrs %0, 0x800, %1" : \
200002a2:	bf0d                	j	200001d4 <SetSysClock+0xbc>
SetSysClock():
c:/Users/LRNA/Downloads/ch592-main/ch592-main/EVT/EXAM/SRC/StdPeriphDriver/CH59x_sys.c:66
            R8_FLASH_CFG = 0X52;
200002a4:	400027b7          	lui	a5,0x40002
200002a8:	05200713          	li	a4,82
200002ac:	b7e5                	j	20000294 <SetSysClock+0x17c>
__risc_v_disable_irq():
c:/Users/LRNA/Downloads/ch592-main/ch592-main/EVT/EXAM/SRC/RVMSIS/core_riscv.h:130
  __asm volatile ("csrrc %0, 0x800, %1" : \
200002ae:	80073773          	csrrc	a4,0x800,a4
c:/Users/LRNA/Downloads/ch592-main/ch592-main/EVT/EXAM/SRC/RVMSIS/core_riscv.h:132
  return result & 0x88;
200002b2:	08877713          	andi	a4,a4,136
SetSysClock():
c:/Users/LRNA/Downloads/ch592-main/ch592-main/EVT/EXAM/SRC/StdPeriphDriver/CH59x_sys.c:72
        sys_safe_access_enable();
200002b6:	cc3a                	sw	a4,24(sp)
200002b8:	0000100f          	fence.i
200002bc:	05078023          	sb	a6,64(a5) # 40002040 <_eusrstack+0x1fffb840>
200002c0:	04b78023          	sb	a1,64(a5)
200002c4:	0000100f          	fence.i
c:/Users/LRNA/Downloads/ch592-main/ch592-main/EVT/EXAM/SRC/StdPeriphDriver/CH59x_sys.c:73
        R32_CLK_SYS_CFG |= RB_CLK_SYS_MOD;
200002c8:	4798                	lw	a4,8(a5)
200002ca:	0c076713          	ori	a4,a4,192
200002ce:	c798                	sw	a4,8(a5)
c:/Users/LRNA/Downloads/ch592-main/ch592-main/EVT/EXAM/SRC/StdPeriphDriver/CH59x_sys.c:74
        sys_safe_access_disable();
200002d0:	04078023          	sb	zero,64(a5)
200002d4:	47e2                	lw	a5,24(sp)
200002d6:	bdfd                	j	200001d4 <SetSysClock+0xbc>

200002d8 <SYS_ResetExecute>:
SYS_ResetExecute():
c:/Users/LRNA/Downloads/ch592-main/ch592-main/EVT/EXAM/SRC/StdPeriphDriver/CH59x_sys.c:142
 *
 * @return  none
 */
__HIGH_CODE
void SYS_ResetExecute(void)
{
200002d8:	1101                	addi	sp,sp,-32
c:/Users/LRNA/Downloads/ch592-main/ch592-main/EVT/EXAM/SRC/StdPeriphDriver/CH59x_sys.c:143
    FLASH_ROM_SW_RESET();
200002da:	4681                	li	a3,0
200002dc:	4601                	li	a2,0
200002de:	4581                	li	a1,0
200002e0:	4511                	li	a0,4
c:/Users/LRNA/Downloads/ch592-main/ch592-main/EVT/EXAM/SRC/StdPeriphDriver/CH59x_sys.c:142
{
200002e2:	ce06                	sw	ra,28(sp)
c:/Users/LRNA/Downloads/ch592-main/ch592-main/EVT/EXAM/SRC/StdPeriphDriver/CH59x_sys.c:143
    FLASH_ROM_SW_RESET();
200002e4:	2a7d                	jal	200004a2 <FLASH_EEPROM_CMD>
__risc_v_disable_irq():
c:/Users/LRNA/Downloads/ch592-main/ch592-main/EVT/EXAM/SRC/RVMSIS/core_riscv.h:130
  __asm volatile ("csrrc %0, 0x800, %1" : \
200002e6:	08800793          	li	a5,136
200002ea:	8007b7f3          	csrrc	a5,0x800,a5
c:/Users/LRNA/Downloads/ch592-main/ch592-main/EVT/EXAM/SRC/RVMSIS/core_riscv.h:132
  return result & 0x88;
200002ee:	0887f793          	andi	a5,a5,136
SYS_ResetExecute():
c:/Users/LRNA/Downloads/ch592-main/ch592-main/EVT/EXAM/SRC/StdPeriphDriver/CH59x_sys.c:144
    sys_safe_access_enable();
200002f2:	c63e                	sw	a5,12(sp)
200002f4:	0000100f          	fence.i
200002f8:	400017b7          	lui	a5,0x40001
200002fc:	05700713          	li	a4,87
20000300:	04e78023          	sb	a4,64(a5) # 40001040 <_eusrstack+0x1fffa840>
20000304:	fa800713          	li	a4,-88
20000308:	04e78023          	sb	a4,64(a5)
2000030c:	0000100f          	fence.i
c:/Users/LRNA/Downloads/ch592-main/ch592-main/EVT/EXAM/SRC/StdPeriphDriver/CH59x_sys.c:145
    R8_RST_WDOG_CTRL |= RB_SOFTWARE_RESET;
20000310:	0467c703          	lbu	a4,70(a5)
20000314:	00176713          	ori	a4,a4,1
20000318:	04e78323          	sb	a4,70(a5)
c:/Users/LRNA/Downloads/ch592-main/ch592-main/EVT/EXAM/SRC/StdPeriphDriver/CH59x_sys.c:146
    sys_safe_access_disable();
2000031c:	04078023          	sb	zero,64(a5)
20000320:	47b2                	lw	a5,12(sp)
__risc_v_enable_irq():
c:/Users/LRNA/Downloads/ch592-main/ch592-main/EVT/EXAM/SRC/RVMSIS/core_riscv.h:114
  __asm volatile ("csrrs %0, 0x800, %1" : \
20000322:	8007a7f3          	csrrs	a5,0x800,a5
SYS_ResetExecute():
c:/Users/LRNA/Downloads/ch592-main/ch592-main/EVT/EXAM/SRC/StdPeriphDriver/CH59x_sys.c:146
20000326:	0000100f          	fence.i
c:/Users/LRNA/Downloads/ch592-main/ch592-main/EVT/EXAM/SRC/StdPeriphDriver/CH59x_sys.c:147
}
2000032a:	40f2                	lw	ra,28(sp)
2000032c:	6105                	addi	sp,sp,32
2000032e:	8082                	ret

20000330 <HardFault_Handler>:
HardFault_Handler():
c:/Users/LRNA/Downloads/ch592-main/ch592-main/EVT/EXAM/SRC/StdPeriphDriver/CH59x_sys.c:281
 */
__INTERRUPT
__HIGH_CODE
__attribute__((weak))
void HardFault_Handler(void)
{
20000330:	1141                	addi	sp,sp,-16
c:/Users/LRNA/Downloads/ch592-main/ch592-main/EVT/EXAM/SRC/StdPeriphDriver/CH59x_sys.c:282
    FLASH_ROM_SW_RESET();
20000332:	4681                	li	a3,0
20000334:	4601                	li	a2,0
20000336:	4581                	li	a1,0
20000338:	4511                	li	a0,4
2000033a:	22a5                	jal	200004a2 <FLASH_EEPROM_CMD>
__risc_v_disable_irq():
c:/Users/LRNA/Downloads/ch592-main/ch592-main/EVT/EXAM/SRC/RVMSIS/core_riscv.h:130
  __asm volatile ("csrrc %0, 0x800, %1" : \
2000033c:	08800713          	li	a4,136
20000340:	800737f3          	csrrc	a5,0x800,a4
c:/Users/LRNA/Downloads/ch592-main/ch592-main/EVT/EXAM/SRC/RVMSIS/core_riscv.h:132
  return result & 0x88;
20000344:	0887f793          	andi	a5,a5,136
HardFault_Handler():
c:/Users/LRNA/Downloads/ch592-main/ch592-main/EVT/EXAM/SRC/StdPeriphDriver/CH59x_sys.c:283
    sys_safe_access_enable();
20000348:	c43e                	sw	a5,8(sp)
2000034a:	0000100f          	fence.i
2000034e:	400017b7          	lui	a5,0x40001
20000352:	05700613          	li	a2,87
20000356:	04c78023          	sb	a2,64(a5) # 40001040 <_eusrstack+0x1fffa840>
2000035a:	fa800693          	li	a3,-88
2000035e:	04d78023          	sb	a3,64(a5)
20000362:	0000100f          	fence.i
c:/Users/LRNA/Downloads/ch592-main/ch592-main/EVT/EXAM/SRC/StdPeriphDriver/CH59x_sys.c:284
    R16_INT32K_TUNE = 0xFFFF;
20000366:	55fd                	li	a1,-1
20000368:	02b79623          	sh	a1,44(a5)
c:/Users/LRNA/Downloads/ch592-main/ch592-main/EVT/EXAM/SRC/StdPeriphDriver/CH59x_sys.c:285
    sys_safe_access_disable();
2000036c:	04078023          	sb	zero,64(a5)
20000370:	45a2                	lw	a1,8(sp)
__risc_v_enable_irq():
c:/Users/LRNA/Downloads/ch592-main/ch592-main/EVT/EXAM/SRC/RVMSIS/core_riscv.h:114
  __asm volatile ("csrrs %0, 0x800, %1" : \
20000372:	8005a5f3          	csrrs	a1,0x800,a1
HardFault_Handler():
c:/Users/LRNA/Downloads/ch592-main/ch592-main/EVT/EXAM/SRC/StdPeriphDriver/CH59x_sys.c:285
20000376:	0000100f          	fence.i
__risc_v_disable_irq():
c:/Users/LRNA/Downloads/ch592-main/ch592-main/EVT/EXAM/SRC/RVMSIS/core_riscv.h:130
  __asm volatile ("csrrc %0, 0x800, %1" : \
2000037a:	80073773          	csrrc	a4,0x800,a4
c:/Users/LRNA/Downloads/ch592-main/ch592-main/EVT/EXAM/SRC/RVMSIS/core_riscv.h:132
  return result & 0x88;
2000037e:	08877713          	andi	a4,a4,136
HardFault_Handler():
c:/Users/LRNA/Downloads/ch592-main/ch592-main/EVT/EXAM/SRC/StdPeriphDriver/CH59x_sys.c:286
    sys_safe_access_enable();
20000382:	c63a                	sw	a4,12(sp)
20000384:	0000100f          	fence.i
20000388:	04c78023          	sb	a2,64(a5)
2000038c:	04d78023          	sb	a3,64(a5)
20000390:	0000100f          	fence.i
c:/Users/LRNA/Downloads/ch592-main/ch592-main/EVT/EXAM/SRC/StdPeriphDriver/CH59x_sys.c:287
    R8_RST_WDOG_CTRL |= RB_SOFTWARE_RESET;
20000394:	0467c703          	lbu	a4,70(a5)
20000398:	00176713          	ori	a4,a4,1
2000039c:	04e78323          	sb	a4,70(a5)
c:/Users/LRNA/Downloads/ch592-main/ch592-main/EVT/EXAM/SRC/StdPeriphDriver/CH59x_sys.c:288
    sys_safe_access_disable();
200003a0:	04078023          	sb	zero,64(a5)
200003a4:	47b2                	lw	a5,12(sp)
__risc_v_enable_irq():
c:/Users/LRNA/Downloads/ch592-main/ch592-main/EVT/EXAM/SRC/RVMSIS/core_riscv.h:114
  __asm volatile ("csrrs %0, 0x800, %1" : \
200003a6:	8007a7f3          	csrrs	a5,0x800,a5
HardFault_Handler():
c:/Users/LRNA/Downloads/ch592-main/ch592-main/EVT/EXAM/SRC/StdPeriphDriver/CH59x_sys.c:288
200003aa:	0000100f          	fence.i
c:/Users/LRNA/Downloads/ch592-main/ch592-main/EVT/EXAM/SRC/StdPeriphDriver/CH59x_sys.c:289 (discriminator 1)
    while(1);
200003ae:	a001                	j	200003ae <HardFault_Handler+0x7e>

200003b0 <mDelayuS>:
mDelayuS():
c:/Users/LRNA/Downloads/ch592-main/ch592-main/EVT/EXAM/SRC/StdPeriphDriver/CH59x_sys.c:308
{
    uint32_t i;
#if(FREQ_SYS == 80000000)
    i = t * 20;
#elif(FREQ_SYS == 60000000)
    i = t * 15;
200003b0:	47bd                	li	a5,15
200003b2:	02f50533          	mul	a0,a0,a5
c:/Users/LRNA/Downloads/ch592-main/ch592-main/EVT/EXAM/SRC/StdPeriphDriver/CH59x_sys.c:332 (discriminator 1)
#else
    i = t << 1;
#endif
    do
    {
        __nop();
200003b6:	0001                	nop
c:/Users/LRNA/Downloads/ch592-main/ch592-main/EVT/EXAM/SRC/StdPeriphDriver/CH59x_sys.c:333 (discriminator 1)
    } while(--i);
200003b8:	157d                	addi	a0,a0,-1
200003ba:	fd75                	bnez	a0,200003b6 <mDelayuS+0x6>
c:/Users/LRNA/Downloads/ch592-main/ch592-main/EVT/EXAM/SRC/StdPeriphDriver/CH59x_sys.c:334
}
200003bc:	8082                	ret

200003be <mDelaymS>:
mDelaymS():
c:/Users/LRNA/Downloads/ch592-main/ch592-main/EVT/EXAM/SRC/StdPeriphDriver/CH59x_sys.c:347
 *
 * @return  none
 */
__HIGH_CODE
void mDelaymS(uint16_t t)
{
200003be:	1141                	addi	sp,sp,-16
200003c0:	c422                	sw	s0,8(sp)
200003c2:	c226                	sw	s1,4(sp)
200003c4:	c606                	sw	ra,12(sp)
200003c6:	84aa                	mv	s1,a0
c:/Users/LRNA/Downloads/ch592-main/ch592-main/EVT/EXAM/SRC/StdPeriphDriver/CH59x_sys.c:350
    uint16_t i;

    for(i = 0; i < t; i++)
200003c8:	4401                	li	s0,0
c:/Users/LRNA/Downloads/ch592-main/ch592-main/EVT/EXAM/SRC/StdPeriphDriver/CH59x_sys.c:350 (discriminator 1)
200003ca:	00941763          	bne	s0,s1,200003d8 <mDelaymS+0x1a>
c:/Users/LRNA/Downloads/ch592-main/ch592-main/EVT/EXAM/SRC/StdPeriphDriver/CH59x_sys.c:354
    {
        mDelayuS(1000);
    }
}
200003ce:	40b2                	lw	ra,12(sp)
200003d0:	4422                	lw	s0,8(sp)
200003d2:	4492                	lw	s1,4(sp)
200003d4:	0141                	addi	sp,sp,16
200003d6:	8082                	ret
c:/Users/LRNA/Downloads/ch592-main/ch592-main/EVT/EXAM/SRC/StdPeriphDriver/CH59x_sys.c:350 (discriminator 3)
    for(i = 0; i < t; i++)
200003d8:	0405                	addi	s0,s0,1
c:/Users/LRNA/Downloads/ch592-main/ch592-main/EVT/EXAM/SRC/StdPeriphDriver/CH59x_sys.c:352 (discriminator 3)
        mDelayuS(1000);
200003da:	3e800513          	li	a0,1000
c:/Users/LRNA/Downloads/ch592-main/ch592-main/EVT/EXAM/SRC/StdPeriphDriver/CH59x_sys.c:350 (discriminator 3)
    for(i = 0; i < t; i++)
200003de:	0442                	slli	s0,s0,0x10
c:/Users/LRNA/Downloads/ch592-main/ch592-main/EVT/EXAM/SRC/StdPeriphDriver/CH59x_sys.c:352 (discriminator 3)
        mDelayuS(1000);
200003e0:	3fc1                	jal	200003b0 <mDelayuS>
c:/Users/LRNA/Downloads/ch592-main/ch592-main/EVT/EXAM/SRC/StdPeriphDriver/CH59x_sys.c:350 (discriminator 3)
    for(i = 0; i < t; i++)
200003e2:	8041                	srli	s0,s0,0x10
200003e4:	b7dd                	j	200003ca <mDelaymS+0xc>

200003e6 <FLASH_ROM_BEG>:
FLASH_ROM_BEG():
200003e6:	80040323          	sb	zero,-2042(s0)
200003ea:	4715                	li	a4,5
200003ec:	80e40323          	sb	a4,-2042(s0)
200003f0:	0001                	nop
200003f2:	80a40223          	sb	a0,-2044(s0)
200003f6:	8082                	ret

200003f8 <FLASH_ROM_END>:
FLASH_ROM_END():
200003f8:	80640783          	lb	a5,-2042(s0)
200003fc:	fe07cee3          	bltz	a5,200003f8 <FLASH_ROM_END>
20000400:	80040323          	sb	zero,-2042(s0)
20000404:	8082                	ret

20000406 <FLASH_ROM_IN>:
FLASH_ROM_IN():
20000406:	80640783          	lb	a5,-2042(s0)
2000040a:	fe07cee3          	bltz	a5,20000406 <FLASH_ROM_IN>
2000040e:	80444503          	lbu	a0,-2044(s0)
20000412:	8082                	ret

20000414 <FLASH_ROM_OUT>:
FLASH_ROM_OUT():
20000414:	80640783          	lb	a5,-2042(s0)
20000418:	fe07cee3          	bltz	a5,20000414 <FLASH_ROM_OUT>
2000041c:	80a40223          	sb	a0,-2044(s0)
20000420:	8082                	ret

20000422 <FLASH_ROM_ADDR>:
FLASH_ROM_ADDR():
20000422:	1141                	addi	sp,sp,-16
20000424:	c426                	sw	s1,8(sp)
20000426:	c24a                	sw	s2,4(sp)
20000428:	c04e                	sw	s3,0(sp)
2000042a:	c606                	sw	ra,12(sp)
2000042c:	0bf57713          	andi	a4,a0,191
20000430:	47ad                	li	a5,11
20000432:	89aa                	mv	s3,a0
20000434:	892e                	mv	s2,a1
20000436:	4495                	li	s1,5
20000438:	00f70663          	beq	a4,a5,20000444 <FLASH_ROM_ADDR+0x22>
2000043c:	4519                	li	a0,6
2000043e:	3765                	jal	200003e6 <FLASH_ROM_BEG>
20000440:	3f65                	jal	200003f8 <FLASH_ROM_END>
20000442:	448d                	li	s1,3
20000444:	854e                	mv	a0,s3
20000446:	3745                	jal	200003e6 <FLASH_ROM_BEG>
20000448:	59fd                	li	s3,-1
2000044a:	14fd                	addi	s1,s1,-1
2000044c:	01349863          	bne	s1,s3,2000045c <FLASH_ROM_ADDR+0x3a>
20000450:	40b2                	lw	ra,12(sp)
20000452:	44a2                	lw	s1,8(sp)
20000454:	4912                	lw	s2,4(sp)
20000456:	4982                	lw	s3,0(sp)
20000458:	0141                	addi	sp,sp,16
2000045a:	8082                	ret
2000045c:	01095513          	srli	a0,s2,0x10
20000460:	0ff57513          	andi	a0,a0,255
20000464:	3f45                	jal	20000414 <FLASH_ROM_OUT>
20000466:	0922                	slli	s2,s2,0x8
20000468:	b7cd                	j	2000044a <FLASH_ROM_ADDR+0x28>

2000046a <FLASH_ROM_WAIT>:
FLASH_ROM_WAIT():
2000046a:	1101                	addi	sp,sp,-32
2000046c:	cc26                	sw	s1,24(sp)
2000046e:	ce06                	sw	ra,28(sp)
20000470:	000804b7          	lui	s1,0x80
20000474:	3751                	jal	200003f8 <FLASH_ROM_END>
20000476:	4515                	li	a0,5
20000478:	37bd                	jal	200003e6 <FLASH_ROM_BEG>
2000047a:	3771                	jal	20000406 <FLASH_ROM_IN>
2000047c:	3769                	jal	20000406 <FLASH_ROM_IN>
2000047e:	c62a                	sw	a0,12(sp)
20000480:	3fa5                	jal	200003f8 <FLASH_ROM_END>
20000482:	4532                	lw	a0,12(sp)
20000484:	00157793          	andi	a5,a0,1
20000488:	eb89                	bnez	a5,2000049a <FLASH_ROM_WAIT+0x30>
2000048a:	00156513          	ori	a0,a0,1
2000048e:	0ff57513          	andi	a0,a0,255
20000492:	40f2                	lw	ra,28(sp)
20000494:	44e2                	lw	s1,24(sp)
20000496:	6105                	addi	sp,sp,32
20000498:	8082                	ret
2000049a:	14fd                	addi	s1,s1,-1
2000049c:	fce9                	bnez	s1,20000476 <FLASH_ROM_WAIT+0xc>
2000049e:	4501                	li	a0,0
200004a0:	bfcd                	j	20000492 <FLASH_ROM_WAIT+0x28>

200004a2 <FLASH_EEPROM_CMD>:
FLASH_EEPROM_CMD():
200004a2:	7139                	addi	sp,sp,-64
200004a4:	dc26                	sw	s1,56(sp)
200004a6:	da4a                	sw	s2,52(sp)
200004a8:	d84e                	sw	s3,48(sp)
200004aa:	d652                	sw	s4,44(sp)
200004ac:	d456                	sw	s5,40(sp)
200004ae:	d25a                	sw	s6,36(sp)
200004b0:	d05e                	sw	s7,32(sp)
200004b2:	de06                	sw	ra,60(sp)
200004b4:	ce62                	sw	s8,28(sp)
200004b6:	cc66                	sw	s9,24(sp)
200004b8:	e000e7b7          	lui	a5,0xe000e
200004bc:	577d                	li	a4,-1
200004be:	0007aa83          	lw	s5,0(a5) # e000e000 <_eusrstack+0xc0007800>
200004c2:	c622                	sw	s0,12(sp)
200004c4:	0047aa03          	lw	s4,4(a5)
200004c8:	18e7a023          	sw	a4,384(a5)
200004cc:	18e7a223          	sw	a4,388(a5)
200004d0:	400017b7          	lui	a5,0x40001
200004d4:	05700713          	li	a4,87
200004d8:	04e78023          	sb	a4,64(a5) # 40001040 <_eusrstack+0x1fffa840>
200004dc:	fa800713          	li	a4,-88
200004e0:	04e78023          	sb	a4,64(a5)
200004e4:	0447c783          	lbu	a5,68(a5)
200004e8:	ff750b93          	addi	s7,a0,-9
200004ec:	84b6                	mv	s1,a3
200004ee:	07e2                	slli	a5,a5,0x18
200004f0:	0ffbfb93          	andi	s7,s7,255
200004f4:	4685                	li	a3,1
200004f6:	89aa                	mv	s3,a0
200004f8:	8b2e                	mv	s6,a1
200004fa:	8932                	mv	s2,a2
200004fc:	40002437          	lui	s0,0x40002
20000500:	87e1                	srai	a5,a5,0x18
20000502:	5701                	li	a4,-32
20000504:	0176fa63          	bgeu	a3,s7,20000518 <FLASH_EEPROM_CMD+0x76>
20000508:	00d50863          	beq	a0,a3,20000518 <FLASH_EEPROM_CMD+0x76>
2000050c:	4689                	li	a3,2
2000050e:	02000713          	li	a4,32
20000512:	00d51363          	bne	a0,a3,20000518 <FLASH_EEPROM_CMD+0x76>
20000516:	5701                	li	a4,-32
20000518:	8fd9                	or	a5,a5,a4
2000051a:	0ff7f793          	andi	a5,a5,255
2000051e:	40001cb7          	lui	s9,0x40001
20000522:	04fc8223          	sb	a5,68(s9) # 40001044 <_eusrstack+0x1fffa844>
20000526:	4711                	li	a4,4
20000528:	80e40323          	sb	a4,-2042(s0) # 40001806 <_eusrstack+0x1fffb006>
2000052c:	0ff00513          	li	a0,255
20000530:	3d5d                	jal	200003e6 <FLASH_ROM_BEG>
20000532:	4c09                	li	s8,2
20000534:	35d1                	jal	200003f8 <FLASH_ROM_END>
20000536:	117c6d63          	bltu	s8,s7,20000650 <FLASH_EEPROM_CMD+0x1ae>
2000053a:	000705b7          	lui	a1,0x70
2000053e:	95da                	add	a1,a1,s6
20000540:	00078737          	lui	a4,0x78
20000544:	5579                	li	a0,-2
20000546:	04e5f263          	bgeu	a1,a4,2000058a <FLASH_EEPROM_CMD+0xe8>
2000054a:	009587b3          	add	a5,a1,s1
2000054e:	02f76e63          	bltu	a4,a5,2000058a <FLASH_EEPROM_CMD+0xe8>
20000552:	00080b37          	lui	s6,0x80
20000556:	47a9                	li	a5,10
20000558:	0165eb33          	or	s6,a1,s6
2000055c:	06f99963          	bne	s3,a5,200005ce <FLASH_EEPROM_CMD+0x12c>
20000560:	e489                	bnez	s1,2000056a <FLASH_EEPROM_CMD+0xc8>
20000562:	4481                	li	s1,0
20000564:	3d51                	jal	200003f8 <FLASH_ROM_END>
20000566:	8526                	mv	a0,s1
20000568:	a00d                	j	2000058a <FLASH_EEPROM_CMD+0xe8>
2000056a:	85da                	mv	a1,s6
2000056c:	4509                	li	a0,2
2000056e:	3d55                	jal	20000422 <FLASH_ROM_ADDR>
20000570:	0905                	addi	s2,s2,1
20000572:	fff94503          	lbu	a0,-1(s2)
20000576:	14fd                	addi	s1,s1,-1
20000578:	0b05                	addi	s6,s6,1
2000057a:	3d69                	jal	20000414 <FLASH_ROM_OUT>
2000057c:	c481                	beqz	s1,20000584 <FLASH_EEPROM_CMD+0xe2>
2000057e:	0ffb7793          	andi	a5,s6,255
20000582:	f7fd                	bnez	a5,20000570 <FLASH_EEPROM_CMD+0xce>
20000584:	35dd                	jal	2000046a <FLASH_ROM_WAIT>
20000586:	fd69                	bnez	a0,20000560 <FLASH_EEPROM_CMD+0xbe>
20000588:	557d                	li	a0,-1
2000058a:	400017b7          	lui	a5,0x40001
2000058e:	05700713          	li	a4,87
20000592:	04e78023          	sb	a4,64(a5) # 40001040 <_eusrstack+0x1fffa840>
20000596:	fa800713          	li	a4,-88
2000059a:	04e78023          	sb	a4,64(a5)
2000059e:	0447c703          	lbu	a4,68(a5)
200005a2:	8b41                	andi	a4,a4,16
200005a4:	04e78223          	sb	a4,68(a5)
200005a8:	50f2                	lw	ra,60(sp)
200005aa:	e000e7b7          	lui	a5,0xe000e
200005ae:	1157a023          	sw	s5,256(a5) # e000e100 <_eusrstack+0xc0007900>
200005b2:	1147a223          	sw	s4,260(a5)
200005b6:	54e2                	lw	s1,56(sp)
200005b8:	4432                	lw	s0,12(sp)
200005ba:	5952                	lw	s2,52(sp)
200005bc:	59c2                	lw	s3,48(sp)
200005be:	5a32                	lw	s4,44(sp)
200005c0:	5aa2                	lw	s5,40(sp)
200005c2:	5b12                	lw	s6,36(sp)
200005c4:	5b82                	lw	s7,32(sp)
200005c6:	4c72                	lw	s8,28(sp)
200005c8:	4ce2                	lw	s9,24(sp)
200005ca:	6121                	addi	sp,sp,64
200005cc:	8082                	ret
200005ce:	47a5                	li	a5,9
200005d0:	06f99563          	bne	s3,a5,2000063a <FLASH_EEPROM_CMD+0x198>
200005d4:	6985                	lui	s3,0x1
200005d6:	0ff00913          	li	s2,255
200005da:	009906b3          	add	a3,s2,s1
200005de:	012b74b3          	and	s1,s6,s2
200005e2:	94b6                	add	s1,s1,a3
200005e4:	fff94913          	not	s2,s2
200005e8:	009974b3          	and	s1,s2,s1
200005ec:	6b85                	lui	s7,0x1
200005ee:	01697933          	and	s2,s2,s6
200005f2:	6b41                	lui	s6,0x10
200005f4:	fff98793          	addi	a5,s3,-1 # fff <__swbuf_r+0x37>
200005f8:	0127f7b3          	and	a5,a5,s2
200005fc:	e399                	bnez	a5,20000602 <FLASH_EEPROM_CMD+0x160>
200005fe:	0134fc63          	bgeu	s1,s3,20000616 <FLASH_EEPROM_CMD+0x174>
20000602:	0049d993          	srli	s3,s3,0x4
20000606:	47c1                	li	a5,16
20000608:	ff37e6e3          	bltu	a5,s3,200005f4 <FLASH_EEPROM_CMD+0x152>
2000060c:	bf99                	j	20000562 <FLASH_EEPROM_CMD+0xc0>
2000060e:	6905                	lui	s2,0x1
20000610:	69c1                	lui	s3,0x10
20000612:	197d                	addi	s2,s2,-1
20000614:	b7d9                	j	200005da <FLASH_EEPROM_CMD+0x138>
20000616:	0d800513          	li	a0,216
2000061a:	01698863          	beq	s3,s6,2000062a <FLASH_EEPROM_CMD+0x188>
2000061e:	02000513          	li	a0,32
20000622:	01798463          	beq	s3,s7,2000062a <FLASH_EEPROM_CMD+0x188>
20000626:	08100513          	li	a0,129
2000062a:	85ca                	mv	a1,s2
2000062c:	3bdd                	jal	20000422 <FLASH_ROM_ADDR>
2000062e:	3d35                	jal	2000046a <FLASH_ROM_WAIT>
20000630:	dd21                	beqz	a0,20000588 <FLASH_EEPROM_CMD+0xe6>
20000632:	994e                	add	s2,s2,s3
20000634:	413484b3          	sub	s1,s1,s3
20000638:	b7d9                	j	200005fe <FLASH_EEPROM_CMD+0x15c>
2000063a:	85da                	mv	a1,s6
2000063c:	452d                	li	a0,11
2000063e:	33d5                	jal	20000422 <FLASH_ROM_ADDR>
20000640:	94ca                	add	s1,s1,s2
20000642:	f29900e3          	beq	s2,s1,20000562 <FLASH_EEPROM_CMD+0xc0>
20000646:	0905                	addi	s2,s2,1
20000648:	3b7d                	jal	20000406 <FLASH_ROM_IN>
2000064a:	fea90fa3          	sb	a0,-1(s2) # fff <__swbuf_r+0x37>
2000064e:	bfd5                	j	20000642 <FLASH_EEPROM_CMD+0x1a0>
20000650:	fff98793          	addi	a5,s3,-1 # ffff <_data_lma+0xddab>
20000654:	0ff7f793          	andi	a5,a5,255
20000658:	0cfc6163          	bltu	s8,a5,2000071a <.loop402+0x7a>
2000065c:	041cc783          	lbu	a5,65(s9)
20000660:	08300713          	li	a4,131
20000664:	04f71f63          	bne	a4,a5,200006c2 <.loop402+0x22>
20000668:	00080737          	lui	a4,0x80
2000066c:	04eb6b63          	bltu	s6,a4,200006c2 <.loop402+0x22>
20000670:	009b07b3          	add	a5,s6,s1
20000674:	001006b7          	lui	a3,0x100
20000678:	04d7f563          	bgeu	a5,a3,200006c2 <.loop402+0x22>
2000067c:	00eb4b33          	xor	s6,s6,a4
20000680:	4789                	li	a5,2
20000682:	06f99363          	bne	s3,a5,200006e8 <.loop402+0x48>
20000686:	8089                	srli	s1,s1,0x2
20000688:	49d5                	li	s3,21
2000068a:	ec048ce3          	beqz	s1,20000562 <FLASH_EEPROM_CMD+0xc0>
2000068e:	85da                	mv	a1,s6
20000690:	4509                	li	a0,2
20000692:	3b41                	jal	20000422 <FLASH_ROM_ADDR>
20000694:	0911                	addi	s2,s2,4
20000696:	ffc92703          	lw	a4,-4(s2)
2000069a:	4791                	li	a5,4
2000069c:	80e42023          	sw	a4,-2048(s0)

200006a0 <.loop402>:
200006a0:	80640703          	lb	a4,-2042(s0)
200006a4:	fe074ee3          	bltz	a4,200006a0 <.loop402>
200006a8:	81340323          	sb	s3,-2042(s0)
200006ac:	17fd                	addi	a5,a5,-1
200006ae:	fbed                	bnez	a5,200006a0 <.loop402>
200006b0:	14fd                	addi	s1,s1,-1
200006b2:	0b11                	addi	s6,s6,4
200006b4:	c481                	beqz	s1,200006bc <.loop402+0x1c>
200006b6:	0ffb7793          	andi	a5,s6,255
200006ba:	ffe9                	bnez	a5,20000694 <FLASH_EEPROM_CMD+0x1f2>
200006bc:	337d                	jal	2000046a <FLASH_ROM_WAIT>
200006be:	f571                	bnez	a0,2000068a <FLASH_EEPROM_CMD+0x1e8>
200006c0:	b5e1                	j	20000588 <FLASH_EEPROM_CMD+0xe6>
200006c2:	400017b7          	lui	a5,0x40001
200006c6:	0457c703          	lbu	a4,69(a5) # 40001045 <_eusrstack+0x1fffa845>
200006ca:	000807b7          	lui	a5,0x80
200006ce:	02077713          	andi	a4,a4,32
200006d2:	e319                	bnez	a4,200006d8 <.loop402+0x38>
200006d4:	000787b7          	lui	a5,0x78
200006d8:	5579                	li	a0,-2
200006da:	eafb78e3          	bgeu	s6,a5,2000058a <FLASH_EEPROM_CMD+0xe8>
200006de:	009b0733          	add	a4,s6,s1
200006e2:	f8e7ffe3          	bgeu	a5,a4,20000680 <FLASH_EEPROM_CMD+0x1de>
200006e6:	b555                	j	2000058a <FLASH_EEPROM_CMD+0xe8>
200006e8:	4785                	li	a5,1
200006ea:	f2f982e3          	beq	s3,a5,2000060e <FLASH_EEPROM_CMD+0x16c>
200006ee:	85da                	mv	a1,s6
200006f0:	452d                	li	a0,11
200006f2:	3b05                	jal	20000422 <FLASH_ROM_ADDR>
200006f4:	fff48993          	addi	s3,s1,-1 # 7ffff <_data_lma+0x7ddab>
200006f8:	e60485e3          	beqz	s1,20000562 <FLASH_EEPROM_CMD+0xc0>
200006fc:	3329                	jal	20000406 <FLASH_ROM_IN>
200006fe:	0039f793          	andi	a5,s3,3
20000702:	eb91                	bnez	a5,20000716 <.loop402+0x76>
20000704:	80042683          	lw	a3,-2048(s0)
20000708:	00092703          	lw	a4,0(s2)
2000070c:	00490793          	addi	a5,s2,4
20000710:	e4e69ae3          	bne	a3,a4,20000564 <FLASH_EEPROM_CMD+0xc2>
20000714:	893e                	mv	s2,a5
20000716:	84ce                	mv	s1,s3
20000718:	bff1                	j	200006f4 <.loop402+0x54>
2000071a:	47b5                	li	a5,13
2000071c:	00f99663          	bne	s3,a5,20000728 <.loop402+0x88>
20000720:	0b900513          	li	a0,185
20000724:	31c9                	jal	200003e6 <FLASH_ROM_BEG>
20000726:	bd35                	j	20000562 <FLASH_EEPROM_CMD+0xc0>
20000728:	47b1                	li	a5,12
2000072a:	0ab00513          	li	a0,171
2000072e:	fef98be3          	beq	s3,a5,20000724 <.loop402+0x84>
20000732:	4799                	li	a5,6
20000734:	04f99163          	bne	s3,a5,20000776 <.loop402+0xd6>
20000738:	000805b7          	lui	a1,0x80
2000073c:	00bb65b3          	or	a1,s6,a1
20000740:	452d                	li	a0,11
20000742:	31c5                	jal	20000422 <FLASH_ROM_ADDR>
20000744:	4481                	li	s1,0
20000746:	4b8d                	li	s7,3
20000748:	49a1                	li	s3,8
2000074a:	3975                	jal	20000406 <FLASH_ROM_IN>
2000074c:	01749663          	bne	s1,s7,20000758 <.loop402+0xb8>
20000750:	80042783          	lw	a5,-2048(s0)
20000754:	00f92023          	sw	a5,0(s2)
20000758:	0485                	addi	s1,s1,1
2000075a:	ff3498e3          	bne	s1,s3,2000074a <.loop402+0xaa>
2000075e:	80042783          	lw	a5,-2048(s0)
20000762:	012b1713          	slli	a4,s6,0x12
20000766:	00075563          	bgez	a4,20000770 <.loop402+0xd0>
2000076a:	00f91223          	sh	a5,4(s2)
2000076e:	bbd5                	j	20000562 <FLASH_EEPROM_CMD+0xc0>
20000770:	00f92223          	sw	a5,4(s2)
20000774:	b3fd                	j	20000562 <FLASH_EEPROM_CMD+0xc0>
20000776:	479d                	li	a5,7
20000778:	02f99963          	bne	s3,a5,200007aa <.loop402+0x10a>
2000077c:	4581                	li	a1,0
2000077e:	04b00513          	li	a0,75
20000782:	3145                	jal	20000422 <FLASH_ROM_ADDR>
20000784:	44bd                	li	s1,15
20000786:	00092023          	sw	zero,0(s2)
2000078a:	00092223          	sw	zero,4(s2)
2000078e:	59fd                	li	s3,-1
20000790:	399d                	jal	20000406 <FLASH_ROM_IN>
20000792:	0074f793          	andi	a5,s1,7
20000796:	97ca                	add	a5,a5,s2
20000798:	0007c703          	lbu	a4,0(a5) # 78000 <_data_lma+0x75dac>
2000079c:	14fd                	addi	s1,s1,-1
2000079e:	8d39                	xor	a0,a0,a4
200007a0:	00a78023          	sb	a0,0(a5)
200007a4:	ff3496e3          	bne	s1,s3,20000790 <.loop402+0xf0>
200007a8:	bb6d                	j	20000562 <FLASH_EEPROM_CMD+0xc0>
200007aa:	47a1                	li	a5,8
200007ac:	04f99263          	bne	s3,a5,200007f0 <.loop402+0x150>
200007b0:	396d                	jal	2000046a <FLASH_ROM_WAIT>
200007b2:	4481                	li	s1,0
200007b4:	000b0d63          	beqz	s6,200007ce <.loop402+0x12e>
200007b8:	478d                	li	a5,3
200007ba:	03c00493          	li	s1,60
200007be:	00fb0863          	beq	s6,a5,200007ce <.loop402+0x12e>
200007c2:	05000493          	li	s1,80
200007c6:	018b0463          	beq	s6,s8,200007ce <.loop402+0x12e>
200007ca:	04400493          	li	s1,68
200007ce:	07c57513          	andi	a0,a0,124
200007d2:	d89508e3          	beq	a0,s1,20000562 <FLASH_EEPROM_CMD+0xc0>
200007d6:	4519                	li	a0,6
200007d8:	3139                	jal	200003e6 <FLASH_ROM_BEG>
200007da:	3939                	jal	200003f8 <FLASH_ROM_END>
200007dc:	4505                	li	a0,1
200007de:	3121                	jal	200003e6 <FLASH_ROM_BEG>
200007e0:	8526                	mv	a0,s1
200007e2:	390d                	jal	20000414 <FLASH_ROM_OUT>
200007e4:	4509                	li	a0,2
200007e6:	313d                	jal	20000414 <FLASH_ROM_OUT>
200007e8:	3149                	jal	2000046a <FLASH_ROM_WAIT>
200007ea:	d6051ce3          	bnez	a0,20000562 <FLASH_EEPROM_CMD+0xc0>
200007ee:	bb69                	j	20000588 <FLASH_EEPROM_CMD+0xe6>
200007f0:	4791                	li	a5,4
200007f2:	00f99963          	bne	s3,a5,20000804 <.loop402+0x164>
200007f6:	06600513          	li	a0,102
200007fa:	36f5                	jal	200003e6 <FLASH_ROM_BEG>
200007fc:	3ef5                	jal	200003f8 <FLASH_ROM_END>
200007fe:	09900513          	li	a0,153
20000802:	b70d                	j	20000724 <.loop402+0x84>
20000804:	d4098fe3          	beqz	s3,20000562 <FLASH_EEPROM_CMD+0xc0>
20000808:	54f1                	li	s1,-4
2000080a:	bba9                	j	20000564 <FLASH_EEPROM_CMD+0xc2>

Disassembly of section .text:

00000810 <handle_reset>:
handle_reset():
c:/Users/LRNA/Downloads/ch592-main/ch592-main/EVT/EXAM/SRC/Startup/startup_CH592.S:127
	.weak	handle_reset
	.align	1
handle_reset:
.option push 
.option	norelax 
	la gp, __global_pointer$
     810:	20001197          	auipc	gp,0x20001
     814:	86018193          	addi	gp,gp,-1952 # 20001070 <__global_pointer$>
c:/Users/LRNA/Downloads/ch592-main/ch592-main/EVT/EXAM/SRC/Startup/startup_CH592.S:130
.option	pop 
1:
	la sp, _eusrstack 
     818:	20006117          	auipc	sp,0x20006
     81c:	fe810113          	addi	sp,sp,-24 # 20006800 <_eusrstack>
c:/Users/LRNA/Downloads/ch592-main/ch592-main/EVT/EXAM/SRC/Startup/startup_CH592.S:134

/* Load highcode code  section from flash to RAM */
2:
    la a0, _highcode_lma
     820:	00400513          	li	a0,4
c:/Users/LRNA/Downloads/ch592-main/ch592-main/EVT/EXAM/SRC/Startup/startup_CH592.S:135
    la a1, _highcode_vma_start
     824:	1ffff597          	auipc	a1,0x1ffff
     828:	7dc58593          	addi	a1,a1,2012 # 20000000 <_highcode_vma_start>
c:/Users/LRNA/Downloads/ch592-main/ch592-main/EVT/EXAM/SRC/Startup/startup_CH592.S:136
    la a2, _highcode_vma_end
     82c:	20000617          	auipc	a2,0x20000
     830:	fe060613          	addi	a2,a2,-32 # 2000080c <_highcode_vma_end>
c:/Users/LRNA/Downloads/ch592-main/ch592-main/EVT/EXAM/SRC/Startup/startup_CH592.S:137
    bgeu a1, a2, 2f
     834:	00c5fa63          	bgeu	a1,a2,848 <handle_reset+0x38>
c:/Users/LRNA/Downloads/ch592-main/ch592-main/EVT/EXAM/SRC/Startup/startup_CH592.S:139
1:
    lw t0, (a0)
     838:	00052283          	lw	t0,0(a0)
c:/Users/LRNA/Downloads/ch592-main/ch592-main/EVT/EXAM/SRC/Startup/startup_CH592.S:140
    sw t0, (a1)
     83c:	0055a023          	sw	t0,0(a1)
c:/Users/LRNA/Downloads/ch592-main/ch592-main/EVT/EXAM/SRC/Startup/startup_CH592.S:141
    addi a0, a0, 4
     840:	0511                	addi	a0,a0,4
c:/Users/LRNA/Downloads/ch592-main/ch592-main/EVT/EXAM/SRC/Startup/startup_CH592.S:142
    addi a1, a1, 4
     842:	0591                	addi	a1,a1,4
c:/Users/LRNA/Downloads/ch592-main/ch592-main/EVT/EXAM/SRC/Startup/startup_CH592.S:143
    bltu a1, a2, 1b
     844:	fec5eae3          	bltu	a1,a2,838 <handle_reset+0x28>
c:/Users/LRNA/Downloads/ch592-main/ch592-main/EVT/EXAM/SRC/Startup/startup_CH592.S:147

/* Load data section from flash to RAM */
2:
	la a0, _data_lma
     848:	00002517          	auipc	a0,0x2
     84c:	a0c50513          	addi	a0,a0,-1524 # 2254 <_data_lma>
c:/Users/LRNA/Downloads/ch592-main/ch592-main/EVT/EXAM/SRC/Startup/startup_CH592.S:148
	la a1, _data_vma
     850:	20000597          	auipc	a1,0x20000
     854:	fbc58593          	addi	a1,a1,-68 # 2000080c <_highcode_vma_end>
c:/Users/LRNA/Downloads/ch592-main/ch592-main/EVT/EXAM/SRC/Startup/startup_CH592.S:149
	la a2, _edata
     858:	80818613          	addi	a2,gp,-2040 # 20000878 <_edata>
c:/Users/LRNA/Downloads/ch592-main/ch592-main/EVT/EXAM/SRC/Startup/startup_CH592.S:150
	bgeu a1, a2, 2f
     85c:	00c5fa63          	bgeu	a1,a2,870 <handle_reset+0x60>
c:/Users/LRNA/Downloads/ch592-main/ch592-main/EVT/EXAM/SRC/Startup/startup_CH592.S:152
1:
	lw t0, (a0)
     860:	00052283          	lw	t0,0(a0)
c:/Users/LRNA/Downloads/ch592-main/ch592-main/EVT/EXAM/SRC/Startup/startup_CH592.S:153
	sw t0, (a1)
     864:	0055a023          	sw	t0,0(a1)
c:/Users/LRNA/Downloads/ch592-main/ch592-main/EVT/EXAM/SRC/Startup/startup_CH592.S:154
	addi a0, a0, 4
     868:	0511                	addi	a0,a0,4
c:/Users/LRNA/Downloads/ch592-main/ch592-main/EVT/EXAM/SRC/Startup/startup_CH592.S:155
	addi a1, a1, 4
     86a:	0591                	addi	a1,a1,4
c:/Users/LRNA/Downloads/ch592-main/ch592-main/EVT/EXAM/SRC/Startup/startup_CH592.S:156
	bltu a1, a2, 1b
     86c:	fec5eae3          	bltu	a1,a2,860 <handle_reset+0x50>
c:/Users/LRNA/Downloads/ch592-main/ch592-main/EVT/EXAM/SRC/Startup/startup_CH592.S:159
2:
	/* clear bss section */
	la a0, _sbss
     870:	80818513          	addi	a0,gp,-2040 # 20000878 <_edata>
c:/Users/LRNA/Downloads/ch592-main/ch592-main/EVT/EXAM/SRC/Startup/startup_CH592.S:160
	la a1, _ebss
     874:	9b018593          	addi	a1,gp,-1616 # 20000a20 <_ebss>
c:/Users/LRNA/Downloads/ch592-main/ch592-main/EVT/EXAM/SRC/Startup/startup_CH592.S:161
	bgeu a0, a1, 2f
     878:	00b57763          	bgeu	a0,a1,886 <handle_reset+0x76>
c:/Users/LRNA/Downloads/ch592-main/ch592-main/EVT/EXAM/SRC/Startup/startup_CH592.S:163
1:
	sw zero, (a0)
     87c:	00052023          	sw	zero,0(a0)
c:/Users/LRNA/Downloads/ch592-main/ch592-main/EVT/EXAM/SRC/Startup/startup_CH592.S:164
	addi a0, a0, 4
     880:	0511                	addi	a0,a0,4
c:/Users/LRNA/Downloads/ch592-main/ch592-main/EVT/EXAM/SRC/Startup/startup_CH592.S:165
	bltu a0, a1, 1b
     882:	feb56de3          	bltu	a0,a1,87c <handle_reset+0x6c>
c:/Users/LRNA/Downloads/ch592-main/ch592-main/EVT/EXAM/SRC/Startup/startup_CH592.S:168
2:
	/* 流水线控制位 & 动态预测控制位 */
	li t0, 0x1f
     886:	42fd                	li	t0,31
c:/Users/LRNA/Downloads/ch592-main/ch592-main/EVT/EXAM/SRC/Startup/startup_CH592.S:169
	csrw 0xbc0, t0
     888:	bc029073          	csrw	0xbc0,t0
c:/Users/LRNA/Downloads/ch592-main/ch592-main/EVT/EXAM/SRC/Startup/startup_CH592.S:171
	/* 打开嵌套中断、硬件压栈功能 */
	li t0, 0x3
     88c:	428d                	li	t0,3
c:/Users/LRNA/Downloads/ch592-main/ch592-main/EVT/EXAM/SRC/Startup/startup_CH592.S:172
	csrw 0x804, t0
     88e:	80429073          	csrw	0x804,t0
c:/Users/LRNA/Downloads/ch592-main/ch592-main/EVT/EXAM/SRC/Startup/startup_CH592.S:174
	
    li t0, 0x88
     892:	08800293          	li	t0,136
c:/Users/LRNA/Downloads/ch592-main/ch592-main/EVT/EXAM/SRC/Startup/startup_CH592.S:175
    csrw mstatus, t0
     896:	30029073          	csrw	mstatus,t0
c:/Users/LRNA/Downloads/ch592-main/ch592-main/EVT/EXAM/SRC/Startup/startup_CH592.S:176
	la t0, _vector_base
     89a:	1ffff297          	auipc	t0,0x1ffff
     89e:	76628293          	addi	t0,t0,1894 # 20000000 <_highcode_vma_start>
c:/Users/LRNA/Downloads/ch592-main/ch592-main/EVT/EXAM/SRC/Startup/startup_CH592.S:179

	/* 配置向量表模式为绝对地址模式 */
    ori t0, t0, 3
     8a2:	0032e293          	ori	t0,t0,3
c:/Users/LRNA/Downloads/ch592-main/ch592-main/EVT/EXAM/SRC/Startup/startup_CH592.S:180
	csrw mtvec, t0
     8a6:	30529073          	csrw	mtvec,t0
c:/Users/LRNA/Downloads/ch592-main/ch592-main/EVT/EXAM/SRC/Startup/startup_CH592.S:182

	la t0, main
     8aa:	00000297          	auipc	t0,0x0
     8ae:	0e228293          	addi	t0,t0,226 # 98c <main>
c:/Users/LRNA/Downloads/ch592-main/ch592-main/EVT/EXAM/SRC/Startup/startup_CH592.S:183
	csrw mepc, t0
     8b2:	34129073          	csrw	mepc,t0
c:/Users/LRNA/Downloads/ch592-main/ch592-main/EVT/EXAM/SRC/Startup/startup_CH592.S:185
	
	mret
     8b6:	30200073          	mret

000008ba <memset>:
memset():
     8ba:	433d                	li	t1,15
     8bc:	872a                	mv	a4,a0
     8be:	02c37363          	bgeu	t1,a2,8e4 <memset+0x2a>
     8c2:	00f77793          	andi	a5,a4,15
     8c6:	efbd                	bnez	a5,944 <memset+0x8a>
     8c8:	e5ad                	bnez	a1,932 <memset+0x78>
     8ca:	ff067693          	andi	a3,a2,-16
     8ce:	8a3d                	andi	a2,a2,15
     8d0:	96ba                	add	a3,a3,a4
     8d2:	c30c                	sw	a1,0(a4)
     8d4:	c34c                	sw	a1,4(a4)
     8d6:	c70c                	sw	a1,8(a4)
     8d8:	c74c                	sw	a1,12(a4)
     8da:	0741                	addi	a4,a4,16
     8dc:	fed76be3          	bltu	a4,a3,8d2 <memset+0x18>
     8e0:	e211                	bnez	a2,8e4 <memset+0x2a>
     8e2:	8082                	ret
     8e4:	40c306b3          	sub	a3,t1,a2
     8e8:	068a                	slli	a3,a3,0x2
     8ea:	00000297          	auipc	t0,0x0
     8ee:	9696                	add	a3,a3,t0
     8f0:	00a68067          	jr	10(a3) # 10000a <_data_lma+0xfddb6>
     8f4:	00b70723          	sb	a1,14(a4) # 8000e <_data_lma+0x7ddba>
     8f8:	00b706a3          	sb	a1,13(a4)
     8fc:	00b70623          	sb	a1,12(a4)
     900:	00b705a3          	sb	a1,11(a4)
     904:	00b70523          	sb	a1,10(a4)
     908:	00b704a3          	sb	a1,9(a4)
     90c:	00b70423          	sb	a1,8(a4)
     910:	00b703a3          	sb	a1,7(a4)
     914:	00b70323          	sb	a1,6(a4)
     918:	00b702a3          	sb	a1,5(a4)
     91c:	00b70223          	sb	a1,4(a4)
     920:	00b701a3          	sb	a1,3(a4)
     924:	00b70123          	sb	a1,2(a4)
     928:	00b700a3          	sb	a1,1(a4)
     92c:	00b70023          	sb	a1,0(a4)
     930:	8082                	ret
     932:	0ff5f593          	andi	a1,a1,255
     936:	00859693          	slli	a3,a1,0x8
     93a:	8dd5                	or	a1,a1,a3
     93c:	01059693          	slli	a3,a1,0x10
     940:	8dd5                	or	a1,a1,a3
     942:	b761                	j	8ca <memset+0x10>
     944:	00279693          	slli	a3,a5,0x2
     948:	00000297          	auipc	t0,0x0
     94c:	9696                	add	a3,a3,t0
     94e:	8286                	mv	t0,ra
     950:	fa8680e7          	jalr	-88(a3)
     954:	8096                	mv	ra,t0
     956:	17c1                	addi	a5,a5,-16
     958:	8f1d                	sub	a4,a4,a5
     95a:	963e                	add	a2,a2,a5
     95c:	f8c374e3          	bgeu	t1,a2,8e4 <memset+0x2a>
     960:	b7a5                	j	8c8 <memset+0xe>

00000962 <DebugInit>:
DebugInit():
c:\Users\LRNA\Downloads\ch592-main\ch592-main\EVT\EXAM\TMR\obj/../src/Main.c:29
    GPIOA_SetBits(GPIO_Pin_9);
     962:	40001737          	lui	a4,0x40001
     966:	0a872783          	lw	a5,168(a4) # 400010a8 <_eusrstack+0x1fffa8a8>
c:\Users\LRNA\Downloads\ch592-main\ch592-main\EVT\EXAM\TMR\obj/../src/Main.c:28
{
     96a:	1141                	addi	sp,sp,-16
     96c:	c606                	sw	ra,12(sp)
c:\Users\LRNA\Downloads\ch592-main\ch592-main\EVT\EXAM\TMR\obj/../src/Main.c:29
    GPIOA_SetBits(GPIO_Pin_9);
     96e:	2007e793          	ori	a5,a5,512
     972:	0af72423          	sw	a5,168(a4)
c:\Users\LRNA\Downloads\ch592-main\ch592-main\EVT\EXAM\TMR\obj/../src/Main.c:30
    GPIOA_ModeCfg(GPIO_Pin_8, GPIO_ModeIN_PU);
     976:	4585                	li	a1,1
     978:	10000513          	li	a0,256
     97c:	225d                	jal	b22 <GPIOA_ModeCfg>
c:\Users\LRNA\Downloads\ch592-main\ch592-main\EVT\EXAM\TMR\obj/../src/Main.c:31
    GPIOA_ModeCfg(GPIO_Pin_9, GPIO_ModeOut_PP_5mA);
     97e:	458d                	li	a1,3
     980:	20000513          	li	a0,512
     984:	2a79                	jal	b22 <GPIOA_ModeCfg>
c:\Users\LRNA\Downloads\ch592-main\ch592-main\EVT\EXAM\TMR\obj/../src/Main.c:33
}
     986:	40b2                	lw	ra,12(sp)
     988:	0141                	addi	sp,sp,16
c:\Users\LRNA\Downloads\ch592-main\ch592-main\EVT\EXAM\TMR\obj/../src/Main.c:32
    UART1_DefInit();
     98a:	a94d                	j	e3c <UART1_DefInit>

0000098c <main>:
main():
c:\Users\LRNA\Downloads\ch592-main\ch592-main\EVT\EXAM\TMR\obj/../src/Main.c:43
{
     98c:	1101                	addi	sp,sp,-32
c:\Users\LRNA\Downloads\ch592-main\ch592-main\EVT\EXAM\TMR\obj/../src/Main.c:46
    SetSysClock(CLK_SOURCE_PLL_60MHz);
     98e:	04800513          	li	a0,72
c:\Users\LRNA\Downloads\ch592-main\ch592-main\EVT\EXAM\TMR\obj/../src/Main.c:43
{
     992:	ce06                	sw	ra,28(sp)
     994:	cc22                	sw	s0,24(sp)
     996:	ca26                	sw	s1,20(sp)
c:\Users\LRNA\Downloads\ch592-main\ch592-main\EVT\EXAM\TMR\obj/../src/Main.c:50
    PRINT("Start @ChipID=%02X\n", R8_CHIP_ID);
     998:	40001437          	lui	s0,0x40001
c:\Users\LRNA\Downloads\ch592-main\ch592-main\EVT\EXAM\TMR\obj/../src/Main.c:43
{
     99c:	c84a                	sw	s2,16(sp)
     99e:	c64e                	sw	s3,12(sp)
     9a0:	c452                	sw	s4,8(sp)
c:\Users\LRNA\Downloads\ch592-main\ch592-main\EVT\EXAM\TMR\obj/../src/Main.c:46
    SetSysClock(CLK_SOURCE_PLL_60MHz);
     9a2:	1ffff097          	auipc	ra,0x1ffff
     9a6:	776080e7          	jalr	1910(ra) # 20000118 <SetSysClock>
c:\Users\LRNA\Downloads\ch592-main\ch592-main\EVT\EXAM\TMR\obj/../src/Main.c:49
    DebugInit();
     9aa:	3f65                	jal	962 <DebugInit>
c:\Users\LRNA\Downloads\ch592-main\ch592-main\EVT\EXAM\TMR\obj/../src/Main.c:50
    PRINT("Start @ChipID=%02X\n", R8_CHIP_ID);
     9ac:	04144583          	lbu	a1,65(s0) # 40001041 <_eusrstack+0x1fffa841>
     9b0:	00001517          	auipc	a0,0x1
     9b4:	7b050513          	addi	a0,a0,1968 # 2160 <_read+0xe>
c:\Users\LRNA\Downloads\ch592-main\ch592-main\EVT\EXAM\TMR\obj/../src/Main.c:58
    TMR0_ITCfg(ENABLE, TMR0_3_IT_CYC_END); // 开启中断
     9b8:	400024b7          	lui	s1,0x40002
c:\Users\LRNA\Downloads\ch592-main\ch592-main\EVT\EXAM\TMR\obj/../src/Main.c:50
    PRINT("Start @ChipID=%02X\n", R8_CHIP_ID);
     9bc:	294d                	jal	e6e <iprintf>
c:\Users\LRNA\Downloads\ch592-main\ch592-main\EVT\EXAM\TMR\obj/../src/Main.c:54
    GPIOB_SetBits(GPIO_Pin_15);
     9be:	0c842783          	lw	a5,200(s0)
     9c2:	6721                	lui	a4,0x8
c:\Users\LRNA\Downloads\ch592-main\ch592-main\EVT\EXAM\TMR\obj/../src/Main.c:55
    GPIOB_ModeCfg(GPIO_Pin_15, GPIO_ModeOut_PP_5mA);
     9c4:	458d                	li	a1,3
c:\Users\LRNA\Downloads\ch592-main\ch592-main\EVT\EXAM\TMR\obj/../src/Main.c:54
    GPIOB_SetBits(GPIO_Pin_15);
     9c6:	8fd9                	or	a5,a5,a4
     9c8:	0cf42423          	sw	a5,200(s0)
c:\Users\LRNA\Downloads\ch592-main\ch592-main\EVT\EXAM\TMR\obj/../src/Main.c:55
    GPIOB_ModeCfg(GPIO_Pin_15, GPIO_ModeOut_PP_5mA);
     9cc:	6521                	lui	a0,0x8
     9ce:	2aed                	jal	bc8 <GPIOB_ModeCfg>
c:\Users\LRNA\Downloads\ch592-main\ch592-main\EVT\EXAM\TMR\obj/../src/Main.c:57
    TMR0_TimerInit(FREQ_SYS / 10);         // 设置定时时间 100ms
     9d0:	005b9537          	lui	a0,0x5b9
     9d4:	d8050513          	addi	a0,a0,-640 # 5b8d80 <_data_lma+0x5b6b2c>
     9d8:	265d                	jal	d7e <TMR0_TimerInit>
c:\Users\LRNA\Downloads\ch592-main\ch592-main\EVT\EXAM\TMR\obj/../src/Main.c:58
    TMR0_ITCfg(ENABLE, TMR0_3_IT_CYC_END); // 开启中断
     9da:	0024c783          	lbu	a5,2(s1) # 40002002 <_eusrstack+0x1fffb802>
PFIC_EnableIRQ():
c:/Users/LRNA/Downloads/ch592-main/ch592-main/EVT/EXAM/SRC/RVMSIS/core_riscv.h:144
 *
 * @param   IRQn    - Interrupt Numbers
 */
__attribute__((always_inline)) RV_STATIC_INLINE void PFIC_EnableIRQ(IRQn_Type IRQn)
{
    PFIC->IENR[((uint32_t)(IRQn) >> 5)] = (1 << ((uint32_t)(IRQn)&0x1F));
     9de:	e000e937          	lui	s2,0xe000e
main():
c:\Users\LRNA\Downloads\ch592-main\ch592-main\EVT\EXAM\TMR\obj/../src/Main.c:64
    GPIOB_ResetBits(GPIO_Pin_22); // 配置PWM口 PB22
     9e2:	00400737          	lui	a4,0x400
c:\Users\LRNA\Downloads\ch592-main\ch592-main\EVT\EXAM\TMR\obj/../src/Main.c:58
    TMR0_ITCfg(ENABLE, TMR0_3_IT_CYC_END); // 开启中断
     9e6:	0017e793          	ori	a5,a5,1
     9ea:	00f48123          	sb	a5,2(s1)
PFIC_EnableIRQ():
c:/Users/LRNA/Downloads/ch592-main/ch592-main/EVT/EXAM/SRC/RVMSIS/core_riscv.h:144
     9ee:	67c1                	lui	a5,0x10
     9f0:	10f92023          	sw	a5,256(s2) # e000e100 <_eusrstack+0xc0007900>
main():
c:\Users\LRNA\Downloads\ch592-main\ch592-main\EVT\EXAM\TMR\obj/../src/Main.c:64
    GPIOB_ResetBits(GPIO_Pin_22); // 配置PWM口 PB22
     9f4:	0cc42783          	lw	a5,204(s0)
c:\Users\LRNA\Downloads\ch592-main\ch592-main\EVT\EXAM\TMR\obj/../src/Main.c:65
    GPIOB_ModeCfg(GPIO_Pin_22, GPIO_ModeOut_PP_5mA);
     9f8:	458d                	li	a1,3
     9fa:	00400537          	lui	a0,0x400
c:\Users\LRNA\Downloads\ch592-main\ch592-main\EVT\EXAM\TMR\obj/../src/Main.c:64
    GPIOB_ResetBits(GPIO_Pin_22); // 配置PWM口 PB22
     9fe:	8fd9                	or	a5,a5,a4
     a00:	0cf42623          	sw	a5,204(s0)
c:\Users\LRNA\Downloads\ch592-main\ch592-main\EVT\EXAM\TMR\obj/../src/Main.c:65
    GPIOB_ModeCfg(GPIO_Pin_22, GPIO_ModeOut_PP_5mA);
     a04:	22d1                	jal	bc8 <GPIOB_ModeCfg>
c:\Users\LRNA\Downloads\ch592-main\ch592-main\EVT\EXAM\TMR\obj/../src/Main.c:66
    TMR3_PWMInit(High_Level, PWM_Times_1);
     a06:	4581                	li	a1,0
     a08:	4501                	li	a0,0
     a0a:	2ef1                	jal	de6 <TMR3_PWMInit>
c:\Users\LRNA\Downloads\ch592-main\ch592-main\EVT\EXAM\TMR\obj/../src/Main.c:67
    TMR3_PWMCycleCfg(60 * 100); // 周期 100us  最大67108864
     a0c:	6705                	lui	a4,0x1
     a0e:	400037b7          	lui	a5,0x40003
     a12:	77070693          	addi	a3,a4,1904 # 1770 <_malloc_r+0x68>
     a16:	c0d7a623          	sw	a3,-1012(a5) # 40002c0c <_eusrstack+0x1fffc40c>
c:\Users\LRNA\Downloads\ch592-main\ch592-main\EVT\EXAM\TMR\obj/../src/Main.c:68
    TMR3_PWMActDataWidth(3000); // 占空比 50%, 修改占空比必须暂时关闭定时器
     a1a:	bb870713          	addi	a4,a4,-1096
     a1e:	c0e7a823          	sw	a4,-1008(a5)
c:\Users\LRNA\Downloads\ch592-main\ch592-main\EVT\EXAM\TMR\obj/../src/Main.c:69
    TMR3_PWMEnable();
     a22:	c007c703          	lbu	a4,-1024(a5)
c:\Users\LRNA\Downloads\ch592-main\ch592-main\EVT\EXAM\TMR\obj/../src/Main.c:75
    PWR_UnitModCfg(DISABLE, UNIT_SYS_LSE); // 注意此引脚是LSE晶振引脚，要保证关闭才能使用其他功能
     a26:	4585                	li	a1,1
     a28:	4501                	li	a0,0
c:\Users\LRNA\Downloads\ch592-main\ch592-main\EVT\EXAM\TMR\obj/../src/Main.c:69
    TMR3_PWMEnable();
     a2a:	00876713          	ori	a4,a4,8
     a2e:	c0e78023          	sb	a4,-1024(a5)
c:\Users\LRNA\Downloads\ch592-main\ch592-main\EVT\EXAM\TMR\obj/../src/Main.c:70
    TMR3_Enable();
     a32:	c007c703          	lbu	a4,-1024(a5)
     a36:	00476713          	ori	a4,a4,4
     a3a:	c0e78023          	sb	a4,-1024(a5)
c:\Users\LRNA\Downloads\ch592-main\ch592-main\EVT\EXAM\TMR\obj/../src/Main.c:75
    PWR_UnitModCfg(DISABLE, UNIT_SYS_LSE); // 注意此引脚是LSE晶振引脚，要保证关闭才能使用其他功能
     a3e:	24a9                	jal	c88 <PWR_UnitModCfg>
c:\Users\LRNA\Downloads\ch592-main\ch592-main\EVT\EXAM\TMR\obj/../src/Main.c:76
    GPIOA_ResetBits(GPIO_Pin_10);          // 配置PWM口 PA10
     a40:	0ac42783          	lw	a5,172(s0)
c:\Users\LRNA\Downloads\ch592-main\ch592-main\EVT\EXAM\TMR\obj/../src/Main.c:77
    GPIOA_ModeCfg(GPIO_Pin_10, GPIO_ModeIN_PU);
     a44:	4585                	li	a1,1
     a46:	40000513          	li	a0,1024
c:\Users\LRNA\Downloads\ch592-main\ch592-main\EVT\EXAM\TMR\obj/../src/Main.c:76
    GPIOA_ResetBits(GPIO_Pin_10);          // 配置PWM口 PA10
     a4a:	4007e793          	ori	a5,a5,1024
     a4e:	0af42623          	sw	a5,172(s0)
c:\Users\LRNA\Downloads\ch592-main\ch592-main\EVT\EXAM\TMR\obj/../src/Main.c:77
    GPIOA_ModeCfg(GPIO_Pin_10, GPIO_ModeIN_PU);
     a52:	28c1                	jal	b22 <GPIOA_ModeCfg>
c:\Users\LRNA\Downloads\ch592-main\ch592-main\EVT\EXAM\TMR\obj/../src/Main.c:79
    TMR1_CapInit(Edge_To_Edge);
     a54:	4505                	li	a0,1
     a56:	2e35                	jal	d92 <TMR1_CapInit>
c:\Users\LRNA\Downloads\ch592-main\ch592-main\EVT\EXAM\TMR\obj/../src/Main.c:81
    TMR1_DMACfg(ENABLE, (uint16_t)(uint32_t)&CapBuf[0], (uint16_t)(uint32_t)&CapBuf[102], Mode_Single);
     a58:	9ac18613          	addi	a2,gp,-1620 # 20000a1c <errno>
     a5c:	81418593          	addi	a1,gp,-2028 # 20000884 <CapBuf>
c:\Users\LRNA\Downloads\ch592-main\ch592-main\EVT\EXAM\TMR\obj/../src/Main.c:80
    TMR1_CAPTimeoutCfg(0xFFFFFFFF); // 设置捕捉超时时间
     a60:	57fd                	li	a5,-1
c:\Users\LRNA\Downloads\ch592-main\ch592-main\EVT\EXAM\TMR\obj/../src/Main.c:81
    TMR1_DMACfg(ENABLE, (uint16_t)(uint32_t)&CapBuf[0], (uint16_t)(uint32_t)&CapBuf[102], Mode_Single);
     a62:	0642                	slli	a2,a2,0x10
     a64:	05c2                	slli	a1,a1,0x10
c:\Users\LRNA\Downloads\ch592-main\ch592-main\EVT\EXAM\TMR\obj/../src/Main.c:80
    TMR1_CAPTimeoutCfg(0xFFFFFFFF); // 设置捕捉超时时间
     a66:	40f4a623          	sw	a5,1036(s1)
c:\Users\LRNA\Downloads\ch592-main\ch592-main\EVT\EXAM\TMR\obj/../src/Main.c:81
    TMR1_DMACfg(ENABLE, (uint16_t)(uint32_t)&CapBuf[0], (uint16_t)(uint32_t)&CapBuf[102], Mode_Single);
     a6a:	4681                	li	a3,0
     a6c:	8241                	srli	a2,a2,0x10
     a6e:	81c1                	srli	a1,a1,0x10
     a70:	4505                	li	a0,1
     a72:	2e2d                	jal	dac <TMR1_DMACfg>
c:\Users\LRNA\Downloads\ch592-main\ch592-main\EVT\EXAM\TMR\obj/../src/Main.c:82
    TMR1_ITCfg(ENABLE, TMR1_2_IT_DMA_END); // 开启DMA完成中断
     a74:	4024c783          	lbu	a5,1026(s1)
c:\Users\LRNA\Downloads\ch592-main\ch592-main\EVT\EXAM\TMR\obj/../src/Main.c:85
    while(capFlag == 0);
     a78:	80818713          	addi	a4,gp,-2040 # 20000878 <_edata>
c:\Users\LRNA\Downloads\ch592-main\ch592-main\EVT\EXAM\TMR\obj/../src/Main.c:82
    TMR1_ITCfg(ENABLE, TMR1_2_IT_DMA_END); // 开启DMA完成中断
     a7c:	0087e793          	ori	a5,a5,8
     a80:	40f48123          	sb	a5,1026(s1)
PFIC_EnableIRQ():
c:/Users/LRNA/Downloads/ch592-main/ch592-main/EVT/EXAM/SRC/RVMSIS/core_riscv.h:144
     a84:	010007b7          	lui	a5,0x1000
     a88:	10f92023          	sw	a5,256(s2)
main():
c:\Users\LRNA\Downloads\ch592-main\ch592-main\EVT\EXAM\TMR\obj/../src/Main.c:85 (discriminator 1)
    while(capFlag == 0);
     a8c:	00074783          	lbu	a5,0(a4)
     a90:	0ff7f793          	andi	a5,a5,255
     a94:	dfe5                	beqz	a5,a8c <main+0x100>
c:\Users\LRNA\Downloads\ch592-main\ch592-main\EVT\EXAM\TMR\obj/../src/Main.c:89
        PRINT("%08ld ", CapBuf[i] & 0x1ffffff); // 26bit, 最高位表示 高电平还是低电平
     a96:	020004b7          	lui	s1,0x2000
c:\Users\LRNA\Downloads\ch592-main\ch592-main\EVT\EXAM\TMR\obj/../src/Main.c:86
    capFlag = 0;
     a9a:	80018423          	sb	zero,-2040(gp) # 20000878 <_edata>
c:\Users\LRNA\Downloads\ch592-main\ch592-main\EVT\EXAM\TMR\obj/../src/Main.c:87
    for(i = 2; i < 102; i++)   // 注意前两个数据为无效数据
     a9e:	81418413          	addi	s0,gp,-2028 # 20000884 <CapBuf>
     aa2:	9a418913          	addi	s2,gp,-1628 # 20000a14 <CapBuf+0x190>
c:\Users\LRNA\Downloads\ch592-main\ch592-main\EVT\EXAM\TMR\obj/../src/Main.c:89
        PRINT("%08ld ", CapBuf[i] & 0x1ffffff); // 26bit, 最高位表示 高电平还是低电平
     aa6:	fff48a13          	addi	s4,s1,-1 # 1ffffff <_data_lma+0x1ffddab>
     aaa:	00001997          	auipc	s3,0x1
     aae:	6ca98993          	addi	s3,s3,1738 # 2174 <_read+0x22>
c:\Users\LRNA\Downloads\ch592-main\ch592-main\EVT\EXAM\TMR\obj/../src/Main.c:89 (discriminator 3)
     ab2:	440c                	lw	a1,8(s0)
     ab4:	854e                	mv	a0,s3
     ab6:	0411                	addi	s0,s0,4
     ab8:	0145f5b3          	and	a1,a1,s4
     abc:	2e4d                	jal	e6e <iprintf>
c:\Users\LRNA\Downloads\ch592-main\ch592-main\EVT\EXAM\TMR\obj/../src/Main.c:87 (discriminator 3)
    for(i = 2; i < 102; i++)   // 注意前两个数据为无效数据
     abe:	ff241ae3          	bne	s0,s2,ab2 <main+0x126>
c:\Users\LRNA\Downloads\ch592-main\ch592-main\EVT\EXAM\TMR\obj/../src/Main.c:91
    PRINT("\n");
     ac2:	4529                	li	a0,10
     ac4:	26fd                	jal	eb2 <putchar>
c:\Users\LRNA\Downloads\ch592-main\ch592-main\EVT\EXAM\TMR\obj/../src/Main.c:96
    GPIOB_ModeCfg(GPIO_Pin_11, GPIO_ModeIN_PD);
     ac6:	6505                	lui	a0,0x1
     ac8:	4589                	li	a1,2
     aca:	80050513          	addi	a0,a0,-2048 # 800 <__stack_size+0x600>
     ace:	28ed                	jal	bc8 <GPIOB_ModeCfg>
c:\Users\LRNA\Downloads\ch592-main\ch592-main\EVT\EXAM\TMR\obj/../src/Main.c:97
    GPIOPinRemap(ENABLE, RB_PIN_TMR2);
     ad0:	4591                	li	a1,4
     ad2:	4505                	li	a0,1
     ad4:	2a69                	jal	c6e <GPIOPinRemap>
c:\Users\LRNA\Downloads\ch592-main\ch592-main\EVT\EXAM\TMR\obj/../src/Main.c:99
    TMR2_EXTSingleCounterInit(FallEdge_To_FallEdge);
     ad6:	4509                	li	a0,2
     ad8:	2cd5                	jal	dcc <TMR2_EXTSingleCounterInit>
c:\Users\LRNA\Downloads\ch592-main\ch592-main\EVT\EXAM\TMR\obj/../src/Main.c:100
    TMR2_CountOverflowCfg(1000); // 设置计数上限1000
     ada:	400037b7          	lui	a5,0x40003
     ade:	3ea00713          	li	a4,1002
     ae2:	80e7a623          	sw	a4,-2036(a5) # 4000280c <_eusrstack+0x1fffc00c>
c:\Users\LRNA\Downloads\ch592-main\ch592-main\EVT\EXAM\TMR\obj/../src/Main.c:103
    TMR2_ClearITFlag(TMR0_3_IT_CYC_END);
     ae6:	4705                	li	a4,1
     ae8:	80e78323          	sb	a4,-2042(a5)
PFIC_EnableIRQ():
c:/Users/LRNA/Downloads/ch592-main/ch592-main/EVT/EXAM/SRC/RVMSIS/core_riscv.h:144
     aec:	e000e737          	lui	a4,0xe000e
     af0:	10972023          	sw	s1,256(a4) # e000e100 <_eusrstack+0xc0007900>
main():
c:\Users\LRNA\Downloads\ch592-main\ch592-main\EVT\EXAM\TMR\obj/../src/Main.c:105
    TMR2_ITCfg(ENABLE, TMR0_3_IT_CYC_END);
     af4:	8027c703          	lbu	a4,-2046(a5)
c:\Users\LRNA\Downloads\ch592-main\ch592-main\EVT\EXAM\TMR\obj/../src/Main.c:111
        PRINT("=%ld \n", TMR2_GetCurrentCount());
     af8:	400034b7          	lui	s1,0x40003
     afc:	00001417          	auipc	s0,0x1
     b00:	68040413          	addi	s0,s0,1664 # 217c <_read+0x2a>
c:\Users\LRNA\Downloads\ch592-main\ch592-main\EVT\EXAM\TMR\obj/../src/Main.c:105
    TMR2_ITCfg(ENABLE, TMR0_3_IT_CYC_END);
     b04:	00176713          	ori	a4,a4,1
     b08:	80e78123          	sb	a4,-2046(a5)
c:\Users\LRNA\Downloads\ch592-main\ch592-main\EVT\EXAM\TMR\obj/../src/Main.c:110 (discriminator 1)
        mDelaymS(1000);
     b0c:	3e800513          	li	a0,1000
     b10:	20000097          	auipc	ra,0x20000
     b14:	8ae080e7          	jalr	-1874(ra) # 200003be <mDelaymS>
c:\Users\LRNA\Downloads\ch592-main\ch592-main\EVT\EXAM\TMR\obj/../src/Main.c:111 (discriminator 1)
        PRINT("=%ld \n", TMR2_GetCurrentCount());
     b18:	8084a583          	lw	a1,-2040(s1) # 40002808 <_eusrstack+0x1fffc008>
     b1c:	8522                	mv	a0,s0
     b1e:	2e81                	jal	e6e <iprintf>
     b20:	b7f5                	j	b0c <main+0x180>

00000b22 <GPIOA_ModeCfg>:
GPIOA_ModeCfg():
c:/Users/LRNA/Downloads/ch592-main/ch592-main/EVT/EXAM/SRC/StdPeriphDriver/CH59x_gpio.c:27
 *
 * @return  none
 */
void GPIOA_ModeCfg(uint32_t pin, GPIOModeTypeDef mode)
{
    switch(mode)
     b22:	4791                	li	a5,4
     b24:	02b7ee63          	bltu	a5,a1,b60 <GPIOA_ModeCfg+0x3e>
     b28:	00001717          	auipc	a4,0x1
     b2c:	66470713          	addi	a4,a4,1636 # 218c <_read+0x3a>
     b30:	058a                	slli	a1,a1,0x2
     b32:	95ba                	add	a1,a1,a4
     b34:	419c                	lw	a5,0(a1)
     b36:	97ba                	add	a5,a5,a4
     b38:	8782                	jr	a5
c:/Users/LRNA/Downloads/ch592-main/ch592-main/EVT/EXAM/SRC/StdPeriphDriver/CH59x_gpio.c:30
    {
        case GPIO_ModeIN_Floating:
            R32_PA_PD_DRV &= ~pin;
     b3a:	400017b7          	lui	a5,0x40001
     b3e:	0b47a703          	lw	a4,180(a5) # 400010b4 <_eusrstack+0x1fffa8b4>
     b42:	fff54513          	not	a0,a0
     b46:	8f69                	and	a4,a4,a0
     b48:	0ae7aa23          	sw	a4,180(a5)
c:/Users/LRNA/Downloads/ch592-main/ch592-main/EVT/EXAM/SRC/StdPeriphDriver/CH59x_gpio.c:31
            R32_PA_PU &= ~pin;
     b4c:	0b07a703          	lw	a4,176(a5)
c:/Users/LRNA/Downloads/ch592-main/ch592-main/EVT/EXAM/SRC/StdPeriphDriver/CH59x_gpio.c:43
            R32_PA_DIR &= ~pin;
            break;

        case GPIO_ModeIN_PD:
            R32_PA_PD_DRV |= pin;
            R32_PA_PU &= ~pin;
     b50:	8f69                	and	a4,a4,a0
     b52:	0ae7a823          	sw	a4,176(a5)
c:/Users/LRNA/Downloads/ch592-main/ch592-main/EVT/EXAM/SRC/StdPeriphDriver/CH59x_gpio.c:44
            R32_PA_DIR &= ~pin;
     b56:	0a07a703          	lw	a4,160(a5)
     b5a:	8d79                	and	a0,a0,a4
c:/Users/LRNA/Downloads/ch592-main/ch592-main/EVT/EXAM/SRC/StdPeriphDriver/CH59x_gpio.c:54
            R32_PA_DIR |= pin;
            break;

        case GPIO_ModeOut_PP_20mA:
            R32_PA_PD_DRV |= pin;
            R32_PA_DIR |= pin;
     b5c:	0aa7a023          	sw	a0,160(a5)
c:/Users/LRNA/Downloads/ch592-main/ch592-main/EVT/EXAM/SRC/StdPeriphDriver/CH59x_gpio.c:60
            break;

        default:
            break;
    }
}
     b60:	8082                	ret
c:/Users/LRNA/Downloads/ch592-main/ch592-main/EVT/EXAM/SRC/StdPeriphDriver/CH59x_gpio.c:36
            R32_PA_PD_DRV &= ~pin;
     b62:	400017b7          	lui	a5,0x40001
     b66:	0b47a683          	lw	a3,180(a5) # 400010b4 <_eusrstack+0x1fffa8b4>
     b6a:	fff54713          	not	a4,a0
     b6e:	8ef9                	and	a3,a3,a4
     b70:	0ad7aa23          	sw	a3,180(a5)
c:/Users/LRNA/Downloads/ch592-main/ch592-main/EVT/EXAM/SRC/StdPeriphDriver/CH59x_gpio.c:37
            R32_PA_PU |= pin;
     b74:	0b07a683          	lw	a3,176(a5)
     b78:	8d55                	or	a0,a0,a3
     b7a:	0aa7a823          	sw	a0,176(a5)
c:/Users/LRNA/Downloads/ch592-main/ch592-main/EVT/EXAM/SRC/StdPeriphDriver/CH59x_gpio.c:38
            R32_PA_DIR &= ~pin;
     b7e:	0a07a683          	lw	a3,160(a5)
     b82:	8f75                	and	a4,a4,a3
     b84:	0ae7a023          	sw	a4,160(a5)
c:/Users/LRNA/Downloads/ch592-main/ch592-main/EVT/EXAM/SRC/StdPeriphDriver/CH59x_gpio.c:39
            break;
     b88:	8082                	ret
c:/Users/LRNA/Downloads/ch592-main/ch592-main/EVT/EXAM/SRC/StdPeriphDriver/CH59x_gpio.c:42
            R32_PA_PD_DRV |= pin;
     b8a:	400017b7          	lui	a5,0x40001
     b8e:	0b47a703          	lw	a4,180(a5) # 400010b4 <_eusrstack+0x1fffa8b4>
     b92:	8f49                	or	a4,a4,a0
     b94:	0ae7aa23          	sw	a4,180(a5)
c:/Users/LRNA/Downloads/ch592-main/ch592-main/EVT/EXAM/SRC/StdPeriphDriver/CH59x_gpio.c:43
            R32_PA_PU &= ~pin;
     b98:	0b07a703          	lw	a4,176(a5)
     b9c:	fff54513          	not	a0,a0
     ba0:	bf45                	j	b50 <GPIOA_ModeCfg+0x2e>
c:/Users/LRNA/Downloads/ch592-main/ch592-main/EVT/EXAM/SRC/StdPeriphDriver/CH59x_gpio.c:48
            R32_PA_PD_DRV &= ~pin;
     ba2:	400017b7          	lui	a5,0x40001
     ba6:	0b47a683          	lw	a3,180(a5) # 400010b4 <_eusrstack+0x1fffa8b4>
     baa:	fff54713          	not	a4,a0
     bae:	8f75                	and	a4,a4,a3
c:/Users/LRNA/Downloads/ch592-main/ch592-main/EVT/EXAM/SRC/StdPeriphDriver/CH59x_gpio.c:53
            R32_PA_PD_DRV |= pin;
     bb0:	0ae7aa23          	sw	a4,180(a5)
c:/Users/LRNA/Downloads/ch592-main/ch592-main/EVT/EXAM/SRC/StdPeriphDriver/CH59x_gpio.c:54
            R32_PA_DIR |= pin;
     bb4:	0a07a703          	lw	a4,160(a5)
     bb8:	8d59                	or	a0,a0,a4
     bba:	b74d                	j	b5c <GPIOA_ModeCfg+0x3a>
c:/Users/LRNA/Downloads/ch592-main/ch592-main/EVT/EXAM/SRC/StdPeriphDriver/CH59x_gpio.c:53
            R32_PA_PD_DRV |= pin;
     bbc:	400017b7          	lui	a5,0x40001
     bc0:	0b47a703          	lw	a4,180(a5) # 400010b4 <_eusrstack+0x1fffa8b4>
     bc4:	8f49                	or	a4,a4,a0
     bc6:	b7ed                	j	bb0 <GPIOA_ModeCfg+0x8e>

00000bc8 <GPIOB_ModeCfg>:
GPIOB_ModeCfg():
c:/Users/LRNA/Downloads/ch592-main/ch592-main/EVT/EXAM/SRC/StdPeriphDriver/CH59x_gpio.c:74
 *
 * @return  none
 */
void GPIOB_ModeCfg(uint32_t pin, GPIOModeTypeDef mode)
{
    switch(mode)
     bc8:	4791                	li	a5,4
     bca:	02b7ee63          	bltu	a5,a1,c06 <GPIOB_ModeCfg+0x3e>
     bce:	00001717          	auipc	a4,0x1
     bd2:	5d270713          	addi	a4,a4,1490 # 21a0 <_read+0x4e>
     bd6:	058a                	slli	a1,a1,0x2
     bd8:	95ba                	add	a1,a1,a4
     bda:	419c                	lw	a5,0(a1)
     bdc:	97ba                	add	a5,a5,a4
     bde:	8782                	jr	a5
c:/Users/LRNA/Downloads/ch592-main/ch592-main/EVT/EXAM/SRC/StdPeriphDriver/CH59x_gpio.c:77
    {
        case GPIO_ModeIN_Floating:
            R32_PB_PD_DRV &= ~pin;
     be0:	400017b7          	lui	a5,0x40001
     be4:	0d47a703          	lw	a4,212(a5) # 400010d4 <_eusrstack+0x1fffa8d4>
     be8:	fff54513          	not	a0,a0
     bec:	8f69                	and	a4,a4,a0
     bee:	0ce7aa23          	sw	a4,212(a5)
c:/Users/LRNA/Downloads/ch592-main/ch592-main/EVT/EXAM/SRC/StdPeriphDriver/CH59x_gpio.c:78
            R32_PB_PU &= ~pin;
     bf2:	0d07a703          	lw	a4,208(a5)
c:/Users/LRNA/Downloads/ch592-main/ch592-main/EVT/EXAM/SRC/StdPeriphDriver/CH59x_gpio.c:90
            R32_PB_DIR &= ~pin;
            break;

        case GPIO_ModeIN_PD:
            R32_PB_PD_DRV |= pin;
            R32_PB_PU &= ~pin;
     bf6:	8f69                	and	a4,a4,a0
     bf8:	0ce7a823          	sw	a4,208(a5)
c:/Users/LRNA/Downloads/ch592-main/ch592-main/EVT/EXAM/SRC/StdPeriphDriver/CH59x_gpio.c:91
            R32_PB_DIR &= ~pin;
     bfc:	0c07a703          	lw	a4,192(a5)
     c00:	8d79                	and	a0,a0,a4
c:/Users/LRNA/Downloads/ch592-main/ch592-main/EVT/EXAM/SRC/StdPeriphDriver/CH59x_gpio.c:101
            R32_PB_DIR |= pin;
            break;

        case GPIO_ModeOut_PP_20mA:
            R32_PB_PD_DRV |= pin;
            R32_PB_DIR |= pin;
     c02:	0ca7a023          	sw	a0,192(a5)
c:/Users/LRNA/Downloads/ch592-main/ch592-main/EVT/EXAM/SRC/StdPeriphDriver/CH59x_gpio.c:107
            break;

        default:
            break;
    }
}
     c06:	8082                	ret
c:/Users/LRNA/Downloads/ch592-main/ch592-main/EVT/EXAM/SRC/StdPeriphDriver/CH59x_gpio.c:83
            R32_PB_PD_DRV &= ~pin;
     c08:	400017b7          	lui	a5,0x40001
     c0c:	0d47a683          	lw	a3,212(a5) # 400010d4 <_eusrstack+0x1fffa8d4>
     c10:	fff54713          	not	a4,a0
     c14:	8ef9                	and	a3,a3,a4
     c16:	0cd7aa23          	sw	a3,212(a5)
c:/Users/LRNA/Downloads/ch592-main/ch592-main/EVT/EXAM/SRC/StdPeriphDriver/CH59x_gpio.c:84
            R32_PB_PU |= pin;
     c1a:	0d07a683          	lw	a3,208(a5)
     c1e:	8d55                	or	a0,a0,a3
     c20:	0ca7a823          	sw	a0,208(a5)
c:/Users/LRNA/Downloads/ch592-main/ch592-main/EVT/EXAM/SRC/StdPeriphDriver/CH59x_gpio.c:85
            R32_PB_DIR &= ~pin;
     c24:	0c07a683          	lw	a3,192(a5)
     c28:	8f75                	and	a4,a4,a3
     c2a:	0ce7a023          	sw	a4,192(a5)
c:/Users/LRNA/Downloads/ch592-main/ch592-main/EVT/EXAM/SRC/StdPeriphDriver/CH59x_gpio.c:86
            break;
     c2e:	8082                	ret
c:/Users/LRNA/Downloads/ch592-main/ch592-main/EVT/EXAM/SRC/StdPeriphDriver/CH59x_gpio.c:89
            R32_PB_PD_DRV |= pin;
     c30:	400017b7          	lui	a5,0x40001
     c34:	0d47a703          	lw	a4,212(a5) # 400010d4 <_eusrstack+0x1fffa8d4>
     c38:	8f49                	or	a4,a4,a0
     c3a:	0ce7aa23          	sw	a4,212(a5)
c:/Users/LRNA/Downloads/ch592-main/ch592-main/EVT/EXAM/SRC/StdPeriphDriver/CH59x_gpio.c:90
            R32_PB_PU &= ~pin;
     c3e:	0d07a703          	lw	a4,208(a5)
     c42:	fff54513          	not	a0,a0
     c46:	bf45                	j	bf6 <GPIOB_ModeCfg+0x2e>
c:/Users/LRNA/Downloads/ch592-main/ch592-main/EVT/EXAM/SRC/StdPeriphDriver/CH59x_gpio.c:95
            R32_PB_PD_DRV &= ~pin;
     c48:	400017b7          	lui	a5,0x40001
     c4c:	0d47a683          	lw	a3,212(a5) # 400010d4 <_eusrstack+0x1fffa8d4>
     c50:	fff54713          	not	a4,a0
     c54:	8f75                	and	a4,a4,a3
c:/Users/LRNA/Downloads/ch592-main/ch592-main/EVT/EXAM/SRC/StdPeriphDriver/CH59x_gpio.c:100
            R32_PB_PD_DRV |= pin;
     c56:	0ce7aa23          	sw	a4,212(a5)
c:/Users/LRNA/Downloads/ch592-main/ch592-main/EVT/EXAM/SRC/StdPeriphDriver/CH59x_gpio.c:101
            R32_PB_DIR |= pin;
     c5a:	0c07a703          	lw	a4,192(a5)
     c5e:	8d59                	or	a0,a0,a4
     c60:	b74d                	j	c02 <GPIOB_ModeCfg+0x3a>
c:/Users/LRNA/Downloads/ch592-main/ch592-main/EVT/EXAM/SRC/StdPeriphDriver/CH59x_gpio.c:100
            R32_PB_PD_DRV |= pin;
     c62:	400017b7          	lui	a5,0x40001
     c66:	0d47a703          	lw	a4,212(a5) # 400010d4 <_eusrstack+0x1fffa8d4>
     c6a:	8f49                	or	a4,a4,a0
     c6c:	b7ed                	j	c56 <GPIOB_ModeCfg+0x8e>

00000c6e <GPIOPinRemap>:
GPIOPinRemap():
c:/Users/LRNA/Downloads/ch592-main/ch592-main/EVT/EXAM/SRC/StdPeriphDriver/CH59x_gpio.c:262
 */
void GPIOPinRemap(FunctionalState s, uint16_t perph)
{
    if(s)
    {
        R16_PIN_ALTERNATE |= perph;
     c6e:	400017b7          	lui	a5,0x40001
     c72:	0187d703          	lhu	a4,24(a5) # 40001018 <_eusrstack+0x1fffa818>
c:/Users/LRNA/Downloads/ch592-main/ch592-main/EVT/EXAM/SRC/StdPeriphDriver/CH59x_gpio.c:260
    if(s)
     c76:	c509                	beqz	a0,c80 <GPIOPinRemap+0x12>
c:/Users/LRNA/Downloads/ch592-main/ch592-main/EVT/EXAM/SRC/StdPeriphDriver/CH59x_gpio.c:262
        R16_PIN_ALTERNATE |= perph;
     c78:	8dd9                	or	a1,a1,a4
c:/Users/LRNA/Downloads/ch592-main/ch592-main/EVT/EXAM/SRC/StdPeriphDriver/CH59x_gpio.c:266
    }
    else
    {
        R16_PIN_ALTERNATE &= ~perph;
     c7a:	00b79c23          	sh	a1,24(a5)
c:/Users/LRNA/Downloads/ch592-main/ch592-main/EVT/EXAM/SRC/StdPeriphDriver/CH59x_gpio.c:268
    }
}
     c7e:	8082                	ret
c:/Users/LRNA/Downloads/ch592-main/ch592-main/EVT/EXAM/SRC/StdPeriphDriver/CH59x_gpio.c:266
        R16_PIN_ALTERNATE &= ~perph;
     c80:	fff5c593          	not	a1,a1
     c84:	8df9                	and	a1,a1,a4
     c86:	bfd5                	j	c7a <GPIOPinRemap+0xc>

00000c88 <PWR_UnitModCfg>:
PWR_UnitModCfg():
c:/Users/LRNA/Downloads/ch592-main/ch592-main/EVT/EXAM/SRC/StdPeriphDriver/CH59x_pwr.c:72
 *
 * @return  none
 */
void PWR_UnitModCfg(FunctionalState s, uint8_t unit)
{
    uint8_t ck32k_cfg = R8_CK32K_CONFIG;
     c88:	400017b7          	lui	a5,0x40001
     c8c:	02f7c783          	lbu	a5,47(a5) # 4000102f <_eusrstack+0x1fffa82f>
     c90:	898d                	andi	a1,a1,3
c:/Users/LRNA/Downloads/ch592-main/ch592-main/EVT/EXAM/SRC/StdPeriphDriver/CH59x_pwr.c:71
{
     c92:	1141                	addi	sp,sp,-16
c:/Users/LRNA/Downloads/ch592-main/ch592-main/EVT/EXAM/SRC/StdPeriphDriver/CH59x_pwr.c:72
    uint8_t ck32k_cfg = R8_CK32K_CONFIG;
     c94:	0ff7f793          	andi	a5,a5,255
c:/Users/LRNA/Downloads/ch592-main/ch592-main/EVT/EXAM/SRC/StdPeriphDriver/CH59x_pwr.c:80
    {
        ck32k_cfg &= ~(unit & 0x03);
    }
    else //打开
    {
        ck32k_cfg |= (unit & 0x03);
     c98:	00f5e733          	or	a4,a1,a5
c:/Users/LRNA/Downloads/ch592-main/ch592-main/EVT/EXAM/SRC/StdPeriphDriver/CH59x_pwr.c:74
    if(s == DISABLE) //关闭
     c9c:	e509                	bnez	a0,ca6 <PWR_UnitModCfg+0x1e>
c:/Users/LRNA/Downloads/ch592-main/ch592-main/EVT/EXAM/SRC/StdPeriphDriver/CH59x_pwr.c:76
        ck32k_cfg &= ~(unit & 0x03);
     c9e:	fff5c593          	not	a1,a1
     ca2:	00f5f733          	and	a4,a1,a5
__risc_v_disable_irq():
c:/Users/LRNA/Downloads/ch592-main/ch592-main/EVT/EXAM/SRC/RVMSIS/core_riscv.h:130
  __asm volatile ("csrrc %0, 0x800, %1" : \
     ca6:	08800793          	li	a5,136
     caa:	8007b7f3          	csrrc	a5,0x800,a5
c:/Users/LRNA/Downloads/ch592-main/ch592-main/EVT/EXAM/SRC/RVMSIS/core_riscv.h:132
  return result & 0x88;
     cae:	0887f793          	andi	a5,a5,136
PWR_UnitModCfg():
c:/Users/LRNA/Downloads/ch592-main/ch592-main/EVT/EXAM/SRC/StdPeriphDriver/CH59x_pwr.c:83
    }

    sys_safe_access_enable();
     cb2:	c63e                	sw	a5,12(sp)
     cb4:	0000100f          	fence.i
     cb8:	400017b7          	lui	a5,0x40001
     cbc:	05700693          	li	a3,87
     cc0:	04d78023          	sb	a3,64(a5) # 40001040 <_eusrstack+0x1fffa840>
     cc4:	fa800693          	li	a3,-88
     cc8:	04d78023          	sb	a3,64(a5)
     ccc:	0000100f          	fence.i
c:/Users/LRNA/Downloads/ch592-main/ch592-main/EVT/EXAM/SRC/StdPeriphDriver/CH59x_pwr.c:84
    R8_CK32K_CONFIG = ck32k_cfg;
     cd0:	02e787a3          	sb	a4,47(a5)
c:/Users/LRNA/Downloads/ch592-main/ch592-main/EVT/EXAM/SRC/StdPeriphDriver/CH59x_pwr.c:85
    sys_safe_access_disable();
     cd4:	04078023          	sb	zero,64(a5)
     cd8:	47b2                	lw	a5,12(sp)
__risc_v_enable_irq():
c:/Users/LRNA/Downloads/ch592-main/ch592-main/EVT/EXAM/SRC/RVMSIS/core_riscv.h:114
  __asm volatile ("csrrs %0, 0x800, %1" : \
     cda:	8007a7f3          	csrrs	a5,0x800,a5
PWR_UnitModCfg():
c:/Users/LRNA/Downloads/ch592-main/ch592-main/EVT/EXAM/SRC/StdPeriphDriver/CH59x_pwr.c:85
     cde:	0000100f          	fence.i
c:/Users/LRNA/Downloads/ch592-main/ch592-main/EVT/EXAM/SRC/StdPeriphDriver/CH59x_pwr.c:86
}
     ce2:	0141                	addi	sp,sp,16
     ce4:	8082                	ret

00000ce6 <GetSysClock>:
GetSysClock():
c:/Users/LRNA/Downloads/ch592-main/ch592-main/EVT/EXAM/SRC/StdPeriphDriver/CH59x_sys.c:95
    rev = R32_CLK_SYS_CFG & 0xff;
     ce6:	400017b7          	lui	a5,0x40001
     cea:	4788                	lw	a0,8(a5)
     cec:	0542                	slli	a0,a0,0x10
     cee:	8141                	srli	a0,a0,0x10
c:/Users/LRNA/Downloads/ch592-main/ch592-main/EVT/EXAM/SRC/StdPeriphDriver/CH59x_sys.c:96
    if((rev & 0x40) == (0 << 6))
     cf0:	04057793          	andi	a5,a0,64
     cf4:	eb91                	bnez	a5,d08 <GetSysClock+0x22>
c:/Users/LRNA/Downloads/ch592-main/ch592-main/EVT/EXAM/SRC/StdPeriphDriver/CH59x_sys.c:98
        return (32000000 / (rev & 0x1f));
     cf6:	01f57793          	andi	a5,a0,31
     cfa:	01e85537          	lui	a0,0x1e85
c:/Users/LRNA/Downloads/ch592-main/ch592-main/EVT/EXAM/SRC/StdPeriphDriver/CH59x_sys.c:102
        return (480000000 / (rev & 0x1f));
     cfe:	80050513          	addi	a0,a0,-2048 # 1e84800 <_data_lma+0x1e825ac>
     d02:	02f54533          	div	a0,a0,a5
     d06:	8082                	ret
c:/Users/LRNA/Downloads/ch592-main/ch592-main/EVT/EXAM/SRC/StdPeriphDriver/CH59x_sys.c:100
    else if((rev & RB_CLK_SYS_MOD) == (1 << 6))
     d08:	0c057793          	andi	a5,a0,192
     d0c:	04000713          	li	a4,64
     d10:	00e79763          	bne	a5,a4,d1e <GetSysClock+0x38>
c:/Users/LRNA/Downloads/ch592-main/ch592-main/EVT/EXAM/SRC/StdPeriphDriver/CH59x_sys.c:102
        return (480000000 / (rev & 0x1f));
     d14:	01f57793          	andi	a5,a0,31
     d18:	1c9c4537          	lui	a0,0x1c9c4
     d1c:	b7cd                	j	cfe <GetSysClock+0x18>
c:/Users/LRNA/Downloads/ch592-main/ch592-main/EVT/EXAM/SRC/StdPeriphDriver/CH59x_sys.c:106
        return (32000);
     d1e:	6521                	lui	a0,0x8
     d20:	d0050513          	addi	a0,a0,-768 # 7d00 <_data_lma+0x5aac>
c:/Users/LRNA/Downloads/ch592-main/ch592-main/EVT/EXAM/SRC/StdPeriphDriver/CH59x_sys.c:108
}
     d24:	8082                	ret

00000d26 <_write>:
_write():
c:/Users/LRNA/Downloads/ch592-main/ch592-main/EVT/EXAM/SRC/StdPeriphDriver/CH59x_sys.c:360

#ifdef DEBUG
int _write(int fd, char *buf, int size)
{
    int i;
    for(i = 0; i < size; i++)
     d26:	4781                	li	a5,0
c:/Users/LRNA/Downloads/ch592-main/ch592-main/EVT/EXAM/SRC/StdPeriphDriver/CH59x_sys.c:366
    {
#if DEBUG == Debug_UART0
        while(R8_UART0_TFC == UART_FIFO_SIZE);                  /* 等待数据发送 */
        R8_UART0_THR = *buf++; /* 发送数据 */
#elif DEBUG == Debug_UART1
        while(R8_UART1_TFC == UART_FIFO_SIZE);                  /* 等待数据发送 */
     d28:	40003737          	lui	a4,0x40003
     d2c:	46a1                	li	a3,8
c:/Users/LRNA/Downloads/ch592-main/ch592-main/EVT/EXAM/SRC/StdPeriphDriver/CH59x_sys.c:360 (discriminator 1)
    for(i = 0; i < size; i++)
     d2e:	00c7c463          	blt	a5,a2,d36 <_write+0x10>
c:/Users/LRNA/Downloads/ch592-main/ch592-main/EVT/EXAM/SRC/StdPeriphDriver/CH59x_sys.c:377
        while(R8_UART3_TFC == UART_FIFO_SIZE);                  /* 等待数据发送 */
        R8_UART3_THR = *buf++; /* 发送数据 */
#endif
    }
    return size;
}
     d32:	8532                	mv	a0,a2
     d34:	8082                	ret
c:/Users/LRNA/Downloads/ch592-main/ch592-main/EVT/EXAM/SRC/StdPeriphDriver/CH59x_sys.c:366 (discriminator 1)
        while(R8_UART1_TFC == UART_FIFO_SIZE);                  /* 等待数据发送 */
     d36:	40b74503          	lbu	a0,1035(a4) # 4000340b <_eusrstack+0x1fffcc0b>
     d3a:	fea68ee3          	beq	a3,a0,d36 <_write+0x10>
c:/Users/LRNA/Downloads/ch592-main/ch592-main/EVT/EXAM/SRC/StdPeriphDriver/CH59x_sys.c:367 (discriminator 2)
        R8_UART1_THR = *buf++; /* 发送数据 */
     d3e:	00f58533          	add	a0,a1,a5
     d42:	00054503          	lbu	a0,0(a0)
c:/Users/LRNA/Downloads/ch592-main/ch592-main/EVT/EXAM/SRC/StdPeriphDriver/CH59x_sys.c:360 (discriminator 2)
    for(i = 0; i < size; i++)
     d46:	0785                	addi	a5,a5,1
c:/Users/LRNA/Downloads/ch592-main/ch592-main/EVT/EXAM/SRC/StdPeriphDriver/CH59x_sys.c:367 (discriminator 2)
        R8_UART1_THR = *buf++; /* 发送数据 */
     d48:	40a70423          	sb	a0,1032(a4)
     d4c:	b7cd                	j	d2e <_write+0x8>

00000d4e <_sbrk>:
_sbrk():
c:/Users/LRNA/Downloads/ch592-main/ch592-main/EVT/EXAM/SRC/StdPeriphDriver/CH59x_sys.c:395
{
    extern char _end[];
    extern char _heap_end[];
    static char *curbrk = _end;

    if ((curbrk + incr < _end) || (curbrk + incr > _heap_end))
     d4e:	20000797          	auipc	a5,0x20000
     d52:	b2278793          	addi	a5,a5,-1246 # 20000870 <curbrk.3993>
     d56:	439c                	lw	a5,0(a5)
     d58:	9b018713          	addi	a4,gp,-1616 # 20000a20 <_ebss>
     d5c:	953e                	add	a0,a0,a5
     d5e:	00e56e63          	bltu	a0,a4,d7a <_sbrk+0x2c>
c:/Users/LRNA/Downloads/ch592-main/ch592-main/EVT/EXAM/SRC/StdPeriphDriver/CH59x_sys.c:395 (discriminator 1)
     d62:	20006717          	auipc	a4,0x20006
     d66:	89e70713          	addi	a4,a4,-1890 # 20006600 <_heap_end>
     d6a:	00a76863          	bltu	a4,a0,d7a <_sbrk+0x2c>
c:/Users/LRNA/Downloads/ch592-main/ch592-main/EVT/EXAM/SRC/StdPeriphDriver/CH59x_sys.c:398
    return NULL - 1;

    curbrk += incr;
     d6e:	20000717          	auipc	a4,0x20000
     d72:	b0a72123          	sw	a0,-1278(a4) # 20000870 <curbrk.3993>
c:/Users/LRNA/Downloads/ch592-main/ch592-main/EVT/EXAM/SRC/StdPeriphDriver/CH59x_sys.c:400
    return curbrk - incr;
}
     d76:	853e                	mv	a0,a5
     d78:	8082                	ret
c:/Users/LRNA/Downloads/ch592-main/ch592-main/EVT/EXAM/SRC/StdPeriphDriver/CH59x_sys.c:396
    return NULL - 1;
     d7a:	57fd                	li	a5,-1
     d7c:	bfed                	j	d76 <_sbrk+0x28>

00000d7e <TMR0_TimerInit>:
TMR0_TimerInit():
c:/Users/LRNA/Downloads/ch592-main/ch592-main/EVT/EXAM/SRC/StdPeriphDriver/CH59x_timer0.c:26
 *
 * @return  none
 */
void TMR0_TimerInit(uint32_t t)
{
    R32_TMR0_CNT_END = t;
     d7e:	400027b7          	lui	a5,0x40002
     d82:	c7c8                	sw	a0,12(a5)
c:/Users/LRNA/Downloads/ch592-main/ch592-main/EVT/EXAM/SRC/StdPeriphDriver/CH59x_timer0.c:27
    R8_TMR0_CTRL_MOD = RB_TMR_ALL_CLEAR;
     d84:	4709                	li	a4,2
     d86:	00e78023          	sb	a4,0(a5) # 40002000 <_eusrstack+0x1fffb800>
c:/Users/LRNA/Downloads/ch592-main/ch592-main/EVT/EXAM/SRC/StdPeriphDriver/CH59x_timer0.c:28
    R8_TMR0_CTRL_MOD = RB_TMR_COUNT_EN;
     d8a:	4711                	li	a4,4
     d8c:	00e78023          	sb	a4,0(a5)
c:/Users/LRNA/Downloads/ch592-main/ch592-main/EVT/EXAM/SRC/StdPeriphDriver/CH59x_timer0.c:29
}
     d90:	8082                	ret

00000d92 <TMR1_CapInit>:
TMR1_CapInit():
c:/Users/LRNA/Downloads/ch592-main/ch592-main/EVT/EXAM/SRC/StdPeriphDriver/CH59x_timer1.c:75
 * @return  none
 */
void TMR1_CapInit(CapModeTypeDef cap)
{
    R8_TMR1_CTRL_MOD = RB_TMR_ALL_CLEAR;
    R8_TMR1_CTRL_MOD = RB_TMR_COUNT_EN | RB_TMR_MODE_IN | (cap << 6);
     d92:	051a                	slli	a0,a0,0x6
c:/Users/LRNA/Downloads/ch592-main/ch592-main/EVT/EXAM/SRC/StdPeriphDriver/CH59x_timer1.c:74
    R8_TMR1_CTRL_MOD = RB_TMR_ALL_CLEAR;
     d94:	400027b7          	lui	a5,0x40002
     d98:	4709                	li	a4,2
c:/Users/LRNA/Downloads/ch592-main/ch592-main/EVT/EXAM/SRC/StdPeriphDriver/CH59x_timer1.c:75
    R8_TMR1_CTRL_MOD = RB_TMR_COUNT_EN | RB_TMR_MODE_IN | (cap << 6);
     d9a:	00556513          	ori	a0,a0,5
c:/Users/LRNA/Downloads/ch592-main/ch592-main/EVT/EXAM/SRC/StdPeriphDriver/CH59x_timer1.c:74
    R8_TMR1_CTRL_MOD = RB_TMR_ALL_CLEAR;
     d9e:	40e78023          	sb	a4,1024(a5) # 40002400 <_eusrstack+0x1fffbc00>
c:/Users/LRNA/Downloads/ch592-main/ch592-main/EVT/EXAM/SRC/StdPeriphDriver/CH59x_timer1.c:75
    R8_TMR1_CTRL_MOD = RB_TMR_COUNT_EN | RB_TMR_MODE_IN | (cap << 6);
     da2:	0ff57513          	andi	a0,a0,255
     da6:	40a78023          	sb	a0,1024(a5)
c:/Users/LRNA/Downloads/ch592-main/ch592-main/EVT/EXAM/SRC/StdPeriphDriver/CH59x_timer1.c:76
}
     daa:	8082                	ret

00000dac <TMR1_DMACfg>:
TMR1_DMACfg():
c:/Users/LRNA/Downloads/ch592-main/ch592-main/EVT/EXAM/SRC/StdPeriphDriver/CH59x_timer1.c:94
 */
void TMR1_DMACfg(uint8_t s, uint16_t startAddr, uint16_t endAddr, DMAModeTypeDef m)
{
    if(s == DISABLE)
    {
        R8_TMR1_CTRL_DMA = 0;
     dac:	400027b7          	lui	a5,0x40002
c:/Users/LRNA/Downloads/ch592-main/ch592-main/EVT/EXAM/SRC/StdPeriphDriver/CH59x_timer1.c:92
    if(s == DISABLE)
     db0:	e501                	bnez	a0,db8 <TMR1_DMACfg+0xc>
c:/Users/LRNA/Downloads/ch592-main/ch592-main/EVT/EXAM/SRC/StdPeriphDriver/CH59x_timer1.c:94
        R8_TMR1_CTRL_DMA = 0;
     db2:	400780a3          	sb	zero,1025(a5) # 40002401 <_eusrstack+0x1fffbc01>
     db6:	8082                	ret
c:/Users/LRNA/Downloads/ch592-main/ch592-main/EVT/EXAM/SRC/StdPeriphDriver/CH59x_timer1.c:98
    }
    else
    {
        R16_TMR1_DMA_BEG = startAddr;
     db8:	40b79c23          	sh	a1,1048(a5)
c:/Users/LRNA/Downloads/ch592-main/ch592-main/EVT/EXAM/SRC/StdPeriphDriver/CH59x_timer1.c:99
        R16_TMR1_DMA_END = endAddr;
     dbc:	40c79e23          	sh	a2,1052(a5)
c:/Users/LRNA/Downloads/ch592-main/ch592-main/EVT/EXAM/SRC/StdPeriphDriver/CH59x_timer1.c:101
        if(m)
            R8_TMR1_CTRL_DMA = RB_TMR_DMA_LOOP | RB_TMR_DMA_ENABLE;
     dc0:	4715                	li	a4,5
c:/Users/LRNA/Downloads/ch592-main/ch592-main/EVT/EXAM/SRC/StdPeriphDriver/CH59x_timer1.c:100
        if(m)
     dc2:	e291                	bnez	a3,dc6 <TMR1_DMACfg+0x1a>
c:/Users/LRNA/Downloads/ch592-main/ch592-main/EVT/EXAM/SRC/StdPeriphDriver/CH59x_timer1.c:103
        else
            R8_TMR1_CTRL_DMA = RB_TMR_DMA_ENABLE;
     dc4:	4705                	li	a4,1
     dc6:	40e780a3          	sb	a4,1025(a5)
c:/Users/LRNA/Downloads/ch592-main/ch592-main/EVT/EXAM/SRC/StdPeriphDriver/CH59x_timer1.c:105
    }
}
     dca:	8082                	ret

00000dcc <TMR2_EXTSingleCounterInit>:
TMR2_EXTSingleCounterInit():
c:/Users/LRNA/Downloads/ch592-main/ch592-main/EVT/EXAM/SRC/StdPeriphDriver/CH59x_timer2.c:43
 * @return  none
 */
void TMR2_EXTSingleCounterInit(CapModeTypeDef cap)
{
    R8_TMR2_CTRL_MOD = RB_TMR_ALL_CLEAR;
    R8_TMR2_CTRL_MOD = RB_TMR_COUNT_EN | RB_TMR_CAP_COUNT | RB_TMR_MODE_IN | (cap << 6);
     dcc:	051a                	slli	a0,a0,0x6
c:/Users/LRNA/Downloads/ch592-main/ch592-main/EVT/EXAM/SRC/StdPeriphDriver/CH59x_timer2.c:42
    R8_TMR2_CTRL_MOD = RB_TMR_ALL_CLEAR;
     dce:	400037b7          	lui	a5,0x40003
     dd2:	4709                	li	a4,2
c:/Users/LRNA/Downloads/ch592-main/ch592-main/EVT/EXAM/SRC/StdPeriphDriver/CH59x_timer2.c:43
    R8_TMR2_CTRL_MOD = RB_TMR_COUNT_EN | RB_TMR_CAP_COUNT | RB_TMR_MODE_IN | (cap << 6);
     dd4:	01556513          	ori	a0,a0,21
c:/Users/LRNA/Downloads/ch592-main/ch592-main/EVT/EXAM/SRC/StdPeriphDriver/CH59x_timer2.c:42
    R8_TMR2_CTRL_MOD = RB_TMR_ALL_CLEAR;
     dd8:	80e78023          	sb	a4,-2048(a5) # 40002800 <_eusrstack+0x1fffc000>
c:/Users/LRNA/Downloads/ch592-main/ch592-main/EVT/EXAM/SRC/StdPeriphDriver/CH59x_timer2.c:43
    R8_TMR2_CTRL_MOD = RB_TMR_COUNT_EN | RB_TMR_CAP_COUNT | RB_TMR_MODE_IN | (cap << 6);
     ddc:	0ff57513          	andi	a0,a0,255
     de0:	80a78023          	sb	a0,-2048(a5)
c:/Users/LRNA/Downloads/ch592-main/ch592-main/EVT/EXAM/SRC/StdPeriphDriver/CH59x_timer2.c:44
}
     de4:	8082                	ret

00000de6 <TMR3_PWMInit>:
TMR3_PWMInit():
c:/Users/LRNA/Downloads/ch592-main/ch592-main/EVT/EXAM/SRC/StdPeriphDriver/CH59x_timer3.c:59
 * @return  none
 */
void TMR3_PWMInit(PWMX_PolarTypeDef pr, PWM_RepeatTsTypeDef ts)
{
    R8_TMR3_CTRL_MOD = RB_TMR_ALL_CLEAR;
    R8_TMR3_CTRL_MOD = (pr << 4) | (ts << 6);
     de6:	0512                	slli	a0,a0,0x4
     de8:	059a                	slli	a1,a1,0x6
c:/Users/LRNA/Downloads/ch592-main/ch592-main/EVT/EXAM/SRC/StdPeriphDriver/CH59x_timer3.c:58
    R8_TMR3_CTRL_MOD = RB_TMR_ALL_CLEAR;
     dea:	400037b7          	lui	a5,0x40003
     dee:	4709                	li	a4,2
c:/Users/LRNA/Downloads/ch592-main/ch592-main/EVT/EXAM/SRC/StdPeriphDriver/CH59x_timer3.c:59
    R8_TMR3_CTRL_MOD = (pr << 4) | (ts << 6);
     df0:	8d4d                	or	a0,a0,a1
c:/Users/LRNA/Downloads/ch592-main/ch592-main/EVT/EXAM/SRC/StdPeriphDriver/CH59x_timer3.c:58
    R8_TMR3_CTRL_MOD = RB_TMR_ALL_CLEAR;
     df2:	c0e78023          	sb	a4,-1024(a5) # 40002c00 <_eusrstack+0x1fffc400>
c:/Users/LRNA/Downloads/ch592-main/ch592-main/EVT/EXAM/SRC/StdPeriphDriver/CH59x_timer3.c:59
    R8_TMR3_CTRL_MOD = (pr << 4) | (ts << 6);
     df6:	0ff57513          	andi	a0,a0,255
     dfa:	c0a78023          	sb	a0,-1024(a5)
c:/Users/LRNA/Downloads/ch592-main/ch592-main/EVT/EXAM/SRC/StdPeriphDriver/CH59x_timer3.c:60
    R8_TMR3_PWM_MOD |= RB_TMR_PWM_MOD;
     dfe:	c047c703          	lbu	a4,-1020(a5)
     e02:	00176713          	ori	a4,a4,1
     e06:	c0e78223          	sb	a4,-1020(a5)
c:/Users/LRNA/Downloads/ch592-main/ch592-main/EVT/EXAM/SRC/StdPeriphDriver/CH59x_timer3.c:61
}
     e0a:	8082                	ret

00000e0c <UART1_BaudRateCfg>:
UART1_BaudRateCfg():
c:/Users/LRNA/Downloads/ch592-main/ch592-main/EVT/EXAM/SRC/StdPeriphDriver/CH59x_uart1.c:43
 * @param   baudrate    - 波特率
 *
 * @return  none
 */
void UART1_BaudRateCfg(uint32_t baudrate)
{
     e0c:	1141                	addi	sp,sp,-16
     e0e:	c422                	sw	s0,8(sp)
     e10:	c606                	sw	ra,12(sp)
     e12:	842a                	mv	s0,a0
c:/Users/LRNA/Downloads/ch592-main/ch592-main/EVT/EXAM/SRC/StdPeriphDriver/CH59x_uart1.c:46
    uint32_t x;

    x = 10 * GetSysClock() / 8 / baudrate;
     e14:	3dc9                	jal	ce6 <GetSysClock>
     e16:	4729                	li	a4,10
     e18:	02e507b3          	mul	a5,a0,a4
c:/Users/LRNA/Downloads/ch592-main/ch592-main/EVT/EXAM/SRC/StdPeriphDriver/CH59x_uart1.c:49
    x = (x + 5) / 10;
    R16_UART1_DL = (uint16_t)x;
}
     e1c:	40b2                	lw	ra,12(sp)
c:/Users/LRNA/Downloads/ch592-main/ch592-main/EVT/EXAM/SRC/StdPeriphDriver/CH59x_uart1.c:46
    x = 10 * GetSysClock() / 8 / baudrate;
     e1e:	838d                	srli	a5,a5,0x3
     e20:	0287d7b3          	divu	a5,a5,s0
c:/Users/LRNA/Downloads/ch592-main/ch592-main/EVT/EXAM/SRC/StdPeriphDriver/CH59x_uart1.c:49
}
     e24:	4422                	lw	s0,8(sp)
c:/Users/LRNA/Downloads/ch592-main/ch592-main/EVT/EXAM/SRC/StdPeriphDriver/CH59x_uart1.c:47
    x = (x + 5) / 10;
     e26:	0795                	addi	a5,a5,5
     e28:	02e7d7b3          	divu	a5,a5,a4
c:/Users/LRNA/Downloads/ch592-main/ch592-main/EVT/EXAM/SRC/StdPeriphDriver/CH59x_uart1.c:48
    R16_UART1_DL = (uint16_t)x;
     e2c:	40003737          	lui	a4,0x40003
     e30:	07c2                	slli	a5,a5,0x10
     e32:	83c1                	srli	a5,a5,0x10
     e34:	40f71623          	sh	a5,1036(a4) # 4000340c <_eusrstack+0x1fffcc0c>
c:/Users/LRNA/Downloads/ch592-main/ch592-main/EVT/EXAM/SRC/StdPeriphDriver/CH59x_uart1.c:49
}
     e38:	0141                	addi	sp,sp,16
     e3a:	8082                	ret

00000e3c <UART1_DefInit>:
UART1_DefInit():
c:/Users/LRNA/Downloads/ch592-main/ch592-main/EVT/EXAM/SRC/StdPeriphDriver/CH59x_uart1.c:26
    UART1_BaudRateCfg(115200);
     e3c:	6571                	lui	a0,0x1c
c:/Users/LRNA/Downloads/ch592-main/ch592-main/EVT/EXAM/SRC/StdPeriphDriver/CH59x_uart1.c:25
{
     e3e:	1141                	addi	sp,sp,-16
c:/Users/LRNA/Downloads/ch592-main/ch592-main/EVT/EXAM/SRC/StdPeriphDriver/CH59x_uart1.c:26
    UART1_BaudRateCfg(115200);
     e40:	20050513          	addi	a0,a0,512 # 1c200 <_data_lma+0x19fac>
c:/Users/LRNA/Downloads/ch592-main/ch592-main/EVT/EXAM/SRC/StdPeriphDriver/CH59x_uart1.c:25
{
     e44:	c606                	sw	ra,12(sp)
c:/Users/LRNA/Downloads/ch592-main/ch592-main/EVT/EXAM/SRC/StdPeriphDriver/CH59x_uart1.c:26
    UART1_BaudRateCfg(115200);
     e46:	37d9                	jal	e0c <UART1_BaudRateCfg>
c:/Users/LRNA/Downloads/ch592-main/ch592-main/EVT/EXAM/SRC/StdPeriphDriver/CH59x_uart1.c:27
    R8_UART1_FCR = (2 << 6) | RB_FCR_TX_FIFO_CLR | RB_FCR_RX_FIFO_CLR | RB_FCR_FIFO_EN; // FIFO打开，触发点4字节
     e48:	400037b7          	lui	a5,0x40003
     e4c:	f8700713          	li	a4,-121
     e50:	40e78123          	sb	a4,1026(a5) # 40003402 <_eusrstack+0x1fffcc02>
c:/Users/LRNA/Downloads/ch592-main/ch592-main/EVT/EXAM/SRC/StdPeriphDriver/CH59x_uart1.c:28
    R8_UART1_LCR = RB_LCR_WORD_SZ;
     e54:	470d                	li	a4,3
     e56:	40e781a3          	sb	a4,1027(a5)
c:/Users/LRNA/Downloads/ch592-main/ch592-main/EVT/EXAM/SRC/StdPeriphDriver/CH59x_uart1.c:29
    R8_UART1_IER = RB_IER_TXD_EN;
     e5a:	04000713          	li	a4,64
     e5e:	40e780a3          	sb	a4,1025(a5)
c:/Users/LRNA/Downloads/ch592-main/ch592-main/EVT/EXAM/SRC/StdPeriphDriver/CH59x_uart1.c:30
    R8_UART1_DIV = 1;
     e62:	4705                	li	a4,1
     e64:	40e78723          	sb	a4,1038(a5)
c:/Users/LRNA/Downloads/ch592-main/ch592-main/EVT/EXAM/SRC/StdPeriphDriver/CH59x_uart1.c:31
}
     e68:	40b2                	lw	ra,12(sp)
     e6a:	0141                	addi	sp,sp,16
     e6c:	8082                	ret

00000e6e <iprintf>:
printf():
     e6e:	7139                	addi	sp,sp,-64
     e70:	da3e                	sw	a5,52(sp)
     e72:	d22e                	sw	a1,36(sp)
     e74:	d432                	sw	a2,40(sp)
     e76:	d636                	sw	a3,44(sp)
     e78:	d83a                	sw	a4,48(sp)
     e7a:	dc42                	sw	a6,56(sp)
     e7c:	de46                	sw	a7,60(sp)
     e7e:	20000797          	auipc	a5,0x20000
     e82:	9f678793          	addi	a5,a5,-1546 # 20000874 <_impure_ptr>
     e86:	cc22                	sw	s0,24(sp)
     e88:	4380                	lw	s0,0(a5)
     e8a:	ca26                	sw	s1,20(sp)
     e8c:	ce06                	sw	ra,28(sp)
     e8e:	84aa                	mv	s1,a0
     e90:	c409                	beqz	s0,e9a <iprintf+0x2c>
     e92:	4c1c                	lw	a5,24(s0)
     e94:	e399                	bnez	a5,e9a <iprintf+0x2c>
     e96:	8522                	mv	a0,s0
     e98:	2ba9                	jal	13f2 <__sinit>
     e9a:	440c                	lw	a1,8(s0)
     e9c:	1054                	addi	a3,sp,36
     e9e:	8626                	mv	a2,s1
     ea0:	8522                	mv	a0,s0
     ea2:	c636                	sw	a3,12(sp)
     ea4:	1a9000ef          	jal	ra,184c <_vfiprintf_r>
     ea8:	40f2                	lw	ra,28(sp)
     eaa:	4462                	lw	s0,24(sp)
     eac:	44d2                	lw	s1,20(sp)
     eae:	6121                	addi	sp,sp,64
     eb0:	8082                	ret

00000eb2 <putchar>:
putchar():
     eb2:	1101                	addi	sp,sp,-32
     eb4:	20000797          	auipc	a5,0x20000
     eb8:	9c078793          	addi	a5,a5,-1600 # 20000874 <_impure_ptr>
     ebc:	cc22                	sw	s0,24(sp)
     ebe:	4380                	lw	s0,0(a5)
     ec0:	ce06                	sw	ra,28(sp)
     ec2:	85aa                	mv	a1,a0
     ec4:	c419                	beqz	s0,ed2 <putchar+0x20>
     ec6:	4c1c                	lw	a5,24(s0)
     ec8:	e789                	bnez	a5,ed2 <putchar+0x20>
     eca:	c62a                	sw	a0,12(sp)
     ecc:	8522                	mv	a0,s0
     ece:	2315                	jal	13f2 <__sinit>
     ed0:	45b2                	lw	a1,12(sp)
     ed2:	4410                	lw	a2,8(s0)
     ed4:	8522                	mv	a0,s0
     ed6:	4462                	lw	s0,24(sp)
     ed8:	40f2                	lw	ra,28(sp)
     eda:	6105                	addi	sp,sp,32
     edc:	7bf0006f          	j	1e9a <_putc_r>

00000ee0 <_puts_r>:
_puts_r():
     ee0:	1101                	addi	sp,sp,-32
     ee2:	ca26                	sw	s1,20(sp)
     ee4:	c84a                	sw	s2,16(sp)
     ee6:	ce06                	sw	ra,28(sp)
     ee8:	cc22                	sw	s0,24(sp)
     eea:	c64e                	sw	s3,12(sp)
     eec:	c452                	sw	s4,8(sp)
     eee:	84aa                	mv	s1,a0
     ef0:	892e                	mv	s2,a1
     ef2:	c501                	beqz	a0,efa <_puts_r+0x1a>
     ef4:	4d1c                	lw	a5,24(a0)
     ef6:	e391                	bnez	a5,efa <_puts_r+0x1a>
     ef8:	29ed                	jal	13f2 <__sinit>
     efa:	4c9c                	lw	a5,24(s1)
     efc:	4480                	lw	s0,8(s1)
     efe:	e399                	bnez	a5,f04 <_puts_r+0x24>
     f00:	8526                	mv	a0,s1
     f02:	29c5                	jal	13f2 <__sinit>
     f04:	00001797          	auipc	a5,0x1
     f08:	2d078793          	addi	a5,a5,720 # 21d4 <__sf_fake_stdin>
     f0c:	02f41c63          	bne	s0,a5,f44 <_puts_r+0x64>
     f10:	40c0                	lw	s0,4(s1)
     f12:	00c45783          	lhu	a5,12(s0)
     f16:	8ba1                	andi	a5,a5,8
     f18:	c7b1                	beqz	a5,f64 <_puts_r+0x84>
     f1a:	481c                	lw	a5,16(s0)
     f1c:	c7a1                	beqz	a5,f64 <_puts_r+0x84>
     f1e:	59fd                	li	s3,-1
     f20:	4a29                	li	s4,10
     f22:	441c                	lw	a5,8(s0)
     f24:	00094583          	lbu	a1,0(s2)
     f28:	17fd                	addi	a5,a5,-1
     f2a:	e9b1                	bnez	a1,f7e <_puts_r+0x9e>
     f2c:	c41c                	sw	a5,8(s0)
     f2e:	0607de63          	bgez	a5,faa <_puts_r+0xca>
     f32:	8622                	mv	a2,s0
     f34:	45a9                	li	a1,10
     f36:	8526                	mv	a0,s1
     f38:	2841                	jal	fc8 <__swbuf_r>
     f3a:	57fd                	li	a5,-1
     f3c:	02f50863          	beq	a0,a5,f6c <_puts_r+0x8c>
     f40:	4529                	li	a0,10
     f42:	a035                	j	f6e <_puts_r+0x8e>
     f44:	00001797          	auipc	a5,0x1
     f48:	2b078793          	addi	a5,a5,688 # 21f4 <__sf_fake_stdout>
     f4c:	00f41463          	bne	s0,a5,f54 <_puts_r+0x74>
     f50:	4480                	lw	s0,8(s1)
     f52:	b7c1                	j	f12 <_puts_r+0x32>
     f54:	00001797          	auipc	a5,0x1
     f58:	26078793          	addi	a5,a5,608 # 21b4 <__sf_fake_stderr>
     f5c:	faf41be3          	bne	s0,a5,f12 <_puts_r+0x32>
     f60:	44c0                	lw	s0,12(s1)
     f62:	bf45                	j	f12 <_puts_r+0x32>
     f64:	85a2                	mv	a1,s0
     f66:	8526                	mv	a0,s1
     f68:	2205                	jal	1088 <__swsetup_r>
     f6a:	d955                	beqz	a0,f1e <_puts_r+0x3e>
     f6c:	557d                	li	a0,-1
     f6e:	40f2                	lw	ra,28(sp)
     f70:	4462                	lw	s0,24(sp)
     f72:	44d2                	lw	s1,20(sp)
     f74:	4942                	lw	s2,16(sp)
     f76:	49b2                	lw	s3,12(sp)
     f78:	4a22                	lw	s4,8(sp)
     f7a:	6105                	addi	sp,sp,32
     f7c:	8082                	ret
     f7e:	c41c                	sw	a5,8(s0)
     f80:	0905                	addi	s2,s2,1
     f82:	0007d763          	bgez	a5,f90 <_puts_r+0xb0>
     f86:	4c18                	lw	a4,24(s0)
     f88:	00e7cb63          	blt	a5,a4,f9e <_puts_r+0xbe>
     f8c:	01458963          	beq	a1,s4,f9e <_puts_r+0xbe>
     f90:	401c                	lw	a5,0(s0)
     f92:	00178713          	addi	a4,a5,1
     f96:	c018                	sw	a4,0(s0)
     f98:	00b78023          	sb	a1,0(a5)
     f9c:	b759                	j	f22 <_puts_r+0x42>
     f9e:	8622                	mv	a2,s0
     fa0:	8526                	mv	a0,s1
     fa2:	201d                	jal	fc8 <__swbuf_r>
     fa4:	f7351fe3          	bne	a0,s3,f22 <_puts_r+0x42>
     fa8:	b7d1                	j	f6c <_puts_r+0x8c>
     faa:	401c                	lw	a5,0(s0)
     fac:	00178713          	addi	a4,a5,1
     fb0:	c018                	sw	a4,0(s0)
     fb2:	4729                	li	a4,10
     fb4:	00e78023          	sb	a4,0(a5)
     fb8:	b761                	j	f40 <_puts_r+0x60>

00000fba <puts>:
puts():
     fba:	20000797          	auipc	a5,0x20000
     fbe:	8ba78793          	addi	a5,a5,-1862 # 20000874 <_impure_ptr>
     fc2:	85aa                	mv	a1,a0
     fc4:	4388                	lw	a0,0(a5)
     fc6:	bf29                	j	ee0 <_puts_r>

00000fc8 <__swbuf_r>:
__swbuf_r():
     fc8:	1101                	addi	sp,sp,-32
     fca:	cc22                	sw	s0,24(sp)
     fcc:	ca26                	sw	s1,20(sp)
     fce:	c84a                	sw	s2,16(sp)
     fd0:	ce06                	sw	ra,28(sp)
     fd2:	c64e                	sw	s3,12(sp)
     fd4:	84aa                	mv	s1,a0
     fd6:	892e                	mv	s2,a1
     fd8:	8432                	mv	s0,a2
     fda:	c501                	beqz	a0,fe2 <__swbuf_r+0x1a>
     fdc:	4d1c                	lw	a5,24(a0)
     fde:	e391                	bnez	a5,fe2 <__swbuf_r+0x1a>
     fe0:	2909                	jal	13f2 <__sinit>
     fe2:	00001797          	auipc	a5,0x1
     fe6:	1f278793          	addi	a5,a5,498 # 21d4 <__sf_fake_stdin>
     fea:	06f41963          	bne	s0,a5,105c <__swbuf_r+0x94>
     fee:	40c0                	lw	s0,4(s1)
     ff0:	4c1c                	lw	a5,24(s0)
     ff2:	c41c                	sw	a5,8(s0)
     ff4:	00c45783          	lhu	a5,12(s0)
     ff8:	8ba1                	andi	a5,a5,8
     ffa:	c3c9                	beqz	a5,107c <__swbuf_r+0xb4>
     ffc:	481c                	lw	a5,16(s0)
     ffe:	cfbd                	beqz	a5,107c <__swbuf_r+0xb4>
    1000:	481c                	lw	a5,16(s0)
    1002:	4008                	lw	a0,0(s0)
    1004:	0ff97993          	andi	s3,s2,255
    1008:	0ff97913          	andi	s2,s2,255
    100c:	8d1d                	sub	a0,a0,a5
    100e:	485c                	lw	a5,20(s0)
    1010:	00f54663          	blt	a0,a5,101c <__swbuf_r+0x54>
    1014:	85a2                	mv	a1,s0
    1016:	8526                	mv	a0,s1
    1018:	2c75                	jal	12d4 <_fflush_r>
    101a:	e52d                	bnez	a0,1084 <__swbuf_r+0xbc>
    101c:	441c                	lw	a5,8(s0)
    101e:	0505                	addi	a0,a0,1
    1020:	17fd                	addi	a5,a5,-1
    1022:	c41c                	sw	a5,8(s0)
    1024:	401c                	lw	a5,0(s0)
    1026:	00178713          	addi	a4,a5,1
    102a:	c018                	sw	a4,0(s0)
    102c:	01378023          	sb	s3,0(a5)
    1030:	485c                	lw	a5,20(s0)
    1032:	00a78963          	beq	a5,a0,1044 <__swbuf_r+0x7c>
    1036:	00c45783          	lhu	a5,12(s0)
    103a:	8b85                	andi	a5,a5,1
    103c:	cb81                	beqz	a5,104c <__swbuf_r+0x84>
    103e:	47a9                	li	a5,10
    1040:	00f91663          	bne	s2,a5,104c <__swbuf_r+0x84>
    1044:	85a2                	mv	a1,s0
    1046:	8526                	mv	a0,s1
    1048:	2471                	jal	12d4 <_fflush_r>
    104a:	ed0d                	bnez	a0,1084 <__swbuf_r+0xbc>
    104c:	40f2                	lw	ra,28(sp)
    104e:	4462                	lw	s0,24(sp)
    1050:	854a                	mv	a0,s2
    1052:	44d2                	lw	s1,20(sp)
    1054:	4942                	lw	s2,16(sp)
    1056:	49b2                	lw	s3,12(sp)
    1058:	6105                	addi	sp,sp,32
    105a:	8082                	ret
    105c:	00001797          	auipc	a5,0x1
    1060:	19878793          	addi	a5,a5,408 # 21f4 <__sf_fake_stdout>
    1064:	00f41463          	bne	s0,a5,106c <__swbuf_r+0xa4>
    1068:	4480                	lw	s0,8(s1)
    106a:	b759                	j	ff0 <__swbuf_r+0x28>
    106c:	00001797          	auipc	a5,0x1
    1070:	14878793          	addi	a5,a5,328 # 21b4 <__sf_fake_stderr>
    1074:	f6f41ee3          	bne	s0,a5,ff0 <__swbuf_r+0x28>
    1078:	44c0                	lw	s0,12(s1)
    107a:	bf9d                	j	ff0 <__swbuf_r+0x28>
    107c:	85a2                	mv	a1,s0
    107e:	8526                	mv	a0,s1
    1080:	2021                	jal	1088 <__swsetup_r>
    1082:	dd3d                	beqz	a0,1000 <__swbuf_r+0x38>
    1084:	597d                	li	s2,-1
    1086:	b7d9                	j	104c <__swbuf_r+0x84>

00001088 <__swsetup_r>:
__swsetup_r():
    1088:	1141                	addi	sp,sp,-16
    108a:	1ffff797          	auipc	a5,0x1ffff
    108e:	7ea78793          	addi	a5,a5,2026 # 20000874 <_impure_ptr>
    1092:	c226                	sw	s1,4(sp)
    1094:	4384                	lw	s1,0(a5)
    1096:	c422                	sw	s0,8(sp)
    1098:	c04a                	sw	s2,0(sp)
    109a:	c606                	sw	ra,12(sp)
    109c:	892a                	mv	s2,a0
    109e:	842e                	mv	s0,a1
    10a0:	c489                	beqz	s1,10aa <__swsetup_r+0x22>
    10a2:	4c9c                	lw	a5,24(s1)
    10a4:	e399                	bnez	a5,10aa <__swsetup_r+0x22>
    10a6:	8526                	mv	a0,s1
    10a8:	26a9                	jal	13f2 <__sinit>
    10aa:	00001797          	auipc	a5,0x1
    10ae:	12a78793          	addi	a5,a5,298 # 21d4 <__sf_fake_stdin>
    10b2:	02f41c63          	bne	s0,a5,10ea <__swsetup_r+0x62>
    10b6:	40c0                	lw	s0,4(s1)
    10b8:	00c41703          	lh	a4,12(s0)
    10bc:	01071793          	slli	a5,a4,0x10
    10c0:	83c1                	srli	a5,a5,0x10
    10c2:	0087f693          	andi	a3,a5,8
    10c6:	eeb5                	bnez	a3,1142 <__swsetup_r+0xba>
    10c8:	0107f693          	andi	a3,a5,16
    10cc:	ee9d                	bnez	a3,110a <__swsetup_r+0x82>
    10ce:	47a5                	li	a5,9
    10d0:	00f92023          	sw	a5,0(s2)
    10d4:	04076713          	ori	a4,a4,64
    10d8:	00e41623          	sh	a4,12(s0)
    10dc:	557d                	li	a0,-1
    10de:	40b2                	lw	ra,12(sp)
    10e0:	4422                	lw	s0,8(sp)
    10e2:	4492                	lw	s1,4(sp)
    10e4:	4902                	lw	s2,0(sp)
    10e6:	0141                	addi	sp,sp,16
    10e8:	8082                	ret
    10ea:	00001797          	auipc	a5,0x1
    10ee:	10a78793          	addi	a5,a5,266 # 21f4 <__sf_fake_stdout>
    10f2:	00f41463          	bne	s0,a5,10fa <__swsetup_r+0x72>
    10f6:	4480                	lw	s0,8(s1)
    10f8:	b7c1                	j	10b8 <__swsetup_r+0x30>
    10fa:	00001797          	auipc	a5,0x1
    10fe:	0ba78793          	addi	a5,a5,186 # 21b4 <__sf_fake_stderr>
    1102:	faf41be3          	bne	s0,a5,10b8 <__swsetup_r+0x30>
    1106:	44c0                	lw	s0,12(s1)
    1108:	bf45                	j	10b8 <__swsetup_r+0x30>
    110a:	8b91                	andi	a5,a5,4
    110c:	c78d                	beqz	a5,1136 <__swsetup_r+0xae>
    110e:	584c                	lw	a1,52(s0)
    1110:	c989                	beqz	a1,1122 <__swsetup_r+0x9a>
    1112:	04440793          	addi	a5,s0,68
    1116:	00f58463          	beq	a1,a5,111e <__swsetup_r+0x96>
    111a:	854a                	mv	a0,s2
    111c:	2391                	jal	1660 <_free_r>
    111e:	02042a23          	sw	zero,52(s0)
    1122:	00c45783          	lhu	a5,12(s0)
    1126:	00042223          	sw	zero,4(s0)
    112a:	fdb7f793          	andi	a5,a5,-37
    112e:	00f41623          	sh	a5,12(s0)
    1132:	481c                	lw	a5,16(s0)
    1134:	c01c                	sw	a5,0(s0)
    1136:	00c45783          	lhu	a5,12(s0)
    113a:	0087e793          	ori	a5,a5,8
    113e:	00f41623          	sh	a5,12(s0)
    1142:	481c                	lw	a5,16(s0)
    1144:	ef81                	bnez	a5,115c <__swsetup_r+0xd4>
    1146:	00c45783          	lhu	a5,12(s0)
    114a:	20000713          	li	a4,512
    114e:	2807f793          	andi	a5,a5,640
    1152:	00e78563          	beq	a5,a4,115c <__swsetup_r+0xd4>
    1156:	85a2                	mv	a1,s0
    1158:	854a                	mv	a0,s2
    115a:	21a5                	jal	15c2 <__smakebuf_r>
    115c:	00c45783          	lhu	a5,12(s0)
    1160:	0017f713          	andi	a4,a5,1
    1164:	c705                	beqz	a4,118c <__swsetup_r+0x104>
    1166:	485c                	lw	a5,20(s0)
    1168:	00042423          	sw	zero,8(s0)
    116c:	40f007b3          	neg	a5,a5
    1170:	cc1c                	sw	a5,24(s0)
    1172:	481c                	lw	a5,16(s0)
    1174:	4501                	li	a0,0
    1176:	f7a5                	bnez	a5,10de <__swsetup_r+0x56>
    1178:	00c41783          	lh	a5,12(s0)
    117c:	0807f713          	andi	a4,a5,128
    1180:	df39                	beqz	a4,10de <__swsetup_r+0x56>
    1182:	0407e793          	ori	a5,a5,64
    1186:	00f41623          	sh	a5,12(s0)
    118a:	bf89                	j	10dc <__swsetup_r+0x54>
    118c:	8b89                	andi	a5,a5,2
    118e:	4701                	li	a4,0
    1190:	e391                	bnez	a5,1194 <__swsetup_r+0x10c>
    1192:	4858                	lw	a4,20(s0)
    1194:	c418                	sw	a4,8(s0)
    1196:	bff1                	j	1172 <__swsetup_r+0xea>

00001198 <__sflush_r>:
__sflush_r():
    1198:	00c5d783          	lhu	a5,12(a1)
    119c:	1101                	addi	sp,sp,-32
    119e:	cc22                	sw	s0,24(sp)
    11a0:	ca26                	sw	s1,20(sp)
    11a2:	ce06                	sw	ra,28(sp)
    11a4:	c84a                	sw	s2,16(sp)
    11a6:	c64e                	sw	s3,12(sp)
    11a8:	0087f713          	andi	a4,a5,8
    11ac:	84aa                	mv	s1,a0
    11ae:	842e                	mv	s0,a1
    11b0:	ef71                	bnez	a4,128c <__sflush_r+0xf4>
    11b2:	41d8                	lw	a4,4(a1)
    11b4:	00e04d63          	bgtz	a4,11ce <__sflush_r+0x36>
    11b8:	41b8                	lw	a4,64(a1)
    11ba:	00e04a63          	bgtz	a4,11ce <__sflush_r+0x36>
    11be:	4501                	li	a0,0
    11c0:	40f2                	lw	ra,28(sp)
    11c2:	4462                	lw	s0,24(sp)
    11c4:	44d2                	lw	s1,20(sp)
    11c6:	4942                	lw	s2,16(sp)
    11c8:	49b2                	lw	s3,12(sp)
    11ca:	6105                	addi	sp,sp,32
    11cc:	8082                	ret
    11ce:	5458                	lw	a4,44(s0)
    11d0:	d77d                	beqz	a4,11be <__sflush_r+0x26>
    11d2:	0004a903          	lw	s2,0(s1)
    11d6:	01379693          	slli	a3,a5,0x13
    11da:	0004a023          	sw	zero,0(s1)
    11de:	0606dd63          	bgez	a3,1258 <__sflush_r+0xc0>
    11e2:	4870                	lw	a2,84(s0)
    11e4:	00c45783          	lhu	a5,12(s0)
    11e8:	8b91                	andi	a5,a5,4
    11ea:	c799                	beqz	a5,11f8 <__sflush_r+0x60>
    11ec:	405c                	lw	a5,4(s0)
    11ee:	8e1d                	sub	a2,a2,a5
    11f0:	585c                	lw	a5,52(s0)
    11f2:	c399                	beqz	a5,11f8 <__sflush_r+0x60>
    11f4:	403c                	lw	a5,64(s0)
    11f6:	8e1d                	sub	a2,a2,a5
    11f8:	545c                	lw	a5,44(s0)
    11fa:	500c                	lw	a1,32(s0)
    11fc:	4681                	li	a3,0
    11fe:	8526                	mv	a0,s1
    1200:	9782                	jalr	a5
    1202:	57fd                	li	a5,-1
    1204:	00c45703          	lhu	a4,12(s0)
    1208:	00f51d63          	bne	a0,a5,1222 <__sflush_r+0x8a>
    120c:	4094                	lw	a3,0(s1)
    120e:	47f5                	li	a5,29
    1210:	06d7e863          	bltu	a5,a3,1280 <__sflush_r+0xe8>
    1214:	204007b7          	lui	a5,0x20400
    1218:	0785                	addi	a5,a5,1
    121a:	00d7d7b3          	srl	a5,a5,a3
    121e:	8b85                	andi	a5,a5,1
    1220:	c3a5                	beqz	a5,1280 <__sflush_r+0xe8>
    1222:	481c                	lw	a5,16(s0)
    1224:	00042223          	sw	zero,4(s0)
    1228:	c01c                	sw	a5,0(s0)
    122a:	01371793          	slli	a5,a4,0x13
    122e:	0007d863          	bgez	a5,123e <__sflush_r+0xa6>
    1232:	57fd                	li	a5,-1
    1234:	00f51463          	bne	a0,a5,123c <__sflush_r+0xa4>
    1238:	409c                	lw	a5,0(s1)
    123a:	e391                	bnez	a5,123e <__sflush_r+0xa6>
    123c:	c868                	sw	a0,84(s0)
    123e:	584c                	lw	a1,52(s0)
    1240:	0124a023          	sw	s2,0(s1)
    1244:	ddad                	beqz	a1,11be <__sflush_r+0x26>
    1246:	04440793          	addi	a5,s0,68
    124a:	00f58463          	beq	a1,a5,1252 <__sflush_r+0xba>
    124e:	8526                	mv	a0,s1
    1250:	2901                	jal	1660 <_free_r>
    1252:	02042a23          	sw	zero,52(s0)
    1256:	b7a5                	j	11be <__sflush_r+0x26>
    1258:	500c                	lw	a1,32(s0)
    125a:	4601                	li	a2,0
    125c:	4685                	li	a3,1
    125e:	8526                	mv	a0,s1
    1260:	9702                	jalr	a4
    1262:	57fd                	li	a5,-1
    1264:	862a                	mv	a2,a0
    1266:	f6f51fe3          	bne	a0,a5,11e4 <__sflush_r+0x4c>
    126a:	409c                	lw	a5,0(s1)
    126c:	dfa5                	beqz	a5,11e4 <__sflush_r+0x4c>
    126e:	4775                	li	a4,29
    1270:	00e78563          	beq	a5,a4,127a <__sflush_r+0xe2>
    1274:	4759                	li	a4,22
    1276:	04e79463          	bne	a5,a4,12be <__sflush_r+0x126>
    127a:	0124a023          	sw	s2,0(s1)
    127e:	b781                	j	11be <__sflush_r+0x26>
    1280:	04076713          	ori	a4,a4,64
    1284:	00e41623          	sh	a4,12(s0)
    1288:	557d                	li	a0,-1
    128a:	bf1d                	j	11c0 <__sflush_r+0x28>
    128c:	0105a983          	lw	s3,16(a1)
    1290:	f20987e3          	beqz	s3,11be <__sflush_r+0x26>
    1294:	0005a903          	lw	s2,0(a1)
    1298:	8b8d                	andi	a5,a5,3
    129a:	0135a023          	sw	s3,0(a1)
    129e:	41390933          	sub	s2,s2,s3
    12a2:	4701                	li	a4,0
    12a4:	e391                	bnez	a5,12a8 <__sflush_r+0x110>
    12a6:	49d8                	lw	a4,20(a1)
    12a8:	c418                	sw	a4,8(s0)
    12aa:	f1205ae3          	blez	s2,11be <__sflush_r+0x26>
    12ae:	541c                	lw	a5,40(s0)
    12b0:	500c                	lw	a1,32(s0)
    12b2:	86ca                	mv	a3,s2
    12b4:	864e                	mv	a2,s3
    12b6:	8526                	mv	a0,s1
    12b8:	9782                	jalr	a5
    12ba:	00a04963          	bgtz	a0,12cc <__sflush_r+0x134>
    12be:	00c45783          	lhu	a5,12(s0)
    12c2:	0407e793          	ori	a5,a5,64
    12c6:	00f41623          	sh	a5,12(s0)
    12ca:	bf7d                	j	1288 <__sflush_r+0xf0>
    12cc:	99aa                	add	s3,s3,a0
    12ce:	40a90933          	sub	s2,s2,a0
    12d2:	bfe1                	j	12aa <__sflush_r+0x112>

000012d4 <_fflush_r>:
_fflush_r():
    12d4:	499c                	lw	a5,16(a1)
    12d6:	cfb9                	beqz	a5,1334 <_fflush_r+0x60>
    12d8:	1101                	addi	sp,sp,-32
    12da:	cc22                	sw	s0,24(sp)
    12dc:	ce06                	sw	ra,28(sp)
    12de:	842a                	mv	s0,a0
    12e0:	c511                	beqz	a0,12ec <_fflush_r+0x18>
    12e2:	4d1c                	lw	a5,24(a0)
    12e4:	e781                	bnez	a5,12ec <_fflush_r+0x18>
    12e6:	c62e                	sw	a1,12(sp)
    12e8:	2229                	jal	13f2 <__sinit>
    12ea:	45b2                	lw	a1,12(sp)
    12ec:	00001797          	auipc	a5,0x1
    12f0:	ee878793          	addi	a5,a5,-280 # 21d4 <__sf_fake_stdin>
    12f4:	00f59b63          	bne	a1,a5,130a <_fflush_r+0x36>
    12f8:	404c                	lw	a1,4(s0)
    12fa:	00c59783          	lh	a5,12(a1)
    12fe:	c795                	beqz	a5,132a <_fflush_r+0x56>
    1300:	8522                	mv	a0,s0
    1302:	4462                	lw	s0,24(sp)
    1304:	40f2                	lw	ra,28(sp)
    1306:	6105                	addi	sp,sp,32
    1308:	bd41                	j	1198 <__sflush_r>
    130a:	00001797          	auipc	a5,0x1
    130e:	eea78793          	addi	a5,a5,-278 # 21f4 <__sf_fake_stdout>
    1312:	00f59463          	bne	a1,a5,131a <_fflush_r+0x46>
    1316:	440c                	lw	a1,8(s0)
    1318:	b7cd                	j	12fa <_fflush_r+0x26>
    131a:	00001797          	auipc	a5,0x1
    131e:	e9a78793          	addi	a5,a5,-358 # 21b4 <__sf_fake_stderr>
    1322:	fcf59ce3          	bne	a1,a5,12fa <_fflush_r+0x26>
    1326:	444c                	lw	a1,12(s0)
    1328:	bfc9                	j	12fa <_fflush_r+0x26>
    132a:	40f2                	lw	ra,28(sp)
    132c:	4462                	lw	s0,24(sp)
    132e:	4501                	li	a0,0
    1330:	6105                	addi	sp,sp,32
    1332:	8082                	ret
    1334:	4501                	li	a0,0
    1336:	8082                	ret

00001338 <std>:
std():
    1338:	1141                	addi	sp,sp,-16
    133a:	c422                	sw	s0,8(sp)
    133c:	c606                	sw	ra,12(sp)
    133e:	842a                	mv	s0,a0
    1340:	00b51623          	sh	a1,12(a0)
    1344:	00c51723          	sh	a2,14(a0)
    1348:	00052023          	sw	zero,0(a0)
    134c:	00052223          	sw	zero,4(a0)
    1350:	00052423          	sw	zero,8(a0)
    1354:	06052223          	sw	zero,100(a0)
    1358:	00052823          	sw	zero,16(a0)
    135c:	00052a23          	sw	zero,20(a0)
    1360:	00052c23          	sw	zero,24(a0)
    1364:	4621                	li	a2,8
    1366:	4581                	li	a1,0
    1368:	05c50513          	addi	a0,a0,92
    136c:	d4eff0ef          	jal	ra,8ba <memset>
    1370:	00001797          	auipc	a5,0x1
    1374:	bda78793          	addi	a5,a5,-1062 # 1f4a <__sread>
    1378:	d05c                	sw	a5,36(s0)
    137a:	00001797          	auipc	a5,0x1
    137e:	c0078793          	addi	a5,a5,-1024 # 1f7a <__swrite>
    1382:	d41c                	sw	a5,40(s0)
    1384:	00001797          	auipc	a5,0x1
    1388:	c4478793          	addi	a5,a5,-956 # 1fc8 <__sseek>
    138c:	d45c                	sw	a5,44(s0)
    138e:	00001797          	auipc	a5,0x1
    1392:	c7078793          	addi	a5,a5,-912 # 1ffe <__sclose>
    1396:	d000                	sw	s0,32(s0)
    1398:	d81c                	sw	a5,48(s0)
    139a:	40b2                	lw	ra,12(sp)
    139c:	4422                	lw	s0,8(sp)
    139e:	0141                	addi	sp,sp,16
    13a0:	8082                	ret

000013a2 <_cleanup_r>:
_cleanup_r():
    13a2:	00000597          	auipc	a1,0x0
    13a6:	f3258593          	addi	a1,a1,-206 # 12d4 <_fflush_r>
    13aa:	aa89                	j	14fc <_fwalk_reent>

000013ac <__sfmoreglue>:
__sfmoreglue():
    13ac:	1141                	addi	sp,sp,-16
    13ae:	c226                	sw	s1,4(sp)
    13b0:	06800613          	li	a2,104
    13b4:	fff58493          	addi	s1,a1,-1
    13b8:	02c484b3          	mul	s1,s1,a2
    13bc:	c04a                	sw	s2,0(sp)
    13be:	892e                	mv	s2,a1
    13c0:	c422                	sw	s0,8(sp)
    13c2:	c606                	sw	ra,12(sp)
    13c4:	07448593          	addi	a1,s1,116
    13c8:	2681                	jal	1708 <_malloc_r>
    13ca:	842a                	mv	s0,a0
    13cc:	cd01                	beqz	a0,13e4 <__sfmoreglue+0x38>
    13ce:	00052023          	sw	zero,0(a0)
    13d2:	01252223          	sw	s2,4(a0)
    13d6:	0531                	addi	a0,a0,12
    13d8:	c408                	sw	a0,8(s0)
    13da:	06848613          	addi	a2,s1,104
    13de:	4581                	li	a1,0
    13e0:	cdaff0ef          	jal	ra,8ba <memset>
    13e4:	8522                	mv	a0,s0
    13e6:	40b2                	lw	ra,12(sp)
    13e8:	4422                	lw	s0,8(sp)
    13ea:	4492                	lw	s1,4(sp)
    13ec:	4902                	lw	s2,0(sp)
    13ee:	0141                	addi	sp,sp,16
    13f0:	8082                	ret

000013f2 <__sinit>:
__sinit():
    13f2:	4d1c                	lw	a5,24(a0)
    13f4:	e3bd                	bnez	a5,145a <__sinit+0x68>
    13f6:	1141                	addi	sp,sp,-16
    13f8:	c606                	sw	ra,12(sp)
    13fa:	c422                	sw	s0,8(sp)
    13fc:	00000797          	auipc	a5,0x0
    1400:	fa678793          	addi	a5,a5,-90 # 13a2 <_cleanup_r>
    1404:	d51c                	sw	a5,40(a0)
    1406:	00001797          	auipc	a5,0x1
    140a:	e4a78793          	addi	a5,a5,-438 # 2250 <_global_impure_ptr>
    140e:	439c                	lw	a5,0(a5)
    1410:	04052423          	sw	zero,72(a0)
    1414:	04052623          	sw	zero,76(a0)
    1418:	04052823          	sw	zero,80(a0)
    141c:	00f51463          	bne	a0,a5,1424 <__sinit+0x32>
    1420:	4785                	li	a5,1
    1422:	cd1c                	sw	a5,24(a0)
    1424:	842a                	mv	s0,a0
    1426:	281d                	jal	145c <__sfp>
    1428:	c048                	sw	a0,4(s0)
    142a:	8522                	mv	a0,s0
    142c:	2805                	jal	145c <__sfp>
    142e:	c408                	sw	a0,8(s0)
    1430:	8522                	mv	a0,s0
    1432:	202d                	jal	145c <__sfp>
    1434:	c448                	sw	a0,12(s0)
    1436:	4048                	lw	a0,4(s0)
    1438:	4601                	li	a2,0
    143a:	4591                	li	a1,4
    143c:	3df5                	jal	1338 <std>
    143e:	4408                	lw	a0,8(s0)
    1440:	4605                	li	a2,1
    1442:	45a5                	li	a1,9
    1444:	3dd5                	jal	1338 <std>
    1446:	4448                	lw	a0,12(s0)
    1448:	4609                	li	a2,2
    144a:	45c9                	li	a1,18
    144c:	35f5                	jal	1338 <std>
    144e:	4785                	li	a5,1
    1450:	cc1c                	sw	a5,24(s0)
    1452:	40b2                	lw	ra,12(sp)
    1454:	4422                	lw	s0,8(sp)
    1456:	0141                	addi	sp,sp,16
    1458:	8082                	ret
    145a:	8082                	ret

0000145c <__sfp>:
__sfp():
    145c:	1141                	addi	sp,sp,-16
    145e:	00001797          	auipc	a5,0x1
    1462:	df278793          	addi	a5,a5,-526 # 2250 <_global_impure_ptr>
    1466:	c226                	sw	s1,4(sp)
    1468:	4384                	lw	s1,0(a5)
    146a:	c04a                	sw	s2,0(sp)
    146c:	c606                	sw	ra,12(sp)
    146e:	4c9c                	lw	a5,24(s1)
    1470:	c422                	sw	s0,8(sp)
    1472:	892a                	mv	s2,a0
    1474:	e399                	bnez	a5,147a <__sfp+0x1e>
    1476:	8526                	mv	a0,s1
    1478:	3fad                	jal	13f2 <__sinit>
    147a:	04848493          	addi	s1,s1,72
    147e:	4480                	lw	s0,8(s1)
    1480:	40dc                	lw	a5,4(s1)
    1482:	17fd                	addi	a5,a5,-1
    1484:	0007d663          	bgez	a5,1490 <__sfp+0x34>
    1488:	409c                	lw	a5,0(s1)
    148a:	cfb9                	beqz	a5,14e8 <__sfp+0x8c>
    148c:	4084                	lw	s1,0(s1)
    148e:	bfc5                	j	147e <__sfp+0x22>
    1490:	00c41703          	lh	a4,12(s0)
    1494:	e739                	bnez	a4,14e2 <__sfp+0x86>
    1496:	77c1                	lui	a5,0xffff0
    1498:	0785                	addi	a5,a5,1
    149a:	06042223          	sw	zero,100(s0)
    149e:	00042023          	sw	zero,0(s0)
    14a2:	00042223          	sw	zero,4(s0)
    14a6:	00042423          	sw	zero,8(s0)
    14aa:	c45c                	sw	a5,12(s0)
    14ac:	00042823          	sw	zero,16(s0)
    14b0:	00042a23          	sw	zero,20(s0)
    14b4:	00042c23          	sw	zero,24(s0)
    14b8:	4621                	li	a2,8
    14ba:	4581                	li	a1,0
    14bc:	05c40513          	addi	a0,s0,92
    14c0:	bfaff0ef          	jal	ra,8ba <memset>
    14c4:	02042a23          	sw	zero,52(s0)
    14c8:	02042c23          	sw	zero,56(s0)
    14cc:	04042423          	sw	zero,72(s0)
    14d0:	04042623          	sw	zero,76(s0)
    14d4:	8522                	mv	a0,s0
    14d6:	40b2                	lw	ra,12(sp)
    14d8:	4422                	lw	s0,8(sp)
    14da:	4492                	lw	s1,4(sp)
    14dc:	4902                	lw	s2,0(sp)
    14de:	0141                	addi	sp,sp,16
    14e0:	8082                	ret
    14e2:	06840413          	addi	s0,s0,104
    14e6:	bf71                	j	1482 <__sfp+0x26>
    14e8:	4591                	li	a1,4
    14ea:	854a                	mv	a0,s2
    14ec:	35c1                	jal	13ac <__sfmoreglue>
    14ee:	c088                	sw	a0,0(s1)
    14f0:	fd51                	bnez	a0,148c <__sfp+0x30>
    14f2:	47b1                	li	a5,12
    14f4:	00f92023          	sw	a5,0(s2)
    14f8:	4401                	li	s0,0
    14fa:	bfe9                	j	14d4 <__sfp+0x78>

000014fc <_fwalk_reent>:
_fwalk_reent():
    14fc:	7179                	addi	sp,sp,-48
    14fe:	d422                	sw	s0,40(sp)
    1500:	d04a                	sw	s2,32(sp)
    1502:	cc52                	sw	s4,24(sp)
    1504:	ca56                	sw	s5,20(sp)
    1506:	c85a                	sw	s6,16(sp)
    1508:	c65e                	sw	s7,12(sp)
    150a:	d606                	sw	ra,44(sp)
    150c:	d226                	sw	s1,36(sp)
    150e:	ce4e                	sw	s3,28(sp)
    1510:	8a2a                	mv	s4,a0
    1512:	8aae                	mv	s5,a1
    1514:	04850413          	addi	s0,a0,72
    1518:	4901                	li	s2,0
    151a:	4b05                	li	s6,1
    151c:	5bfd                	li	s7,-1
    151e:	ec09                	bnez	s0,1538 <_fwalk_reent+0x3c>
    1520:	50b2                	lw	ra,44(sp)
    1522:	5422                	lw	s0,40(sp)
    1524:	854a                	mv	a0,s2
    1526:	5492                	lw	s1,36(sp)
    1528:	5902                	lw	s2,32(sp)
    152a:	49f2                	lw	s3,28(sp)
    152c:	4a62                	lw	s4,24(sp)
    152e:	4ad2                	lw	s5,20(sp)
    1530:	4b42                	lw	s6,16(sp)
    1532:	4bb2                	lw	s7,12(sp)
    1534:	6145                	addi	sp,sp,48
    1536:	8082                	ret
    1538:	4404                	lw	s1,8(s0)
    153a:	00442983          	lw	s3,4(s0)
    153e:	19fd                	addi	s3,s3,-1
    1540:	0009d463          	bgez	s3,1548 <_fwalk_reent+0x4c>
    1544:	4000                	lw	s0,0(s0)
    1546:	bfe1                	j	151e <_fwalk_reent+0x22>
    1548:	00c4d783          	lhu	a5,12(s1)
    154c:	00fb7b63          	bgeu	s6,a5,1562 <_fwalk_reent+0x66>
    1550:	00e49783          	lh	a5,14(s1)
    1554:	01778763          	beq	a5,s7,1562 <_fwalk_reent+0x66>
    1558:	85a6                	mv	a1,s1
    155a:	8552                	mv	a0,s4
    155c:	9a82                	jalr	s5
    155e:	00a96933          	or	s2,s2,a0
    1562:	06848493          	addi	s1,s1,104
    1566:	bfe1                	j	153e <_fwalk_reent+0x42>

00001568 <__swhatbuf_r>:
__swhatbuf_r():
    1568:	7119                	addi	sp,sp,-128
    156a:	daa6                	sw	s1,116(sp)
    156c:	84ae                	mv	s1,a1
    156e:	00e59583          	lh	a1,14(a1)
    1572:	dca2                	sw	s0,120(sp)
    1574:	de86                	sw	ra,124(sp)
    1576:	8432                	mv	s0,a2
    1578:	0005dc63          	bgez	a1,1590 <__swhatbuf_r+0x28>
    157c:	00c4d783          	lhu	a5,12(s1)
    1580:	0006a023          	sw	zero,0(a3)
    1584:	0807f793          	andi	a5,a5,128
    1588:	e785                	bnez	a5,15b0 <__swhatbuf_r+0x48>
    158a:	40000793          	li	a5,1024
    158e:	a01d                	j	15b4 <__swhatbuf_r+0x4c>
    1590:	0830                	addi	a2,sp,24
    1592:	c636                	sw	a3,12(sp)
    1594:	2c7000ef          	jal	ra,205a <_fstat_r>
    1598:	46b2                	lw	a3,12(sp)
    159a:	fe0541e3          	bltz	a0,157c <__swhatbuf_r+0x14>
    159e:	4772                	lw	a4,28(sp)
    15a0:	67bd                	lui	a5,0xf
    15a2:	8ff9                	and	a5,a5,a4
    15a4:	7779                	lui	a4,0xffffe
    15a6:	97ba                	add	a5,a5,a4
    15a8:	0017b793          	seqz	a5,a5
    15ac:	c29c                	sw	a5,0(a3)
    15ae:	bff1                	j	158a <__swhatbuf_r+0x22>
    15b0:	04000793          	li	a5,64
    15b4:	c01c                	sw	a5,0(s0)
    15b6:	50f6                	lw	ra,124(sp)
    15b8:	5466                	lw	s0,120(sp)
    15ba:	54d6                	lw	s1,116(sp)
    15bc:	4501                	li	a0,0
    15be:	6109                	addi	sp,sp,128
    15c0:	8082                	ret

000015c2 <__smakebuf_r>:
__smakebuf_r():
    15c2:	00c5d783          	lhu	a5,12(a1)
    15c6:	1101                	addi	sp,sp,-32
    15c8:	cc22                	sw	s0,24(sp)
    15ca:	ce06                	sw	ra,28(sp)
    15cc:	ca26                	sw	s1,20(sp)
    15ce:	c84a                	sw	s2,16(sp)
    15d0:	8b89                	andi	a5,a5,2
    15d2:	842e                	mv	s0,a1
    15d4:	cf89                	beqz	a5,15ee <__smakebuf_r+0x2c>
    15d6:	04740793          	addi	a5,s0,71
    15da:	c01c                	sw	a5,0(s0)
    15dc:	c81c                	sw	a5,16(s0)
    15de:	4785                	li	a5,1
    15e0:	c85c                	sw	a5,20(s0)
    15e2:	40f2                	lw	ra,28(sp)
    15e4:	4462                	lw	s0,24(sp)
    15e6:	44d2                	lw	s1,20(sp)
    15e8:	4942                	lw	s2,16(sp)
    15ea:	6105                	addi	sp,sp,32
    15ec:	8082                	ret
    15ee:	0074                	addi	a3,sp,12
    15f0:	0030                	addi	a2,sp,8
    15f2:	84aa                	mv	s1,a0
    15f4:	3f95                	jal	1568 <__swhatbuf_r>
    15f6:	45a2                	lw	a1,8(sp)
    15f8:	892a                	mv	s2,a0
    15fa:	8526                	mv	a0,s1
    15fc:	2231                	jal	1708 <_malloc_r>
    15fe:	ed01                	bnez	a0,1616 <__smakebuf_r+0x54>
    1600:	00c41783          	lh	a5,12(s0)
    1604:	2007f713          	andi	a4,a5,512
    1608:	ff69                	bnez	a4,15e2 <__smakebuf_r+0x20>
    160a:	9bf1                	andi	a5,a5,-4
    160c:	0027e793          	ori	a5,a5,2
    1610:	00f41623          	sh	a5,12(s0)
    1614:	b7c9                	j	15d6 <__smakebuf_r+0x14>
    1616:	00000797          	auipc	a5,0x0
    161a:	d8c78793          	addi	a5,a5,-628 # 13a2 <_cleanup_r>
    161e:	d49c                	sw	a5,40(s1)
    1620:	00c45783          	lhu	a5,12(s0)
    1624:	c008                	sw	a0,0(s0)
    1626:	c808                	sw	a0,16(s0)
    1628:	0807e793          	ori	a5,a5,128
    162c:	00f41623          	sh	a5,12(s0)
    1630:	47a2                	lw	a5,8(sp)
    1632:	c85c                	sw	a5,20(s0)
    1634:	47b2                	lw	a5,12(sp)
    1636:	cf91                	beqz	a5,1652 <__smakebuf_r+0x90>
    1638:	00e41583          	lh	a1,14(s0)
    163c:	8526                	mv	a0,s1
    163e:	247000ef          	jal	ra,2084 <_isatty_r>
    1642:	c901                	beqz	a0,1652 <__smakebuf_r+0x90>
    1644:	00c45783          	lhu	a5,12(s0)
    1648:	9bf1                	andi	a5,a5,-4
    164a:	0017e793          	ori	a5,a5,1
    164e:	00f41623          	sh	a5,12(s0)
    1652:	00c45783          	lhu	a5,12(s0)
    1656:	00f96933          	or	s2,s2,a5
    165a:	01241623          	sh	s2,12(s0)
    165e:	b751                	j	15e2 <__smakebuf_r+0x20>

00001660 <_free_r>:
_free_r():
    1660:	c1dd                	beqz	a1,1706 <_free_r+0xa6>
    1662:	ffc5a783          	lw	a5,-4(a1)
    1666:	1141                	addi	sp,sp,-16
    1668:	c422                	sw	s0,8(sp)
    166a:	c606                	sw	ra,12(sp)
    166c:	c226                	sw	s1,4(sp)
    166e:	ffc58413          	addi	s0,a1,-4
    1672:	0007d363          	bgez	a5,1678 <_free_r+0x18>
    1676:	943e                	add	s0,s0,a5
    1678:	84aa                	mv	s1,a0
    167a:	279000ef          	jal	ra,20f2 <__malloc_lock>
    167e:	80c18793          	addi	a5,gp,-2036 # 2000087c <__malloc_free_list>
    1682:	439c                	lw	a5,0(a5)
    1684:	ef81                	bnez	a5,169c <_free_r+0x3c>
    1686:	00042223          	sw	zero,4(s0)
    168a:	8081a623          	sw	s0,-2036(gp) # 2000087c <__malloc_free_list>
    168e:	4422                	lw	s0,8(sp)
    1690:	40b2                	lw	ra,12(sp)
    1692:	8526                	mv	a0,s1
    1694:	4492                	lw	s1,4(sp)
    1696:	0141                	addi	sp,sp,16
    1698:	25d0006f          	j	20f4 <__malloc_unlock>
    169c:	00f47e63          	bgeu	s0,a5,16b8 <_free_r+0x58>
    16a0:	4014                	lw	a3,0(s0)
    16a2:	00d40733          	add	a4,s0,a3
    16a6:	00e79663          	bne	a5,a4,16b2 <_free_r+0x52>
    16aa:	4398                	lw	a4,0(a5)
    16ac:	43dc                	lw	a5,4(a5)
    16ae:	9736                	add	a4,a4,a3
    16b0:	c018                	sw	a4,0(s0)
    16b2:	c05c                	sw	a5,4(s0)
    16b4:	bfd9                	j	168a <_free_r+0x2a>
    16b6:	87ba                	mv	a5,a4
    16b8:	43d8                	lw	a4,4(a5)
    16ba:	c319                	beqz	a4,16c0 <_free_r+0x60>
    16bc:	fee47de3          	bgeu	s0,a4,16b6 <_free_r+0x56>
    16c0:	4394                	lw	a3,0(a5)
    16c2:	00d78633          	add	a2,a5,a3
    16c6:	00861f63          	bne	a2,s0,16e4 <_free_r+0x84>
    16ca:	4010                	lw	a2,0(s0)
    16cc:	96b2                	add	a3,a3,a2
    16ce:	c394                	sw	a3,0(a5)
    16d0:	00d78633          	add	a2,a5,a3
    16d4:	fac71de3          	bne	a4,a2,168e <_free_r+0x2e>
    16d8:	4310                	lw	a2,0(a4)
    16da:	4358                	lw	a4,4(a4)
    16dc:	96b2                	add	a3,a3,a2
    16de:	c394                	sw	a3,0(a5)
    16e0:	c3d8                	sw	a4,4(a5)
    16e2:	b775                	j	168e <_free_r+0x2e>
    16e4:	00c47563          	bgeu	s0,a2,16ee <_free_r+0x8e>
    16e8:	47b1                	li	a5,12
    16ea:	c09c                	sw	a5,0(s1)
    16ec:	b74d                	j	168e <_free_r+0x2e>
    16ee:	4010                	lw	a2,0(s0)
    16f0:	00c406b3          	add	a3,s0,a2
    16f4:	00d71663          	bne	a4,a3,1700 <_free_r+0xa0>
    16f8:	4314                	lw	a3,0(a4)
    16fa:	4358                	lw	a4,4(a4)
    16fc:	96b2                	add	a3,a3,a2
    16fe:	c014                	sw	a3,0(s0)
    1700:	c058                	sw	a4,4(s0)
    1702:	c3c0                	sw	s0,4(a5)
    1704:	b769                	j	168e <_free_r+0x2e>
    1706:	8082                	ret

00001708 <_malloc_r>:
_malloc_r():
    1708:	1101                	addi	sp,sp,-32
    170a:	ca26                	sw	s1,20(sp)
    170c:	00358493          	addi	s1,a1,3
    1710:	98f1                	andi	s1,s1,-4
    1712:	ce06                	sw	ra,28(sp)
    1714:	cc22                	sw	s0,24(sp)
    1716:	c84a                	sw	s2,16(sp)
    1718:	c64e                	sw	s3,12(sp)
    171a:	04a1                	addi	s1,s1,8
    171c:	47b1                	li	a5,12
    171e:	04f4f563          	bgeu	s1,a5,1768 <_malloc_r+0x60>
    1722:	44b1                	li	s1,12
    1724:	04b4e463          	bltu	s1,a1,176c <_malloc_r+0x64>
    1728:	892a                	mv	s2,a0
    172a:	1c9000ef          	jal	ra,20f2 <__malloc_lock>
    172e:	80c18793          	addi	a5,gp,-2036 # 2000087c <__malloc_free_list>
    1732:	4398                	lw	a4,0(a5)
    1734:	843a                	mv	s0,a4
    1736:	e429                	bnez	s0,1780 <_malloc_r+0x78>
    1738:	81018793          	addi	a5,gp,-2032 # 20000880 <__malloc_sbrk_start>
    173c:	439c                	lw	a5,0(a5)
    173e:	e799                	bnez	a5,174c <_malloc_r+0x44>
    1740:	4581                	li	a1,0
    1742:	854a                	mv	a0,s2
    1744:	7dc000ef          	jal	ra,1f20 <_sbrk_r>
    1748:	80a1a823          	sw	a0,-2032(gp) # 20000880 <__malloc_sbrk_start>
    174c:	85a6                	mv	a1,s1
    174e:	854a                	mv	a0,s2
    1750:	7d0000ef          	jal	ra,1f20 <_sbrk_r>
    1754:	59fd                	li	s3,-1
    1756:	07351963          	bne	a0,s3,17c8 <_malloc_r+0xc0>
    175a:	47b1                	li	a5,12
    175c:	00f92023          	sw	a5,0(s2)
    1760:	854a                	mv	a0,s2
    1762:	193000ef          	jal	ra,20f4 <__malloc_unlock>
    1766:	a029                	j	1770 <_malloc_r+0x68>
    1768:	fa04dee3          	bgez	s1,1724 <_malloc_r+0x1c>
    176c:	47b1                	li	a5,12
    176e:	c11c                	sw	a5,0(a0)
    1770:	4501                	li	a0,0
    1772:	40f2                	lw	ra,28(sp)
    1774:	4462                	lw	s0,24(sp)
    1776:	44d2                	lw	s1,20(sp)
    1778:	4942                	lw	s2,16(sp)
    177a:	49b2                	lw	s3,12(sp)
    177c:	6105                	addi	sp,sp,32
    177e:	8082                	ret
    1780:	401c                	lw	a5,0(s0)
    1782:	8f85                	sub	a5,a5,s1
    1784:	0207cf63          	bltz	a5,17c2 <_malloc_r+0xba>
    1788:	46ad                	li	a3,11
    178a:	00f6f663          	bgeu	a3,a5,1796 <_malloc_r+0x8e>
    178e:	c01c                	sw	a5,0(s0)
    1790:	943e                	add	s0,s0,a5
    1792:	c004                	sw	s1,0(s0)
    1794:	a031                	j	17a0 <_malloc_r+0x98>
    1796:	405c                	lw	a5,4(s0)
    1798:	02871363          	bne	a4,s0,17be <_malloc_r+0xb6>
    179c:	80f1a623          	sw	a5,-2036(gp) # 2000087c <__malloc_free_list>
    17a0:	854a                	mv	a0,s2
    17a2:	153000ef          	jal	ra,20f4 <__malloc_unlock>
    17a6:	00b40513          	addi	a0,s0,11
    17aa:	00440793          	addi	a5,s0,4
    17ae:	9961                	andi	a0,a0,-8
    17b0:	40f50733          	sub	a4,a0,a5
    17b4:	df5d                	beqz	a4,1772 <_malloc_r+0x6a>
    17b6:	943a                	add	s0,s0,a4
    17b8:	8f89                	sub	a5,a5,a0
    17ba:	c01c                	sw	a5,0(s0)
    17bc:	bf5d                	j	1772 <_malloc_r+0x6a>
    17be:	c35c                	sw	a5,4(a4)
    17c0:	b7c5                	j	17a0 <_malloc_r+0x98>
    17c2:	8722                	mv	a4,s0
    17c4:	4040                	lw	s0,4(s0)
    17c6:	bf85                	j	1736 <_malloc_r+0x2e>
    17c8:	00350413          	addi	s0,a0,3
    17cc:	9871                	andi	s0,s0,-4
    17ce:	fc8502e3          	beq	a0,s0,1792 <_malloc_r+0x8a>
    17d2:	40a405b3          	sub	a1,s0,a0
    17d6:	854a                	mv	a0,s2
    17d8:	27a1                	jal	1f20 <_sbrk_r>
    17da:	fb351ce3          	bne	a0,s3,1792 <_malloc_r+0x8a>
    17de:	bfb5                	j	175a <_malloc_r+0x52>

000017e0 <__sfputc_r>:
__sfputc_r():
    17e0:	461c                	lw	a5,8(a2)
    17e2:	17fd                	addi	a5,a5,-1
    17e4:	c61c                	sw	a5,8(a2)
    17e6:	0007da63          	bgez	a5,17fa <__sfputc_r+0x1a>
    17ea:	4e18                	lw	a4,24(a2)
    17ec:	00e7c563          	blt	a5,a4,17f6 <__sfputc_r+0x16>
    17f0:	47a9                	li	a5,10
    17f2:	00f59463          	bne	a1,a5,17fa <__sfputc_r+0x1a>
    17f6:	fd2ff06f          	j	fc8 <__swbuf_r>
    17fa:	421c                	lw	a5,0(a2)
    17fc:	852e                	mv	a0,a1
    17fe:	00178713          	addi	a4,a5,1
    1802:	c218                	sw	a4,0(a2)
    1804:	00b78023          	sb	a1,0(a5)
    1808:	8082                	ret

0000180a <__sfputs_r>:
__sfputs_r():
    180a:	1101                	addi	sp,sp,-32
    180c:	cc22                	sw	s0,24(sp)
    180e:	ca26                	sw	s1,20(sp)
    1810:	c84a                	sw	s2,16(sp)
    1812:	c64e                	sw	s3,12(sp)
    1814:	c452                	sw	s4,8(sp)
    1816:	ce06                	sw	ra,28(sp)
    1818:	892a                	mv	s2,a0
    181a:	89ae                	mv	s3,a1
    181c:	8432                	mv	s0,a2
    181e:	00d604b3          	add	s1,a2,a3
    1822:	5a7d                	li	s4,-1
    1824:	00941463          	bne	s0,s1,182c <__sfputs_r+0x22>
    1828:	4501                	li	a0,0
    182a:	a809                	j	183c <__sfputs_r+0x32>
    182c:	00044583          	lbu	a1,0(s0)
    1830:	864e                	mv	a2,s3
    1832:	854a                	mv	a0,s2
    1834:	3775                	jal	17e0 <__sfputc_r>
    1836:	0405                	addi	s0,s0,1
    1838:	ff4516e3          	bne	a0,s4,1824 <__sfputs_r+0x1a>
    183c:	40f2                	lw	ra,28(sp)
    183e:	4462                	lw	s0,24(sp)
    1840:	44d2                	lw	s1,20(sp)
    1842:	4942                	lw	s2,16(sp)
    1844:	49b2                	lw	s3,12(sp)
    1846:	4a22                	lw	s4,8(sp)
    1848:	6105                	addi	sp,sp,32
    184a:	8082                	ret

0000184c <_vfiprintf_r>:
_vfiprintf_r():
    184c:	7135                	addi	sp,sp,-160
    184e:	cd22                	sw	s0,152(sp)
    1850:	cb26                	sw	s1,148(sp)
    1852:	c94a                	sw	s2,144(sp)
    1854:	c74e                	sw	s3,140(sp)
    1856:	cf06                	sw	ra,156(sp)
    1858:	c552                	sw	s4,136(sp)
    185a:	c356                	sw	s5,132(sp)
    185c:	c15a                	sw	s6,128(sp)
    185e:	dede                	sw	s7,124(sp)
    1860:	dce2                	sw	s8,120(sp)
    1862:	dae6                	sw	s9,116(sp)
    1864:	89aa                	mv	s3,a0
    1866:	84ae                	mv	s1,a1
    1868:	8932                	mv	s2,a2
    186a:	8436                	mv	s0,a3
    186c:	c501                	beqz	a0,1874 <_vfiprintf_r+0x28>
    186e:	4d1c                	lw	a5,24(a0)
    1870:	e391                	bnez	a5,1874 <_vfiprintf_r+0x28>
    1872:	3641                	jal	13f2 <__sinit>
    1874:	00001797          	auipc	a5,0x1
    1878:	96078793          	addi	a5,a5,-1696 # 21d4 <__sf_fake_stdin>
    187c:	0cf49c63          	bne	s1,a5,1954 <_vfiprintf_r+0x108>
    1880:	0049a483          	lw	s1,4(s3)
    1884:	00c4d783          	lhu	a5,12(s1)
    1888:	8ba1                	andi	a5,a5,8
    188a:	c7fd                	beqz	a5,1978 <_vfiprintf_r+0x12c>
    188c:	489c                	lw	a5,16(s1)
    188e:	c7ed                	beqz	a5,1978 <_vfiprintf_r+0x12c>
    1890:	02000793          	li	a5,32
    1894:	02f104a3          	sb	a5,41(sp)
    1898:	03000793          	li	a5,48
    189c:	d202                	sw	zero,36(sp)
    189e:	02f10523          	sb	a5,42(sp)
    18a2:	c622                	sw	s0,12(sp)
    18a4:	02500b93          	li	s7,37
    18a8:	00001a97          	auipc	s5,0x1
    18ac:	96ca8a93          	addi	s5,s5,-1684 # 2214 <__sf_fake_stdout+0x20>
    18b0:	4c05                	li	s8,1
    18b2:	4b29                	li	s6,10
    18b4:	844a                	mv	s0,s2
    18b6:	00044783          	lbu	a5,0(s0)
    18ba:	c399                	beqz	a5,18c0 <_vfiprintf_r+0x74>
    18bc:	0f779163          	bne	a5,s7,199e <_vfiprintf_r+0x152>
    18c0:	41240cb3          	sub	s9,s0,s2
    18c4:	000c8d63          	beqz	s9,18de <_vfiprintf_r+0x92>
    18c8:	86e6                	mv	a3,s9
    18ca:	864a                	mv	a2,s2
    18cc:	85a6                	mv	a1,s1
    18ce:	854e                	mv	a0,s3
    18d0:	3f2d                	jal	180a <__sfputs_r>
    18d2:	57fd                	li	a5,-1
    18d4:	1ef50763          	beq	a0,a5,1ac2 <_vfiprintf_r+0x276>
    18d8:	5692                	lw	a3,36(sp)
    18da:	96e6                	add	a3,a3,s9
    18dc:	d236                	sw	a3,36(sp)
    18de:	00044783          	lbu	a5,0(s0)
    18e2:	1e078063          	beqz	a5,1ac2 <_vfiprintf_r+0x276>
    18e6:	57fd                	li	a5,-1
    18e8:	00140913          	addi	s2,s0,1
    18ec:	c802                	sw	zero,16(sp)
    18ee:	ce02                	sw	zero,28(sp)
    18f0:	ca3e                	sw	a5,20(sp)
    18f2:	cc02                	sw	zero,24(sp)
    18f4:	040109a3          	sb	zero,83(sp)
    18f8:	d482                	sw	zero,104(sp)
    18fa:	00094583          	lbu	a1,0(s2)
    18fe:	4615                	li	a2,5
    1900:	8556                	mv	a0,s5
    1902:	7d6000ef          	jal	ra,20d8 <memchr>
    1906:	00190413          	addi	s0,s2,1
    190a:	47c2                	lw	a5,16(sp)
    190c:	e959                	bnez	a0,19a2 <_vfiprintf_r+0x156>
    190e:	0107f713          	andi	a4,a5,16
    1912:	c709                	beqz	a4,191c <_vfiprintf_r+0xd0>
    1914:	02000713          	li	a4,32
    1918:	04e109a3          	sb	a4,83(sp)
    191c:	0087f713          	andi	a4,a5,8
    1920:	c709                	beqz	a4,192a <_vfiprintf_r+0xde>
    1922:	02b00713          	li	a4,43
    1926:	04e109a3          	sb	a4,83(sp)
    192a:	00094683          	lbu	a3,0(s2)
    192e:	02a00713          	li	a4,42
    1932:	08e68063          	beq	a3,a4,19b2 <_vfiprintf_r+0x166>
    1936:	47f2                	lw	a5,28(sp)
    1938:	844a                	mv	s0,s2
    193a:	4681                	li	a3,0
    193c:	4625                	li	a2,9
    193e:	00044703          	lbu	a4,0(s0)
    1942:	00140593          	addi	a1,s0,1
    1946:	fd070713          	addi	a4,a4,-48 # ffffdfd0 <_eusrstack+0xdfff77d0>
    194a:	0ae67963          	bgeu	a2,a4,19fc <_vfiprintf_r+0x1b0>
    194e:	cab5                	beqz	a3,19c2 <_vfiprintf_r+0x176>
    1950:	ce3e                	sw	a5,28(sp)
    1952:	a885                	j	19c2 <_vfiprintf_r+0x176>
    1954:	00001797          	auipc	a5,0x1
    1958:	8a078793          	addi	a5,a5,-1888 # 21f4 <__sf_fake_stdout>
    195c:	00f49563          	bne	s1,a5,1966 <_vfiprintf_r+0x11a>
    1960:	0089a483          	lw	s1,8(s3)
    1964:	b705                	j	1884 <_vfiprintf_r+0x38>
    1966:	00001797          	auipc	a5,0x1
    196a:	84e78793          	addi	a5,a5,-1970 # 21b4 <__sf_fake_stderr>
    196e:	f0f49be3          	bne	s1,a5,1884 <_vfiprintf_r+0x38>
    1972:	00c9a483          	lw	s1,12(s3)
    1976:	b739                	j	1884 <_vfiprintf_r+0x38>
    1978:	85a6                	mv	a1,s1
    197a:	854e                	mv	a0,s3
    197c:	f0cff0ef          	jal	ra,1088 <__swsetup_r>
    1980:	d901                	beqz	a0,1890 <_vfiprintf_r+0x44>
    1982:	557d                	li	a0,-1
    1984:	40fa                	lw	ra,156(sp)
    1986:	446a                	lw	s0,152(sp)
    1988:	44da                	lw	s1,148(sp)
    198a:	494a                	lw	s2,144(sp)
    198c:	49ba                	lw	s3,140(sp)
    198e:	4a2a                	lw	s4,136(sp)
    1990:	4a9a                	lw	s5,132(sp)
    1992:	4b0a                	lw	s6,128(sp)
    1994:	5bf6                	lw	s7,124(sp)
    1996:	5c66                	lw	s8,120(sp)
    1998:	5cd6                	lw	s9,116(sp)
    199a:	610d                	addi	sp,sp,160
    199c:	8082                	ret
    199e:	0405                	addi	s0,s0,1
    19a0:	bf19                	j	18b6 <_vfiprintf_r+0x6a>
    19a2:	41550533          	sub	a0,a0,s5
    19a6:	00ac1533          	sll	a0,s8,a0
    19aa:	8fc9                	or	a5,a5,a0
    19ac:	c83e                	sw	a5,16(sp)
    19ae:	8922                	mv	s2,s0
    19b0:	b7a9                	j	18fa <_vfiprintf_r+0xae>
    19b2:	4732                	lw	a4,12(sp)
    19b4:	00470693          	addi	a3,a4,4
    19b8:	4318                	lw	a4,0(a4)
    19ba:	c636                	sw	a3,12(sp)
    19bc:	02074963          	bltz	a4,19ee <_vfiprintf_r+0x1a2>
    19c0:	ce3a                	sw	a4,28(sp)
    19c2:	00044703          	lbu	a4,0(s0)
    19c6:	02e00793          	li	a5,46
    19ca:	04f71f63          	bne	a4,a5,1a28 <_vfiprintf_r+0x1dc>
    19ce:	00144703          	lbu	a4,1(s0)
    19d2:	02a00793          	li	a5,42
    19d6:	02f71b63          	bne	a4,a5,1a0c <_vfiprintf_r+0x1c0>
    19da:	47b2                	lw	a5,12(sp)
    19dc:	0409                	addi	s0,s0,2
    19de:	00478713          	addi	a4,a5,4
    19e2:	439c                	lw	a5,0(a5)
    19e4:	c63a                	sw	a4,12(sp)
    19e6:	0207c163          	bltz	a5,1a08 <_vfiprintf_r+0x1bc>
    19ea:	ca3e                	sw	a5,20(sp)
    19ec:	a835                	j	1a28 <_vfiprintf_r+0x1dc>
    19ee:	40e00733          	neg	a4,a4
    19f2:	0027e793          	ori	a5,a5,2
    19f6:	ce3a                	sw	a4,28(sp)
    19f8:	c83e                	sw	a5,16(sp)
    19fa:	b7e1                	j	19c2 <_vfiprintf_r+0x176>
    19fc:	036787b3          	mul	a5,a5,s6
    1a00:	4685                	li	a3,1
    1a02:	842e                	mv	s0,a1
    1a04:	97ba                	add	a5,a5,a4
    1a06:	bf25                	j	193e <_vfiprintf_r+0xf2>
    1a08:	57fd                	li	a5,-1
    1a0a:	b7c5                	j	19ea <_vfiprintf_r+0x19e>
    1a0c:	0405                	addi	s0,s0,1
    1a0e:	ca02                	sw	zero,20(sp)
    1a10:	4681                	li	a3,0
    1a12:	4781                	li	a5,0
    1a14:	4625                	li	a2,9
    1a16:	00044703          	lbu	a4,0(s0)
    1a1a:	00140593          	addi	a1,s0,1
    1a1e:	fd070713          	addi	a4,a4,-48
    1a22:	06e67663          	bgeu	a2,a4,1a8e <_vfiprintf_r+0x242>
    1a26:	f2f1                	bnez	a3,19ea <_vfiprintf_r+0x19e>
    1a28:	00044583          	lbu	a1,0(s0)
    1a2c:	460d                	li	a2,3
    1a2e:	00000517          	auipc	a0,0x0
    1a32:	7ee50513          	addi	a0,a0,2030 # 221c <__sf_fake_stdout+0x28>
    1a36:	254d                	jal	20d8 <memchr>
    1a38:	cd11                	beqz	a0,1a54 <_vfiprintf_r+0x208>
    1a3a:	00000797          	auipc	a5,0x0
    1a3e:	7e278793          	addi	a5,a5,2018 # 221c <__sf_fake_stdout+0x28>
    1a42:	8d1d                	sub	a0,a0,a5
    1a44:	04000793          	li	a5,64
    1a48:	00a797b3          	sll	a5,a5,a0
    1a4c:	4542                	lw	a0,16(sp)
    1a4e:	0405                	addi	s0,s0,1
    1a50:	8d5d                	or	a0,a0,a5
    1a52:	c82a                	sw	a0,16(sp)
    1a54:	00044583          	lbu	a1,0(s0)
    1a58:	4619                	li	a2,6
    1a5a:	00000517          	auipc	a0,0x0
    1a5e:	7c650513          	addi	a0,a0,1990 # 2220 <__sf_fake_stdout+0x2c>
    1a62:	00140913          	addi	s2,s0,1
    1a66:	02b10423          	sb	a1,40(sp)
    1a6a:	25bd                	jal	20d8 <memchr>
    1a6c:	c13d                	beqz	a0,1ad2 <_vfiprintf_r+0x286>
    1a6e:	ffffe797          	auipc	a5,0xffffe
    1a72:	59278793          	addi	a5,a5,1426 # 0 <_sinit>
    1a76:	e795                	bnez	a5,1aa2 <_vfiprintf_r+0x256>
    1a78:	4742                	lw	a4,16(sp)
    1a7a:	47b2                	lw	a5,12(sp)
    1a7c:	10077713          	andi	a4,a4,256
    1a80:	cf09                	beqz	a4,1a9a <_vfiprintf_r+0x24e>
    1a82:	0791                	addi	a5,a5,4
    1a84:	c63e                	sw	a5,12(sp)
    1a86:	5792                	lw	a5,36(sp)
    1a88:	97d2                	add	a5,a5,s4
    1a8a:	d23e                	sw	a5,36(sp)
    1a8c:	b525                	j	18b4 <_vfiprintf_r+0x68>
    1a8e:	036787b3          	mul	a5,a5,s6
    1a92:	4685                	li	a3,1
    1a94:	842e                	mv	s0,a1
    1a96:	97ba                	add	a5,a5,a4
    1a98:	bfbd                	j	1a16 <_vfiprintf_r+0x1ca>
    1a9a:	079d                	addi	a5,a5,7
    1a9c:	9be1                	andi	a5,a5,-8
    1a9e:	07a1                	addi	a5,a5,8
    1aa0:	b7d5                	j	1a84 <_vfiprintf_r+0x238>
    1aa2:	0078                	addi	a4,sp,12
    1aa4:	00000697          	auipc	a3,0x0
    1aa8:	d6668693          	addi	a3,a3,-666 # 180a <__sfputs_r>
    1aac:	8626                	mv	a2,s1
    1aae:	080c                	addi	a1,sp,16
    1ab0:	854e                	mv	a0,s3
    1ab2:	00000097          	auipc	ra,0x0
    1ab6:	000000e7          	jalr	zero # 0 <_sinit>
    1aba:	57fd                	li	a5,-1
    1abc:	8a2a                	mv	s4,a0
    1abe:	fcf514e3          	bne	a0,a5,1a86 <_vfiprintf_r+0x23a>
    1ac2:	00c4d783          	lhu	a5,12(s1)
    1ac6:	0407f793          	andi	a5,a5,64
    1aca:	ea079ce3          	bnez	a5,1982 <_vfiprintf_r+0x136>
    1ace:	5512                	lw	a0,36(sp)
    1ad0:	bd55                	j	1984 <_vfiprintf_r+0x138>
    1ad2:	0078                	addi	a4,sp,12
    1ad4:	00000697          	auipc	a3,0x0
    1ad8:	d3668693          	addi	a3,a3,-714 # 180a <__sfputs_r>
    1adc:	8626                	mv	a2,s1
    1ade:	080c                	addi	a1,sp,16
    1ae0:	854e                	mv	a0,s3
    1ae2:	2a01                	jal	1bf2 <_printf_i>
    1ae4:	bfd9                	j	1aba <_vfiprintf_r+0x26e>

00001ae6 <_printf_common>:
_printf_common():
    1ae6:	7179                	addi	sp,sp,-48
    1ae8:	ca56                	sw	s5,20(sp)
    1aea:	499c                	lw	a5,16(a1)
    1aec:	8aba                	mv	s5,a4
    1aee:	4598                	lw	a4,8(a1)
    1af0:	d422                	sw	s0,40(sp)
    1af2:	d226                	sw	s1,36(sp)
    1af4:	ce4e                	sw	s3,28(sp)
    1af6:	cc52                	sw	s4,24(sp)
    1af8:	d606                	sw	ra,44(sp)
    1afa:	d04a                	sw	s2,32(sp)
    1afc:	c85a                	sw	s6,16(sp)
    1afe:	c65e                	sw	s7,12(sp)
    1b00:	89aa                	mv	s3,a0
    1b02:	842e                	mv	s0,a1
    1b04:	84b2                	mv	s1,a2
    1b06:	8a36                	mv	s4,a3
    1b08:	00e7d363          	bge	a5,a4,1b0e <_printf_common+0x28>
    1b0c:	87ba                	mv	a5,a4
    1b0e:	c09c                	sw	a5,0(s1)
    1b10:	04344703          	lbu	a4,67(s0)
    1b14:	c319                	beqz	a4,1b1a <_printf_common+0x34>
    1b16:	0785                	addi	a5,a5,1
    1b18:	c09c                	sw	a5,0(s1)
    1b1a:	401c                	lw	a5,0(s0)
    1b1c:	0207f793          	andi	a5,a5,32
    1b20:	c781                	beqz	a5,1b28 <_printf_common+0x42>
    1b22:	409c                	lw	a5,0(s1)
    1b24:	0789                	addi	a5,a5,2
    1b26:	c09c                	sw	a5,0(s1)
    1b28:	00042903          	lw	s2,0(s0)
    1b2c:	00697913          	andi	s2,s2,6
    1b30:	00091a63          	bnez	s2,1b44 <_printf_common+0x5e>
    1b34:	01940b13          	addi	s6,s0,25
    1b38:	5bfd                	li	s7,-1
    1b3a:	445c                	lw	a5,12(s0)
    1b3c:	4098                	lw	a4,0(s1)
    1b3e:	8f99                	sub	a5,a5,a4
    1b40:	04f94c63          	blt	s2,a5,1b98 <_printf_common+0xb2>
    1b44:	401c                	lw	a5,0(s0)
    1b46:	04344683          	lbu	a3,67(s0)
    1b4a:	0207f793          	andi	a5,a5,32
    1b4e:	00d036b3          	snez	a3,a3
    1b52:	eba5                	bnez	a5,1bc2 <_printf_common+0xdc>
    1b54:	04340613          	addi	a2,s0,67
    1b58:	85d2                	mv	a1,s4
    1b5a:	854e                	mv	a0,s3
    1b5c:	9a82                	jalr	s5
    1b5e:	57fd                	li	a5,-1
    1b60:	04f50363          	beq	a0,a5,1ba6 <_printf_common+0xc0>
    1b64:	401c                	lw	a5,0(s0)
    1b66:	4611                	li	a2,4
    1b68:	4098                	lw	a4,0(s1)
    1b6a:	8b99                	andi	a5,a5,6
    1b6c:	4454                	lw	a3,12(s0)
    1b6e:	4481                	li	s1,0
    1b70:	00c79763          	bne	a5,a2,1b7e <_printf_common+0x98>
    1b74:	40e684b3          	sub	s1,a3,a4
    1b78:	0004d363          	bgez	s1,1b7e <_printf_common+0x98>
    1b7c:	4481                	li	s1,0
    1b7e:	441c                	lw	a5,8(s0)
    1b80:	4818                	lw	a4,16(s0)
    1b82:	00f75463          	bge	a4,a5,1b8a <_printf_common+0xa4>
    1b86:	8f99                	sub	a5,a5,a4
    1b88:	94be                	add	s1,s1,a5
    1b8a:	4901                	li	s2,0
    1b8c:	0469                	addi	s0,s0,26
    1b8e:	5b7d                	li	s6,-1
    1b90:	05249863          	bne	s1,s2,1be0 <_printf_common+0xfa>
    1b94:	4501                	li	a0,0
    1b96:	a809                	j	1ba8 <_printf_common+0xc2>
    1b98:	4685                	li	a3,1
    1b9a:	865a                	mv	a2,s6
    1b9c:	85d2                	mv	a1,s4
    1b9e:	854e                	mv	a0,s3
    1ba0:	9a82                	jalr	s5
    1ba2:	01751e63          	bne	a0,s7,1bbe <_printf_common+0xd8>
    1ba6:	557d                	li	a0,-1
    1ba8:	50b2                	lw	ra,44(sp)
    1baa:	5422                	lw	s0,40(sp)
    1bac:	5492                	lw	s1,36(sp)
    1bae:	5902                	lw	s2,32(sp)
    1bb0:	49f2                	lw	s3,28(sp)
    1bb2:	4a62                	lw	s4,24(sp)
    1bb4:	4ad2                	lw	s5,20(sp)
    1bb6:	4b42                	lw	s6,16(sp)
    1bb8:	4bb2                	lw	s7,12(sp)
    1bba:	6145                	addi	sp,sp,48
    1bbc:	8082                	ret
    1bbe:	0905                	addi	s2,s2,1
    1bc0:	bfad                	j	1b3a <_printf_common+0x54>
    1bc2:	00d40733          	add	a4,s0,a3
    1bc6:	03000613          	li	a2,48
    1bca:	04c701a3          	sb	a2,67(a4)
    1bce:	04544703          	lbu	a4,69(s0)
    1bd2:	00168793          	addi	a5,a3,1
    1bd6:	97a2                	add	a5,a5,s0
    1bd8:	0689                	addi	a3,a3,2
    1bda:	04e781a3          	sb	a4,67(a5)
    1bde:	bf9d                	j	1b54 <_printf_common+0x6e>
    1be0:	4685                	li	a3,1
    1be2:	8622                	mv	a2,s0
    1be4:	85d2                	mv	a1,s4
    1be6:	854e                	mv	a0,s3
    1be8:	9a82                	jalr	s5
    1bea:	fb650ee3          	beq	a0,s6,1ba6 <_printf_common+0xc0>
    1bee:	0905                	addi	s2,s2,1
    1bf0:	b745                	j	1b90 <_printf_common+0xaa>

00001bf2 <_printf_i>:
_printf_i():
    1bf2:	7179                	addi	sp,sp,-48
    1bf4:	d422                	sw	s0,40(sp)
    1bf6:	d226                	sw	s1,36(sp)
    1bf8:	d04a                	sw	s2,32(sp)
    1bfa:	ce4e                	sw	s3,28(sp)
    1bfc:	d606                	sw	ra,44(sp)
    1bfe:	cc52                	sw	s4,24(sp)
    1c00:	ca56                	sw	s5,20(sp)
    1c02:	c85a                	sw	s6,16(sp)
    1c04:	89b6                	mv	s3,a3
    1c06:	0185c683          	lbu	a3,24(a1)
    1c0a:	06900793          	li	a5,105
    1c0e:	8932                	mv	s2,a2
    1c10:	84aa                	mv	s1,a0
    1c12:	842e                	mv	s0,a1
    1c14:	04358613          	addi	a2,a1,67
    1c18:	02f68d63          	beq	a3,a5,1c52 <_printf_i+0x60>
    1c1c:	06d7e263          	bltu	a5,a3,1c80 <_printf_i+0x8e>
    1c20:	05800793          	li	a5,88
    1c24:	18f68763          	beq	a3,a5,1db2 <_printf_i+0x1c0>
    1c28:	00d7ed63          	bltu	a5,a3,1c42 <_printf_i+0x50>
    1c2c:	22068063          	beqz	a3,1e4c <_printf_i+0x25a>
    1c30:	04300793          	li	a5,67
    1c34:	0af68e63          	beq	a3,a5,1cf0 <_printf_i+0xfe>
    1c38:	04240a93          	addi	s5,s0,66
    1c3c:	04d40123          	sb	a3,66(s0)
    1c40:	a0c9                	j	1d02 <_printf_i+0x110>
    1c42:	06300793          	li	a5,99
    1c46:	0af68563          	beq	a3,a5,1cf0 <_printf_i+0xfe>
    1c4a:	06400793          	li	a5,100
    1c4e:	fef695e3          	bne	a3,a5,1c38 <_printf_i+0x46>
    1c52:	401c                	lw	a5,0(s0)
    1c54:	4308                	lw	a0,0(a4)
    1c56:	0807f693          	andi	a3,a5,128
    1c5a:	00450593          	addi	a1,a0,4
    1c5e:	c6c5                	beqz	a3,1d06 <_printf_i+0x114>
    1c60:	411c                	lw	a5,0(a0)
    1c62:	c30c                	sw	a1,0(a4)
    1c64:	0007d863          	bgez	a5,1c74 <_printf_i+0x82>
    1c68:	02d00713          	li	a4,45
    1c6c:	40f007b3          	neg	a5,a5
    1c70:	04e401a3          	sb	a4,67(s0)
    1c74:	00000697          	auipc	a3,0x0
    1c78:	5b468693          	addi	a3,a3,1460 # 2228 <__sf_fake_stdout+0x34>
    1c7c:	4729                	li	a4,10
    1c7e:	a86d                	j	1d38 <_printf_i+0x146>
    1c80:	07000793          	li	a5,112
    1c84:	16f68363          	beq	a3,a5,1dea <_printf_i+0x1f8>
    1c88:	02d7e563          	bltu	a5,a3,1cb2 <_printf_i+0xc0>
    1c8c:	06e00793          	li	a5,110
    1c90:	18f68a63          	beq	a3,a5,1e24 <_printf_i+0x232>
    1c94:	06f00793          	li	a5,111
    1c98:	faf690e3          	bne	a3,a5,1c38 <_printf_i+0x46>
    1c9c:	400c                	lw	a1,0(s0)
    1c9e:	431c                	lw	a5,0(a4)
    1ca0:	0805f813          	andi	a6,a1,128
    1ca4:	00478513          	addi	a0,a5,4
    1ca8:	06080763          	beqz	a6,1d16 <_printf_i+0x124>
    1cac:	c308                	sw	a0,0(a4)
    1cae:	439c                	lw	a5,0(a5)
    1cb0:	a88d                	j	1d22 <_printf_i+0x130>
    1cb2:	07500793          	li	a5,117
    1cb6:	fef683e3          	beq	a3,a5,1c9c <_printf_i+0xaa>
    1cba:	07800793          	li	a5,120
    1cbe:	12f68a63          	beq	a3,a5,1df2 <_printf_i+0x200>
    1cc2:	07300793          	li	a5,115
    1cc6:	f6f699e3          	bne	a3,a5,1c38 <_printf_i+0x46>
    1cca:	431c                	lw	a5,0(a4)
    1ccc:	41d0                	lw	a2,4(a1)
    1cce:	4581                	li	a1,0
    1cd0:	00478693          	addi	a3,a5,4
    1cd4:	c314                	sw	a3,0(a4)
    1cd6:	0007aa83          	lw	s5,0(a5)
    1cda:	8556                	mv	a0,s5
    1cdc:	2ef5                	jal	20d8 <memchr>
    1cde:	c501                	beqz	a0,1ce6 <_printf_i+0xf4>
    1ce0:	41550533          	sub	a0,a0,s5
    1ce4:	c048                	sw	a0,4(s0)
    1ce6:	405c                	lw	a5,4(s0)
    1ce8:	c81c                	sw	a5,16(s0)
    1cea:	040401a3          	sb	zero,67(s0)
    1cee:	a871                	j	1d8a <_printf_i+0x198>
    1cf0:	431c                	lw	a5,0(a4)
    1cf2:	04240a93          	addi	s5,s0,66
    1cf6:	00478693          	addi	a3,a5,4
    1cfa:	439c                	lw	a5,0(a5)
    1cfc:	c314                	sw	a3,0(a4)
    1cfe:	04f40123          	sb	a5,66(s0)
    1d02:	4785                	li	a5,1
    1d04:	b7d5                	j	1ce8 <_printf_i+0xf6>
    1d06:	0407f693          	andi	a3,a5,64
    1d0a:	411c                	lw	a5,0(a0)
    1d0c:	c30c                	sw	a1,0(a4)
    1d0e:	dab9                	beqz	a3,1c64 <_printf_i+0x72>
    1d10:	07c2                	slli	a5,a5,0x10
    1d12:	87c1                	srai	a5,a5,0x10
    1d14:	bf81                	j	1c64 <_printf_i+0x72>
    1d16:	0405f593          	andi	a1,a1,64
    1d1a:	c308                	sw	a0,0(a4)
    1d1c:	d9c9                	beqz	a1,1cae <_printf_i+0xbc>
    1d1e:	0007d783          	lhu	a5,0(a5)
    1d22:	06f00713          	li	a4,111
    1d26:	0ee68763          	beq	a3,a4,1e14 <_printf_i+0x222>
    1d2a:	00000697          	auipc	a3,0x0
    1d2e:	4fe68693          	addi	a3,a3,1278 # 2228 <__sf_fake_stdout+0x34>
    1d32:	4729                	li	a4,10
    1d34:	040401a3          	sb	zero,67(s0)
    1d38:	404c                	lw	a1,4(s0)
    1d3a:	c40c                	sw	a1,8(s0)
    1d3c:	0005c563          	bltz	a1,1d46 <_printf_i+0x154>
    1d40:	4008                	lw	a0,0(s0)
    1d42:	996d                	andi	a0,a0,-5
    1d44:	c008                	sw	a0,0(s0)
    1d46:	e399                	bnez	a5,1d4c <_printf_i+0x15a>
    1d48:	8ab2                	mv	s5,a2
    1d4a:	cd91                	beqz	a1,1d66 <_printf_i+0x174>
    1d4c:	8ab2                	mv	s5,a2
    1d4e:	02e7f5b3          	remu	a1,a5,a4
    1d52:	1afd                	addi	s5,s5,-1
    1d54:	95b6                	add	a1,a1,a3
    1d56:	0005c583          	lbu	a1,0(a1)
    1d5a:	00ba8023          	sb	a1,0(s5)
    1d5e:	02e7d5b3          	divu	a1,a5,a4
    1d62:	0ae7ff63          	bgeu	a5,a4,1e20 <_printf_i+0x22e>
    1d66:	47a1                	li	a5,8
    1d68:	00f71e63          	bne	a4,a5,1d84 <_printf_i+0x192>
    1d6c:	401c                	lw	a5,0(s0)
    1d6e:	8b85                	andi	a5,a5,1
    1d70:	cb91                	beqz	a5,1d84 <_printf_i+0x192>
    1d72:	4058                	lw	a4,4(s0)
    1d74:	481c                	lw	a5,16(s0)
    1d76:	00e7c763          	blt	a5,a4,1d84 <_printf_i+0x192>
    1d7a:	03000793          	li	a5,48
    1d7e:	fefa8fa3          	sb	a5,-1(s5)
    1d82:	1afd                	addi	s5,s5,-1
    1d84:	41560633          	sub	a2,a2,s5
    1d88:	c810                	sw	a2,16(s0)
    1d8a:	874e                	mv	a4,s3
    1d8c:	86ca                	mv	a3,s2
    1d8e:	0070                	addi	a2,sp,12
    1d90:	85a2                	mv	a1,s0
    1d92:	8526                	mv	a0,s1
    1d94:	3b89                	jal	1ae6 <_printf_common>
    1d96:	5a7d                	li	s4,-1
    1d98:	0b451e63          	bne	a0,s4,1e54 <_printf_i+0x262>
    1d9c:	557d                	li	a0,-1
    1d9e:	50b2                	lw	ra,44(sp)
    1da0:	5422                	lw	s0,40(sp)
    1da2:	5492                	lw	s1,36(sp)
    1da4:	5902                	lw	s2,32(sp)
    1da6:	49f2                	lw	s3,28(sp)
    1da8:	4a62                	lw	s4,24(sp)
    1daa:	4ad2                	lw	s5,20(sp)
    1dac:	4b42                	lw	s6,16(sp)
    1dae:	6145                	addi	sp,sp,48
    1db0:	8082                	ret
    1db2:	04d582a3          	sb	a3,69(a1)
    1db6:	00000697          	auipc	a3,0x0
    1dba:	47268693          	addi	a3,a3,1138 # 2228 <__sf_fake_stdout+0x34>
    1dbe:	400c                	lw	a1,0(s0)
    1dc0:	4308                	lw	a0,0(a4)
    1dc2:	0805f813          	andi	a6,a1,128
    1dc6:	411c                	lw	a5,0(a0)
    1dc8:	0511                	addi	a0,a0,4
    1dca:	02080d63          	beqz	a6,1e04 <_printf_i+0x212>
    1dce:	c308                	sw	a0,0(a4)
    1dd0:	0015f713          	andi	a4,a1,1
    1dd4:	c701                	beqz	a4,1ddc <_printf_i+0x1ea>
    1dd6:	0205e593          	ori	a1,a1,32
    1dda:	c00c                	sw	a1,0(s0)
    1ddc:	4741                	li	a4,16
    1dde:	fbb9                	bnez	a5,1d34 <_printf_i+0x142>
    1de0:	400c                	lw	a1,0(s0)
    1de2:	fdf5f593          	andi	a1,a1,-33
    1de6:	c00c                	sw	a1,0(s0)
    1de8:	b7b1                	j	1d34 <_printf_i+0x142>
    1dea:	419c                	lw	a5,0(a1)
    1dec:	0207e793          	ori	a5,a5,32
    1df0:	c19c                	sw	a5,0(a1)
    1df2:	07800793          	li	a5,120
    1df6:	04f402a3          	sb	a5,69(s0)
    1dfa:	00000697          	auipc	a3,0x0
    1dfe:	44268693          	addi	a3,a3,1090 # 223c <__sf_fake_stdout+0x48>
    1e02:	bf75                	j	1dbe <_printf_i+0x1cc>
    1e04:	0405f813          	andi	a6,a1,64
    1e08:	c308                	sw	a0,0(a4)
    1e0a:	fc0803e3          	beqz	a6,1dd0 <_printf_i+0x1de>
    1e0e:	07c2                	slli	a5,a5,0x10
    1e10:	83c1                	srli	a5,a5,0x10
    1e12:	bf7d                	j	1dd0 <_printf_i+0x1de>
    1e14:	00000697          	auipc	a3,0x0
    1e18:	41468693          	addi	a3,a3,1044 # 2228 <__sf_fake_stdout+0x34>
    1e1c:	4721                	li	a4,8
    1e1e:	bf19                	j	1d34 <_printf_i+0x142>
    1e20:	87ae                	mv	a5,a1
    1e22:	b735                	j	1d4e <_printf_i+0x15c>
    1e24:	4194                	lw	a3,0(a1)
    1e26:	431c                	lw	a5,0(a4)
    1e28:	49cc                	lw	a1,20(a1)
    1e2a:	0806f813          	andi	a6,a3,128
    1e2e:	00478513          	addi	a0,a5,4
    1e32:	00080663          	beqz	a6,1e3e <_printf_i+0x24c>
    1e36:	c308                	sw	a0,0(a4)
    1e38:	439c                	lw	a5,0(a5)
    1e3a:	c38c                	sw	a1,0(a5)
    1e3c:	a801                	j	1e4c <_printf_i+0x25a>
    1e3e:	c308                	sw	a0,0(a4)
    1e40:	0406f693          	andi	a3,a3,64
    1e44:	439c                	lw	a5,0(a5)
    1e46:	daf5                	beqz	a3,1e3a <_printf_i+0x248>
    1e48:	00b79023          	sh	a1,0(a5)
    1e4c:	00042823          	sw	zero,16(s0)
    1e50:	8ab2                	mv	s5,a2
    1e52:	bf25                	j	1d8a <_printf_i+0x198>
    1e54:	4814                	lw	a3,16(s0)
    1e56:	8656                	mv	a2,s5
    1e58:	85ca                	mv	a1,s2
    1e5a:	8526                	mv	a0,s1
    1e5c:	9982                	jalr	s3
    1e5e:	f3450fe3          	beq	a0,s4,1d9c <_printf_i+0x1aa>
    1e62:	401c                	lw	a5,0(s0)
    1e64:	8b89                	andi	a5,a5,2
    1e66:	e78d                	bnez	a5,1e90 <_printf_i+0x29e>
    1e68:	47b2                	lw	a5,12(sp)
    1e6a:	4448                	lw	a0,12(s0)
    1e6c:	f2f559e3          	bge	a0,a5,1d9e <_printf_i+0x1ac>
    1e70:	853e                	mv	a0,a5
    1e72:	b735                	j	1d9e <_printf_i+0x1ac>
    1e74:	4685                	li	a3,1
    1e76:	8656                	mv	a2,s5
    1e78:	85ca                	mv	a1,s2
    1e7a:	8526                	mv	a0,s1
    1e7c:	9982                	jalr	s3
    1e7e:	f1650fe3          	beq	a0,s6,1d9c <_printf_i+0x1aa>
    1e82:	0a05                	addi	s4,s4,1
    1e84:	445c                	lw	a5,12(s0)
    1e86:	4732                	lw	a4,12(sp)
    1e88:	8f99                	sub	a5,a5,a4
    1e8a:	fefa45e3          	blt	s4,a5,1e74 <_printf_i+0x282>
    1e8e:	bfe9                	j	1e68 <_printf_i+0x276>
    1e90:	4a01                	li	s4,0
    1e92:	01940a93          	addi	s5,s0,25
    1e96:	5b7d                	li	s6,-1
    1e98:	b7f5                	j	1e84 <_printf_i+0x292>

00001e9a <_putc_r>:
_putc_r():
    1e9a:	1101                	addi	sp,sp,-32
    1e9c:	cc22                	sw	s0,24(sp)
    1e9e:	ce06                	sw	ra,28(sp)
    1ea0:	842a                	mv	s0,a0
    1ea2:	c909                	beqz	a0,1eb4 <_putc_r+0x1a>
    1ea4:	4d1c                	lw	a5,24(a0)
    1ea6:	e799                	bnez	a5,1eb4 <_putc_r+0x1a>
    1ea8:	c632                	sw	a2,12(sp)
    1eaa:	c42e                	sw	a1,8(sp)
    1eac:	d46ff0ef          	jal	ra,13f2 <__sinit>
    1eb0:	4632                	lw	a2,12(sp)
    1eb2:	45a2                	lw	a1,8(sp)
    1eb4:	00000797          	auipc	a5,0x0
    1eb8:	32078793          	addi	a5,a5,800 # 21d4 <__sf_fake_stdin>
    1ebc:	02f61663          	bne	a2,a5,1ee8 <_putc_r+0x4e>
    1ec0:	4050                	lw	a2,4(s0)
    1ec2:	461c                	lw	a5,8(a2)
    1ec4:	17fd                	addi	a5,a5,-1
    1ec6:	c61c                	sw	a5,8(a2)
    1ec8:	0407d063          	bgez	a5,1f08 <_putc_r+0x6e>
    1ecc:	4e18                	lw	a4,24(a2)
    1ece:	00e7c763          	blt	a5,a4,1edc <_putc_r+0x42>
    1ed2:	0ff5f793          	andi	a5,a1,255
    1ed6:	4729                	li	a4,10
    1ed8:	02e79863          	bne	a5,a4,1f08 <_putc_r+0x6e>
    1edc:	8522                	mv	a0,s0
    1ede:	4462                	lw	s0,24(sp)
    1ee0:	40f2                	lw	ra,28(sp)
    1ee2:	6105                	addi	sp,sp,32
    1ee4:	8e4ff06f          	j	fc8 <__swbuf_r>
    1ee8:	00000797          	auipc	a5,0x0
    1eec:	30c78793          	addi	a5,a5,780 # 21f4 <__sf_fake_stdout>
    1ef0:	00f61463          	bne	a2,a5,1ef8 <_putc_r+0x5e>
    1ef4:	4410                	lw	a2,8(s0)
    1ef6:	b7f1                	j	1ec2 <_putc_r+0x28>
    1ef8:	00000797          	auipc	a5,0x0
    1efc:	2bc78793          	addi	a5,a5,700 # 21b4 <__sf_fake_stderr>
    1f00:	fcf611e3          	bne	a2,a5,1ec2 <_putc_r+0x28>
    1f04:	4450                	lw	a2,12(s0)
    1f06:	bf75                	j	1ec2 <_putc_r+0x28>
    1f08:	421c                	lw	a5,0(a2)
    1f0a:	0ff5f513          	andi	a0,a1,255
    1f0e:	00178713          	addi	a4,a5,1
    1f12:	c218                	sw	a4,0(a2)
    1f14:	00b78023          	sb	a1,0(a5)
    1f18:	40f2                	lw	ra,28(sp)
    1f1a:	4462                	lw	s0,24(sp)
    1f1c:	6105                	addi	sp,sp,32
    1f1e:	8082                	ret

00001f20 <_sbrk_r>:
_sbrk_r():
    1f20:	1141                	addi	sp,sp,-16
    1f22:	c422                	sw	s0,8(sp)
    1f24:	842a                	mv	s0,a0
    1f26:	852e                	mv	a0,a1
    1f28:	9a01a623          	sw	zero,-1620(gp) # 20000a1c <errno>
    1f2c:	c606                	sw	ra,12(sp)
    1f2e:	e21fe0ef          	jal	ra,d4e <_sbrk>
    1f32:	57fd                	li	a5,-1
    1f34:	00f51763          	bne	a0,a5,1f42 <_sbrk_r+0x22>
    1f38:	9ac18793          	addi	a5,gp,-1620 # 20000a1c <errno>
    1f3c:	439c                	lw	a5,0(a5)
    1f3e:	c391                	beqz	a5,1f42 <_sbrk_r+0x22>
    1f40:	c01c                	sw	a5,0(s0)
    1f42:	40b2                	lw	ra,12(sp)
    1f44:	4422                	lw	s0,8(sp)
    1f46:	0141                	addi	sp,sp,16
    1f48:	8082                	ret

00001f4a <__sread>:
__sread():
    1f4a:	1141                	addi	sp,sp,-16
    1f4c:	c422                	sw	s0,8(sp)
    1f4e:	842e                	mv	s0,a1
    1f50:	00e59583          	lh	a1,14(a1)
    1f54:	c606                	sw	ra,12(sp)
    1f56:	2245                	jal	20f6 <_read_r>
    1f58:	00054963          	bltz	a0,1f6a <__sread+0x20>
    1f5c:	487c                	lw	a5,84(s0)
    1f5e:	97aa                	add	a5,a5,a0
    1f60:	c87c                	sw	a5,84(s0)
    1f62:	40b2                	lw	ra,12(sp)
    1f64:	4422                	lw	s0,8(sp)
    1f66:	0141                	addi	sp,sp,16
    1f68:	8082                	ret
    1f6a:	00c45783          	lhu	a5,12(s0)
    1f6e:	777d                	lui	a4,0xfffff
    1f70:	177d                	addi	a4,a4,-1
    1f72:	8ff9                	and	a5,a5,a4
    1f74:	00f41623          	sh	a5,12(s0)
    1f78:	b7ed                	j	1f62 <__sread+0x18>

00001f7a <__swrite>:
__swrite():
    1f7a:	00c5d783          	lhu	a5,12(a1)
    1f7e:	1101                	addi	sp,sp,-32
    1f80:	cc22                	sw	s0,24(sp)
    1f82:	ca26                	sw	s1,20(sp)
    1f84:	c84a                	sw	s2,16(sp)
    1f86:	c64e                	sw	s3,12(sp)
    1f88:	ce06                	sw	ra,28(sp)
    1f8a:	1007f793          	andi	a5,a5,256
    1f8e:	84aa                	mv	s1,a0
    1f90:	842e                	mv	s0,a1
    1f92:	8932                	mv	s2,a2
    1f94:	89b6                	mv	s3,a3
    1f96:	c791                	beqz	a5,1fa2 <__swrite+0x28>
    1f98:	00e59583          	lh	a1,14(a1)
    1f9c:	4689                	li	a3,2
    1f9e:	4601                	li	a2,0
    1fa0:	2231                	jal	20ac <_lseek_r>
    1fa2:	00c45783          	lhu	a5,12(s0)
    1fa6:	777d                	lui	a4,0xfffff
    1fa8:	177d                	addi	a4,a4,-1
    1faa:	8ff9                	and	a5,a5,a4
    1fac:	00f41623          	sh	a5,12(s0)
    1fb0:	00e41583          	lh	a1,14(s0)
    1fb4:	4462                	lw	s0,24(sp)
    1fb6:	40f2                	lw	ra,28(sp)
    1fb8:	86ce                	mv	a3,s3
    1fba:	864a                	mv	a2,s2
    1fbc:	49b2                	lw	s3,12(sp)
    1fbe:	4942                	lw	s2,16(sp)
    1fc0:	8526                	mv	a0,s1
    1fc2:	44d2                	lw	s1,20(sp)
    1fc4:	6105                	addi	sp,sp,32
    1fc6:	a83d                	j	2004 <_write_r>

00001fc8 <__sseek>:
__sseek():
    1fc8:	1141                	addi	sp,sp,-16
    1fca:	c422                	sw	s0,8(sp)
    1fcc:	842e                	mv	s0,a1
    1fce:	00e59583          	lh	a1,14(a1)
    1fd2:	c606                	sw	ra,12(sp)
    1fd4:	28e1                	jal	20ac <_lseek_r>
    1fd6:	57fd                	li	a5,-1
    1fd8:	00c45703          	lhu	a4,12(s0)
    1fdc:	00f51b63          	bne	a0,a5,1ff2 <__sseek+0x2a>
    1fe0:	77fd                	lui	a5,0xfffff
    1fe2:	17fd                	addi	a5,a5,-1
    1fe4:	8ff9                	and	a5,a5,a4
    1fe6:	00f41623          	sh	a5,12(s0)
    1fea:	40b2                	lw	ra,12(sp)
    1fec:	4422                	lw	s0,8(sp)
    1fee:	0141                	addi	sp,sp,16
    1ff0:	8082                	ret
    1ff2:	6785                	lui	a5,0x1
    1ff4:	8fd9                	or	a5,a5,a4
    1ff6:	00f41623          	sh	a5,12(s0)
    1ffa:	c868                	sw	a0,84(s0)
    1ffc:	b7fd                	j	1fea <__sseek+0x22>

00001ffe <__sclose>:
__sclose():
    1ffe:	00e59583          	lh	a1,14(a1)
    2002:	a805                	j	2032 <_close_r>

00002004 <_write_r>:
_write_r():
    2004:	1141                	addi	sp,sp,-16
    2006:	c422                	sw	s0,8(sp)
    2008:	842a                	mv	s0,a0
    200a:	852e                	mv	a0,a1
    200c:	85b2                	mv	a1,a2
    200e:	8636                	mv	a2,a3
    2010:	9a01a623          	sw	zero,-1620(gp) # 20000a1c <errno>
    2014:	c606                	sw	ra,12(sp)
    2016:	d11fe0ef          	jal	ra,d26 <_write>
    201a:	57fd                	li	a5,-1
    201c:	00f51763          	bne	a0,a5,202a <_write_r+0x26>
    2020:	9ac18793          	addi	a5,gp,-1620 # 20000a1c <errno>
    2024:	439c                	lw	a5,0(a5)
    2026:	c391                	beqz	a5,202a <_write_r+0x26>
    2028:	c01c                	sw	a5,0(s0)
    202a:	40b2                	lw	ra,12(sp)
    202c:	4422                	lw	s0,8(sp)
    202e:	0141                	addi	sp,sp,16
    2030:	8082                	ret

00002032 <_close_r>:
_close_r():
    2032:	1141                	addi	sp,sp,-16
    2034:	c422                	sw	s0,8(sp)
    2036:	842a                	mv	s0,a0
    2038:	852e                	mv	a0,a1
    203a:	9a01a623          	sw	zero,-1620(gp) # 20000a1c <errno>
    203e:	c606                	sw	ra,12(sp)
    2040:	20cd                	jal	2122 <_close>
    2042:	57fd                	li	a5,-1
    2044:	00f51763          	bne	a0,a5,2052 <_close_r+0x20>
    2048:	9ac18793          	addi	a5,gp,-1620 # 20000a1c <errno>
    204c:	439c                	lw	a5,0(a5)
    204e:	c391                	beqz	a5,2052 <_close_r+0x20>
    2050:	c01c                	sw	a5,0(s0)
    2052:	40b2                	lw	ra,12(sp)
    2054:	4422                	lw	s0,8(sp)
    2056:	0141                	addi	sp,sp,16
    2058:	8082                	ret

0000205a <_fstat_r>:
_fstat_r():
    205a:	1141                	addi	sp,sp,-16
    205c:	c422                	sw	s0,8(sp)
    205e:	842a                	mv	s0,a0
    2060:	852e                	mv	a0,a1
    2062:	85b2                	mv	a1,a2
    2064:	9a01a623          	sw	zero,-1620(gp) # 20000a1c <errno>
    2068:	c606                	sw	ra,12(sp)
    206a:	20d1                	jal	212e <_fstat>
    206c:	57fd                	li	a5,-1
    206e:	00f51763          	bne	a0,a5,207c <_fstat_r+0x22>
    2072:	9ac18793          	addi	a5,gp,-1620 # 20000a1c <errno>
    2076:	439c                	lw	a5,0(a5)
    2078:	c391                	beqz	a5,207c <_fstat_r+0x22>
    207a:	c01c                	sw	a5,0(s0)
    207c:	40b2                	lw	ra,12(sp)
    207e:	4422                	lw	s0,8(sp)
    2080:	0141                	addi	sp,sp,16
    2082:	8082                	ret

00002084 <_isatty_r>:
_isatty_r():
    2084:	1141                	addi	sp,sp,-16
    2086:	c422                	sw	s0,8(sp)
    2088:	842a                	mv	s0,a0
    208a:	852e                	mv	a0,a1
    208c:	9a01a623          	sw	zero,-1620(gp) # 20000a1c <errno>
    2090:	c606                	sw	ra,12(sp)
    2092:	2065                	jal	213a <_isatty>
    2094:	57fd                	li	a5,-1
    2096:	00f51763          	bne	a0,a5,20a4 <_isatty_r+0x20>
    209a:	9ac18793          	addi	a5,gp,-1620 # 20000a1c <errno>
    209e:	439c                	lw	a5,0(a5)
    20a0:	c391                	beqz	a5,20a4 <_isatty_r+0x20>
    20a2:	c01c                	sw	a5,0(s0)
    20a4:	40b2                	lw	ra,12(sp)
    20a6:	4422                	lw	s0,8(sp)
    20a8:	0141                	addi	sp,sp,16
    20aa:	8082                	ret

000020ac <_lseek_r>:
_lseek_r():
    20ac:	1141                	addi	sp,sp,-16
    20ae:	c422                	sw	s0,8(sp)
    20b0:	842a                	mv	s0,a0
    20b2:	852e                	mv	a0,a1
    20b4:	85b2                	mv	a1,a2
    20b6:	8636                	mv	a2,a3
    20b8:	9a01a623          	sw	zero,-1620(gp) # 20000a1c <errno>
    20bc:	c606                	sw	ra,12(sp)
    20be:	2061                	jal	2146 <_lseek>
    20c0:	57fd                	li	a5,-1
    20c2:	00f51763          	bne	a0,a5,20d0 <_lseek_r+0x24>
    20c6:	9ac18793          	addi	a5,gp,-1620 # 20000a1c <errno>
    20ca:	439c                	lw	a5,0(a5)
    20cc:	c391                	beqz	a5,20d0 <_lseek_r+0x24>
    20ce:	c01c                	sw	a5,0(s0)
    20d0:	40b2                	lw	ra,12(sp)
    20d2:	4422                	lw	s0,8(sp)
    20d4:	0141                	addi	sp,sp,16
    20d6:	8082                	ret

000020d8 <memchr>:
memchr():
    20d8:	0ff5f593          	andi	a1,a1,255
    20dc:	962a                	add	a2,a2,a0
    20de:	00c51463          	bne	a0,a2,20e6 <memchr+0xe>
    20e2:	4501                	li	a0,0
    20e4:	8082                	ret
    20e6:	00054783          	lbu	a5,0(a0)
    20ea:	feb78de3          	beq	a5,a1,20e4 <memchr+0xc>
    20ee:	0505                	addi	a0,a0,1
    20f0:	b7fd                	j	20de <memchr+0x6>

000020f2 <__malloc_lock>:
__malloc_lock():
    20f2:	8082                	ret

000020f4 <__malloc_unlock>:
__malloc_unlock():
    20f4:	8082                	ret

000020f6 <_read_r>:
_read_r():
    20f6:	1141                	addi	sp,sp,-16
    20f8:	c422                	sw	s0,8(sp)
    20fa:	842a                	mv	s0,a0
    20fc:	852e                	mv	a0,a1
    20fe:	85b2                	mv	a1,a2
    2100:	8636                	mv	a2,a3
    2102:	9a01a623          	sw	zero,-1620(gp) # 20000a1c <errno>
    2106:	c606                	sw	ra,12(sp)
    2108:	20a9                	jal	2152 <_read>
    210a:	57fd                	li	a5,-1
    210c:	00f51763          	bne	a0,a5,211a <_read_r+0x24>
    2110:	9ac18793          	addi	a5,gp,-1620 # 20000a1c <errno>
    2114:	439c                	lw	a5,0(a5)
    2116:	c391                	beqz	a5,211a <_read_r+0x24>
    2118:	c01c                	sw	a5,0(s0)
    211a:	40b2                	lw	ra,12(sp)
    211c:	4422                	lw	s0,8(sp)
    211e:	0141                	addi	sp,sp,16
    2120:	8082                	ret

00002122 <_close>:
_close():
    2122:	05800793          	li	a5,88
    2126:	9af1a623          	sw	a5,-1620(gp) # 20000a1c <errno>
    212a:	557d                	li	a0,-1
    212c:	8082                	ret

0000212e <_fstat>:
_fstat():
    212e:	05800793          	li	a5,88
    2132:	9af1a623          	sw	a5,-1620(gp) # 20000a1c <errno>
    2136:	557d                	li	a0,-1
    2138:	8082                	ret

0000213a <_isatty>:
_isatty():
    213a:	05800793          	li	a5,88
    213e:	9af1a623          	sw	a5,-1620(gp) # 20000a1c <errno>
    2142:	4501                	li	a0,0
    2144:	8082                	ret

00002146 <_lseek>:
_lseek():
    2146:	05800793          	li	a5,88
    214a:	9af1a623          	sw	a5,-1620(gp) # 20000a1c <errno>
    214e:	557d                	li	a0,-1
    2150:	8082                	ret

00002152 <_read>:
_read():
    2152:	05800793          	li	a5,88
    2156:	9af1a623          	sw	a5,-1620(gp) # 20000a1c <errno>
    215a:	557d                	li	a0,-1
    215c:	8082                	ret
    215e:	0000                	unimp
    2160:	72617453          	0x72617453
    2164:	2074                	fld	fa3,192(s0)
    2166:	4340                	lw	s0,4(a4)
    2168:	6968                	flw	fa0,84(a0)
    216a:	4970                	lw	a2,84(a0)
    216c:	3d44                	fld	fs1,184(a0)
    216e:	3025                	jal	1996 <_vfiprintf_r+0x14a>
    2170:	5832                	lw	a6,44(sp)
    2172:	000a                	c.slli	zero,0x2
    2174:	3025                	jal	199c <_vfiprintf_r+0x150>
    2176:	6c38                	flw	fa4,88(s0)
    2178:	2064                	fld	fs1,192(s0)
    217a:	0000                	unimp
    217c:	253d                	jal	27aa <_data_lma+0x556>
    217e:	646c                	flw	fa1,76(s0)
    2180:	0a20                	addi	s0,sp,280
    2182:	0000                	unimp
    2184:	4d44                	lw	s1,28(a0)
    2186:	2041                	jal	2206 <__sf_fake_stdout+0x12>
    2188:	6e65                	lui	t3,0x19
    218a:	0064                	addi	s1,sp,12
    218c:	e9ae                	fsw	fa1,208(sp)
    218e:	ffff                	0xffff
    2190:	e9d6                	fsw	fs5,208(sp)
    2192:	ffff                	0xffff
    2194:	e9fe                	fsw	ft11,208(sp)
    2196:	ffff                	0xffff
    2198:	ea16                	fsw	ft5,20(sp)
    219a:	ffff                	0xffff
    219c:	ea30                	fsw	fa2,80(a2)
    219e:	ffff                	0xffff
    21a0:	ea40                	fsw	fs0,20(a2)
    21a2:	ffff                	0xffff
    21a4:	ea68                	fsw	fa0,84(a2)
    21a6:	ffff                	0xffff
    21a8:	ea90                	fsw	fa2,16(a3)
    21aa:	ffff                	0xffff
    21ac:	eaa8                	fsw	fa0,80(a3)
    21ae:	ffff                	0xffff
    21b0:	eac2                	fsw	fa6,84(sp)
    21b2:	ffff                	0xffff

000021b4 <__sf_fake_stderr>:
	...

000021d4 <__sf_fake_stdin>:
	...

000021f4 <__sf_fake_stdout>:
	...
    2214:	2d23 2b30 0020 0000 6c68 004c 6665 4567     #-0+ ...hlL.efgE
    2224:	4746 0000 3130 3332 3534 3736 3938 4241     FG..0123456789AB
    2234:	4443 4645 0000 0000 3130 3332 3534 3736     CDEF....01234567
    2244:	3938 6261 6463 6665 0000 0000               89abcdef....

00002250 <_global_impure_ptr>:
    2250:	080c 2000                                   ... 
